folio,entidad,sexo,edad,tipo_localidad,habla_lengua_indigena,escolaridad_anios,integrantes_hogar,condicion_actividad,ingreso_mensual,afiliacion_salud
1,Zacatecas,Mujer,26,Urbana,No,9.0,2,Ocupada,3730.0,Sí
2,Jalisco,Hombre,46,Urbana,No,5.0,4,No económicamente activa,0.0,No
3,Sonora,Hombre,31,Urbana,No,11.0,3,Ocupada,8670.0,Sí
4,Sonora,Hombre,41,Urbana,No,9.0,4,No económicamente activa,0.0,Sí
5,Yucatán,Hombre,74,Urbana,Sí,11.0,4,Ocupada,7040.0,Sí
6,Chiapas,Mujer,40,Urbana,Sí,10.0,3,Ocupada,4840.0,Sí
7,Guerrero,Mujer,57,Urbana,No,13.0,4,Ocupada,7160.0,Sí
8,Veracruz de Ignacio de la Llave,Hombre,57,Rural,No,8.0,2,Ocupada,2340.0,Sí
9,Oaxaca,Mujer,82,Urbana,Sí,6.0,3,Ocupada,3730.0,Sí
10,Guanajuato,Mujer,45,Urbana,No,10.0,3,Ocupada,13020.0,Sí
11,Jalisco,Hombre,43,Urbana,No,10.0,2,Ocupada,10310.0,Sí
12,Colima,Mujer,28,Urbana,No,12.0,2,Ocupada,3830.0,Sí
13,Ciudad de México,Hombre,46,Urbana,No,9.0,3,No económicamente activa,0.0,Sí
14,Ciudad de México,Hombre,32,Urbana,No,15.0,2,Ocupada,12880.0,Sí
15,Yucatán,Hombre,64,Urbana,No,10.0,3,Ocupada,8290.0,No
16,Michoacán de Ocampo,Hombre,29,Urbana,No,14.0,4,No económicamente activa,0.0,Sí
17,Chiapas,Hombre,53,Urbana,No,13.0,6,No económicamente activa,0.0,No
18,México,Mujer,52,Urbana,No,9.0,4,Ocupada,6430.0,Sí
19,Guanajuato,Mujer,45,Urbana,No,9.0,3,Ocupada,9710.0,No
20,Coahuila de Zaragoza,Mujer,95,Urbana,No,8.0,5,No económicamente activa,0.0,Sí
21,Coahuila de Zaragoza,Mujer,33,Urbana,No,14.0,2,No económicamente activa,0.0,Sí
22,México,Hombre,47,Urbana,No,12.0,2,Ocupada,16630.0,Sí
23,México,Hombre,26,Urbana,No,17.0,1,Ocupada,8040.0,Sí
24,Tamaulipas,Mujer,21,Urbana,No,15.0,2,No económicamente activa,0.0,Sí
25,Chihuahua,Mujer,38,Urbana,No,12.0,5,Ocupada,5030.0,Sí
26,México,Mujer,57,Urbana,No,15.0,6,Ocupada,17100.0,Sí
27,Guanajuato,Mujer,47,Urbana,No,12.0,2,Ocupada,9480.0,Sí
28,México,Mujer,45,Urbana,No,14.0,2,Ocupada,13210.0,Sí
29,Veracruz de Ignacio de la Llave,Mujer,20,Urbana,No,9.0,6,Ocupada,17210.0,Sí
30,Veracruz de Ignacio de la Llave,Mujer,43,Rural,No,3.0,6,Ocupada,5950.0,No
31,Querétaro,Hombre,22,Urbana,No,15.0,7,Ocupada,24060.0,Sí
32,San Luis Potosí,Mujer,50,Rural,No,11.0,2,No económicamente activa,0.0,Sí
33,Guanajuato,Mujer,22,Urbana,No,7.0,3,Ocupada,4830.0,Sí
34,México,Hombre,17,Rural,No,6.0,3,Ocupada,3520.0,No
35,Sinaloa,Hombre,56,Urbana,No,9.0,4,Ocupada,9260.0,Sí
36,Quintana Roo,Hombre,92,Urbana,No,8.0,2,Ocupada,4370.0,Sí
37,México,Hombre,32,Urbana,Sí,8.0,3,Ocupada,10170.0,No
38,Tabasco,Mujer,87,Urbana,No,14.0,6,No económicamente activa,0.0,Sí
39,Tabasco,Hombre,19,Rural,No,10.0,2,No económicamente activa,0.0,Sí
40,Jalisco,Hombre,27,Urbana,No,13.0,3,Ocupada,12830.0,Sí
41,Morelos,Mujer,49,Urbana,No,11.0,2,Ocupada,9680.0,Sí
42,Guerrero,Mujer,38,Urbana,No,11.0,4,No económicamente activa,0.0,No
43,Sinaloa,Hombre,21,Urbana,No,9.0,3,Ocupada,13590.0,Sí
44,México,Hombre,61,Urbana,No,15.0,2,Ocupada,37390.0,Sí
45,México,Hombre,70,Rural,No,7.0,3,No económicamente activa,0.0,No
46,México,Mujer,43,Urbana,No,,4,Ocupada,27160.0,Sí
47,Guanajuato,Hombre,36,Rural,No,7.0,3,No económicamente activa,0.0,Sí
48,Yucatán,Hombre,87,Urbana,No,6.0,1,No económicamente activa,0.0,Sí
49,México,Mujer,19,Urbana,No,11.0,3,Desocupada,0.0,Sí
50,Yucatán,Hombre,33,Urbana,No,12.0,4,Ocupada,8340.0,Sí
51,Coahuila de Zaragoza,Mujer,27,Urbana,No,10.0,2,No económicamente activa,0.0,Sí
52,Tlaxcala,Mujer,40,Urbana,No,6.0,1,Ocupada,4900.0,Sí
53,Guerrero,Mujer,42,Urbana,No,7.0,4,No económicamente activa,0.0,Sí
54,Hidalgo,Mujer,57,Urbana,No,9.0,2,No económicamente activa,0.0,Sí
55,Puebla,Mujer,43,Urbana,No,11.0,3,No económicamente activa,0.0,Sí
56,Querétaro,Hombre,42,Urbana,No,6.0,5,Ocupada,4110.0,Sí
57,Yucatán,Hombre,43,Urbana,No,5.0,5,Ocupada,3000.0,No
58,Veracruz de Ignacio de la Llave,Hombre,51,Urbana,No,4.0,2,Desocupada,0.0,No
59,Veracruz de Ignacio de la Llave,Mujer,33,Urbana,No,5.0,4,Ocupada,7990.0,Sí
60,Nuevo León,Mujer,69,Urbana,No,16.0,3,No económicamente activa,,Sí
61,Jalisco,Hombre,57,Urbana,No,10.0,6,Ocupada,6620.0,Sí
62,Ciudad de México,Mujer,19,Urbana,No,15.0,5,Ocupada,,Sí
63,Jalisco,Mujer,24,Urbana,No,13.0,1,No económicamente activa,0.0,Sí
64,Guerrero,Hombre,62,Urbana,No,13.0,3,Ocupada,10320.0,Sí
65,Nayarit,Mujer,29,Urbana,No,9.0,3,Ocupada,10280.0,Sí
66,México,Mujer,42,Urbana,No,13.0,3,Ocupada,4790.0,Sí
67,Chihuahua,Mujer,35,Urbana,No,16.0,5,No económicamente activa,0.0,Sí
68,México,Mujer,52,Urbana,No,7.0,4,No económicamente activa,0.0,Sí
69,Sonora,Hombre,30,Urbana,No,15.0,5,Ocupada,15370.0,Sí
70,Nuevo León,Hombre,31,Urbana,No,14.0,4,Ocupada,16330.0,Sí
71,Chiapas,Hombre,22,Rural,Sí,11.0,5,Ocupada,,Sí
72,Chiapas,Hombre,36,Urbana,No,7.0,4,Ocupada,6230.0,Sí
73,Ciudad de México,Hombre,37,Urbana,No,17.0,5,Ocupada,4550.0,Sí
74,Sinaloa,Mujer,35,Urbana,No,12.0,5,Ocupada,5590.0,Sí
75,Zacatecas,Mujer,43,Rural,No,9.0,4,No económicamente activa,0.0,No
76,Jalisco,Hombre,55,Urbana,No,9.0,3,Ocupada,,Sí
77,Zacatecas,Mujer,56,Rural,No,6.0,5,No económicamente activa,0.0,Sí
78,Tabasco,Hombre,27,Urbana,No,14.0,5,No económicamente activa,0.0,Sí
79,Ciudad de México,Hombre,31,Urbana,No,14.0,3,Ocupada,8840.0,Sí
80,Querétaro,Hombre,22,Urbana,No,15.0,5,Ocupada,5300.0,Sí
81,Nayarit,Hombre,33,Urbana,No,10.0,4,Ocupada,7380.0,Sí
82,México,Mujer,43,Rural,No,15.0,5,No económicamente activa,0.0,No
83,Oaxaca,Mujer,37,Urbana,No,13.0,3,Ocupada,6810.0,Sí
84,Yucatán,Mujer,34,Urbana,No,7.0,5,Ocupada,6700.0,Sí
85,Ciudad de México,Mujer,21,Urbana,No,5.0,4,No económicamente activa,0.0,Sí
86,Veracruz de Ignacio de la Llave,Mujer,57,Rural,No,8.0,5,Ocupada,7660.0,Sí
87,Hidalgo,Mujer,54,Urbana,No,7.0,6,No económicamente activa,0.0,Sí
88,Quintana Roo,Mujer,22,Rural,No,11.0,6,No económicamente activa,0.0,Sí
89,Guanajuato,Mujer,26,Urbana,No,11.0,1,No económicamente activa,,Sí
90,Durango,Mujer,76,Urbana,No,12.0,7,No económicamente activa,0.0,Sí
91,Chiapas,Mujer,66,Urbana,No,9.0,2,Ocupada,5270.0,No
92,Oaxaca,Mujer,40,Urbana,No,10.0,4,Ocupada,4670.0,Sí
93,Jalisco,Mujer,95,Urbana,No,10.0,5,No económicamente activa,0.0,Sí
94,Michoacán de Ocampo,Mujer,27,Urbana,Sí,10.0,2,No económicamente activa,0.0,No
95,Zacatecas,Mujer,57,Rural,No,7.0,6,No económicamente activa,0.0,Sí
96,Guerrero,Mujer,48,Urbana,No,6.0,7,No económicamente activa,0.0,No
97,Sinaloa,Hombre,24,Rural,No,8.0,3,Ocupada,6530.0,Sí
98,México,Mujer,71,Rural,Sí,7.0,2,No económicamente activa,0.0,Sí
99,Chihuahua,Mujer,34,Urbana,No,13.0,3,No económicamente activa,0.0,Sí
100,Durango,Hombre,26,Rural,No,15.0,6,No económicamente activa,0.0,Sí
101,Chihuahua,Hombre,31,Rural,No,13.0,4,Ocupada,5060.0,Sí
102,Durango,Mujer,21,Urbana,No,12.0,1,Ocupada,5080.0,Sí
103,Tamaulipas,Mujer,25,Rural,No,13.0,3,No económicamente activa,0.0,Sí
104,Sinaloa,Hombre,51,Urbana,No,10.0,4,Ocupada,5410.0,Sí
105,México,Hombre,29,Urbana,Sí,11.0,4,No económicamente activa,0.0,No
106,Guanajuato,Mujer,71,Rural,No,10.0,1,No económicamente activa,0.0,Sí
107,Nuevo León,Mujer,38,Urbana,No,8.0,8,No económicamente activa,0.0,Sí
108,Nuevo León,Mujer,19,Urbana,No,12.0,2,Ocupada,7500.0,Sí
109,Nayarit,Mujer,33,Urbana,Sí,10.0,3,Ocupada,11130.0,Sí
110,Aguascalientes,Mujer,80,Urbana,No,8.0,3,No económicamente activa,,Sí
111,Guanajuato,Mujer,50,Urbana,No,6.0,3,Ocupada,6950.0,Sí
112,Michoacán de Ocampo,Mujer,17,Urbana,No,12.0,5,No económicamente activa,0.0,Sí
113,Puebla,Mujer,38,Urbana,No,6.0,1,Ocupada,5110.0,Sí
114,México,Mujer,22,Urbana,No,13.0,1,Ocupada,2770.0,Sí
115,Jalisco,Hombre,95,Urbana,No,7.0,4,No económicamente activa,0.0,Sí
116,Sinaloa,Hombre,26,Urbana,No,7.0,2,Ocupada,4650.0,Sí
117,Morelos,Mujer,37,Rural,No,5.0,6,No económicamente activa,0.0,Sí
118,México,Hombre,65,Urbana,No,10.0,5,No económicamente activa,,Sí
119,Oaxaca,Hombre,46,Rural,Sí,7.0,7,Ocupada,6550.0,Sí
120,Guanajuato,Hombre,43,Urbana,No,13.0,5,Ocupada,11910.0,Sí
121,México,Mujer,39,Urbana,No,7.0,4,Ocupada,6080.0,Sí
122,Chiapas,Hombre,52,Rural,Sí,6.0,3,Ocupada,3480.0,Sí
123,Durango,Hombre,45,Urbana,No,8.0,8,Ocupada,5220.0,Sí
124,Oaxaca,Mujer,31,Rural,No,13.0,4,No económicamente activa,0.0,Sí
125,Veracruz de Ignacio de la Llave,Mujer,55,Urbana,No,10.0,3,Ocupada,13530.0,Sí
126,Jalisco,Mujer,41,Urbana,No,14.0,1,Ocupada,12670.0,Sí
127,México,Hombre,23,Urbana,No,4.0,4,Ocupada,5280.0,Sí
128,México,Mujer,32,Urbana,No,10.0,1,No económicamente activa,0.0,Sí
129,Jalisco,Hombre,36,Urbana,No,13.0,4,No económicamente activa,0.0,Sí
130,Nuevo León,Hombre,20,Urbana,No,14.0,4,Ocupada,20550.0,Sí
131,México,Mujer,74,Urbana,No,8.0,5,No económicamente activa,0.0,Sí
132,Ciudad de México,Mujer,32,Urbana,No,18.0,4,Ocupada,7380.0,Sí
133,Chiapas,Mujer,24,Rural,No,2.0,6,No económicamente activa,,Sí
134,Jalisco,Mujer,40,Urbana,No,14.0,2,Desocupada,0.0,Sí
135,Guerrero,Mujer,31,Urbana,Sí,8.0,3,Ocupada,,Sí
136,México,Hombre,44,Urbana,No,16.0,5,Ocupada,12300.0,Sí
137,Coahuila de Zaragoza,Mujer,18,Urbana,No,8.0,5,Ocupada,6650.0,Sí
138,Zacatecas,Mujer,65,Urbana,No,10.0,5,Ocupada,8680.0,Sí
139,Hidalgo,Mujer,43,Urbana,No,5.0,5,No económicamente activa,0.0,Sí
140,Nuevo León,Mujer,67,Urbana,No,11.0,5,No económicamente activa,0.0,Sí
141,Jalisco,Mujer,35,Urbana,No,11.0,3,No económicamente activa,,Sí
142,Chiapas,Mujer,50,Urbana,Sí,7.0,3,No económicamente activa,0.0,Sí
143,Tabasco,Mujer,26,Urbana,No,9.0,6,Ocupada,4950.0,Sí
144,Jalisco,Hombre,20,Urbana,No,13.0,3,Ocupada,7490.0,Sí
145,Jalisco,Hombre,23,Urbana,No,6.0,2,No económicamente activa,,Sí
146,Baja California,Mujer,49,Urbana,No,3.0,3,No económicamente activa,0.0,Sí
147,México,Hombre,73,Urbana,No,9.0,3,No económicamente activa,0.0,Sí
148,Veracruz de Ignacio de la Llave,Mujer,34,Rural,No,6.0,2,Desocupada,0.0,Sí
149,Veracruz de Ignacio de la Llave,Hombre,33,Urbana,No,13.0,2,Ocupada,17050.0,No
150,Ciudad de México,Hombre,47,Urbana,No,13.0,4,No económicamente activa,0.0,Sí
151,Oaxaca,Hombre,53,Urbana,Sí,6.0,4,Ocupada,3900.0,Sí
152,Sinaloa,Mujer,76,Rural,No,9.0,5,No económicamente activa,0.0,Sí
153,México,Mujer,91,Urbana,No,4.0,4,No económicamente activa,0.0,Sí
154,Oaxaca,Mujer,65,Rural,Sí,1.0,7,Ocupada,2410.0,Sí
155,Chiapas,Mujer,95,Urbana,No,8.0,3,Ocupada,19420.0,Sí
156,Guerrero,Mujer,47,Urbana,No,9.0,4,Ocupada,8400.0,Sí
157,Oaxaca,Hombre,49,Rural,Sí,6.0,5,No económicamente activa,0.0,Sí
158,México,Hombre,57,Urbana,No,5.0,3,Ocupada,5080.0,Sí
159,Puebla,Mujer,69,Rural,No,4.0,5,No económicamente activa,0.0,Sí
160,Michoacán de Ocampo,Mujer,22,Rural,No,5.0,5,Ocupada,4360.0,Sí
161,Guerrero,Hombre,28,Urbana,No,16.0,3,Ocupada,24830.0,Sí
162,Nuevo León,Mujer,39,Urbana,No,8.0,2,Ocupada,26580.0,Sí
163,Ciudad de México,Hombre,26,Urbana,No,9.0,7,Ocupada,13050.0,Sí
164,Chiapas,Mujer,26,Rural,Sí,5.0,2,Ocupada,2930.0,Sí
165,Hidalgo,Mujer,53,Urbana,No,13.0,5,No económicamente activa,0.0,Sí
166,Veracruz de Ignacio de la Llave,Mujer,49,Urbana,No,8.0,3,No económicamente activa,0.0,No
167,México,Mujer,50,Urbana,No,9.0,4,No económicamente activa,0.0,No
168,Veracruz de Ignacio de la Llave,Hombre,39,Rural,No,10.0,4,No económicamente activa,0.0,Sí
169,Guanajuato,Hombre,95,Urbana,No,6.0,2,Ocupada,7260.0,Sí
170,Morelos,Hombre,28,Rural,No,9.0,4,No económicamente activa,0.0,No
171,Coahuila de Zaragoza,Hombre,41,Urbana,No,,3,Ocupada,10170.0,Sí
172,Quintana Roo,Hombre,47,Urbana,No,10.0,5,Ocupada,4570.0,Sí
173,Guanajuato,Mujer,31,Urbana,No,9.0,5,No económicamente activa,0.0,Sí
174,Baja California,Hombre,20,Urbana,No,16.0,3,Desocupada,0.0,Sí
175,Puebla,Hombre,33,Urbana,No,12.0,2,Ocupada,13800.0,No
176,Jalisco,Mujer,30,Urbana,No,9.0,5,Ocupada,3310.0,No
177,Coahuila de Zaragoza,Mujer,19,Urbana,No,16.0,3,No económicamente activa,0.0,Sí
178,Jalisco,Hombre,51,Urbana,No,10.0,2,Ocupada,6230.0,Sí
179,Michoacán de Ocampo,Mujer,42,Urbana,No,6.0,3,No económicamente activa,0.0,Sí
180,Ciudad de México,Hombre,55,Urbana,No,13.0,3,Ocupada,4140.0,Sí
181,San Luis Potosí,Hombre,42,Urbana,No,14.0,3,No económicamente activa,0.0,Sí
182,México,Hombre,59,Urbana,No,8.0,4,Ocupada,5310.0,Sí
183,México,Mujer,95,Urbana,No,11.0,2,No económicamente activa,0.0,Sí
184,México,Hombre,46,Urbana,No,11.0,5,Ocupada,11260.0,Sí
185,Querétaro,Mujer,71,Urbana,No,11.0,1,No económicamente activa,0.0,Sí
186,Chihuahua,Mujer,28,Urbana,No,13.0,3,No económicamente activa,0.0,Sí
187,Oaxaca,Mujer,36,Urbana,No,6.0,2,Ocupada,11270.0,Sí
188,Zacatecas,Mujer,18,Urbana,No,7.0,3,Ocupada,15160.0,Sí
189,Nuevo León,Mujer,40,Urbana,No,16.0,6,Ocupada,18190.0,Sí
190,Veracruz de Ignacio de la Llave,Mujer,33,Urbana,No,12.0,5,No económicamente activa,0.0,Sí
191,Guanajuato,Hombre,49,Urbana,No,11.0,3,Ocupada,18230.0,Sí
192,Chihuahua,Hombre,48,Urbana,No,8.0,2,Ocupada,6600.0,Sí
193,Chiapas,Hombre,25,Rural,Sí,11.0,5,Ocupada,1760.0,Sí
194,Nayarit,Hombre,23,Urbana,No,12.0,3,Ocupada,7950.0,Sí
195,Hidalgo,Mujer,48,Rural,No,11.0,8,Ocupada,7870.0,Sí
196,Guanajuato,Hombre,36,Rural,No,7.0,3,Ocupada,3280.0,Sí
197,Sonora,Mujer,36,Urbana,No,13.0,6,Ocupada,8900.0,Sí
198,Chihuahua,Hombre,73,Urbana,No,6.0,4,No económicamente activa,0.0,Sí
199,Ciudad de México,Mujer,47,Urbana,No,8.0,3,Ocupada,9740.0,Sí
200,Baja California,Hombre,37,Urbana,No,15.0,2,Ocupada,3630.0,Sí
201,Michoacán de Ocampo,Hombre,71,Urbana,No,11.0,3,No económicamente activa,0.0,Sí
202,Guerrero,Mujer,62,Rural,No,3.0,4,No económicamente activa,0.0,Sí
203,Puebla,Hombre,39,Urbana,No,14.0,4,Ocupada,13380.0,Sí
204,Baja California,Mujer,22,Urbana,No,14.0,4,Desocupada,0.0,Sí
205,Sinaloa,Mujer,27,Urbana,No,16.0,4,No económicamente activa,0.0,Sí
206,Zacatecas,Hombre,26,Rural,No,8.0,5,Ocupada,12740.0,Sí
207,Nayarit,Hombre,59,Rural,Sí,5.0,2,Ocupada,2000.0,Sí
208,México,Mujer,18,Urbana,No,11.0,3,Ocupada,7900.0,Sí
209,Tlaxcala,Mujer,20,Urbana,No,8.0,5,No económicamente activa,0.0,No
210,Chiapas,Mujer,28,Rural,No,10.0,7,No económicamente activa,0.0,Sí
211,Puebla,Mujer,23,Urbana,No,10.0,4,No económicamente activa,0.0,Sí
212,Veracruz de Ignacio de la Llave,Mujer,95,Rural,Sí,0.0,3,Ocupada,3510.0,Sí
213,Chihuahua,Mujer,38,Urbana,No,19.0,5,Ocupada,10070.0,Sí
214,San Luis Potosí,Mujer,19,Urbana,No,11.0,3,No económicamente activa,0.0,Sí
215,Jalisco,Mujer,65,Urbana,No,3.0,2,No económicamente activa,0.0,Sí
216,Ciudad de México,Mujer,53,Urbana,No,8.0,2,Ocupada,8000.0,Sí
217,Chiapas,Mujer,29,Rural,No,7.0,3,Ocupada,8680.0,Sí
218,Yucatán,Mujer,45,Urbana,No,13.0,3,Ocupada,3910.0,Sí
219,Sonora,Hombre,62,Urbana,No,13.0,2,Ocupada,4460.0,Sí
220,Puebla,Hombre,82,Urbana,No,9.0,3,Ocupada,2160.0,Sí
221,Nayarit,Hombre,65,Urbana,Sí,8.0,5,No económicamente activa,0.0,Sí
222,Guanajuato,Mujer,30,Urbana,No,17.0,2,No económicamente activa,0.0,Sí
223,México,Mujer,42,Urbana,No,13.0,1,No económicamente activa,0.0,Sí
224,Ciudad de México,Mujer,61,Urbana,No,9.0,4,No económicamente activa,0.0,Sí
225,Baja California Sur,Hombre,86,Urbana,No,9.0,1,Ocupada,6830.0,No
226,Puebla,Hombre,29,Urbana,No,7.0,2,Ocupada,2500.0,No
227,México,Hombre,52,Rural,No,7.0,7,Ocupada,8790.0,Sí
228,Veracruz de Ignacio de la Llave,Hombre,95,Rural,No,4.0,3,No económicamente activa,0.0,Sí
229,Ciudad de México,Mujer,41,Urbana,No,7.0,4,Ocupada,6090.0,Sí
230,México,Hombre,71,Urbana,No,11.0,5,Ocupada,27180.0,Sí
231,Oaxaca,Mujer,33,Rural,No,13.0,8,Ocupada,8160.0,Sí
232,Jalisco,Hombre,43,Rural,No,11.0,6,Ocupada,4890.0,No
233,Jalisco,Hombre,64,Urbana,No,11.0,2,No económicamente activa,0.0,Sí
234,Zacatecas,Mujer,28,Urbana,No,4.0,1,Ocupada,2790.0,No
235,Ciudad de México,Hombre,35,Urbana,No,15.0,2,Ocupada,14080.0,Sí
236,Guanajuato,Hombre,47,Rural,No,7.0,6,Ocupada,4900.0,Sí
237,Nuevo León,Hombre,42,Urbana,No,15.0,4,Ocupada,11460.0,Sí
238,Querétaro,Mujer,44,Rural,No,12.0,3,Ocupada,7210.0,Sí
239,Oaxaca,Hombre,17,Urbana,No,17.0,2,Ocupada,18300.0,Sí
240,México,Hombre,36,Urbana,No,10.0,3,Ocupada,,Sí
241,Ciudad de México,Hombre,85,Urbana,No,9.0,6,No económicamente activa,0.0,Sí
242,Aguascalientes,Mujer,39,Urbana,No,10.0,1,Ocupada,9770.0,No
243,Campeche,Mujer,29,Rural,No,7.0,5,No económicamente activa,,No
244,Veracruz de Ignacio de la Llave,Mujer,68,Urbana,No,5.0,4,No económicamente activa,,Sí
245,Baja California Sur,Hombre,31,Urbana,No,5.0,3,Ocupada,4370.0,Sí
246,Coahuila de Zaragoza,Mujer,71,Urbana,No,11.0,2,Ocupada,8080.0,Sí
247,Jalisco,Mujer,50,Urbana,No,13.0,4,Ocupada,5970.0,Sí
248,Guanajuato,Hombre,16,Rural,No,8.0,3,Ocupada,5350.0,Sí
249,Chiapas,Hombre,63,Rural,Sí,3.0,1,Ocupada,9680.0,Sí
250,Tamaulipas,Mujer,45,Urbana,No,12.0,2,No económicamente activa,0.0,Sí
251,México,Hombre,45,Urbana,No,7.0,3,Ocupada,7740.0,Sí
252,Veracruz de Ignacio de la Llave,Hombre,37,Rural,No,5.0,1,Ocupada,9190.0,Sí
253,Morelos,Hombre,30,Urbana,No,11.0,3,Ocupada,13260.0,Sí
254,México,Hombre,23,Urbana,No,10.0,3,Ocupada,5880.0,Sí
255,Quintana Roo,Hombre,95,Urbana,No,6.0,2,Ocupada,2450.0,Sí
256,Chihuahua,Mujer,55,Urbana,No,8.0,3,Ocupada,4500.0,Sí
257,Puebla,Hombre,95,Urbana,No,8.0,2,No económicamente activa,0.0,Sí
258,Michoacán de Ocampo,Mujer,26,Rural,Sí,3.0,2,Ocupada,4620.0,No
259,Coahuila de Zaragoza,Mujer,30,Rural,No,6.0,3,No económicamente activa,0.0,Sí
260,Nuevo León,Hombre,35,Urbana,No,,3,Ocupada,13650.0,Sí
261,México,Mujer,27,Urbana,No,13.0,2,No económicamente activa,0.0,Sí
262,Jalisco,Mujer,36,Urbana,No,15.0,4,Ocupada,7150.0,Sí
263,Tlaxcala,Mujer,32,Urbana,No,10.0,3,No económicamente activa,0.0,No
264,Nuevo León,Hombre,71,Urbana,No,11.0,4,No económicamente activa,0.0,Sí
265,México,Hombre,33,Urbana,No,10.0,8,Ocupada,6670.0,No
266,Veracruz de Ignacio de la Llave,Mujer,61,Rural,No,5.0,7,No económicamente activa,,Sí
267,Oaxaca,Hombre,41,Urbana,No,9.0,4,Ocupada,9330.0,Sí
268,Baja California,Mujer,21,Urbana,No,10.0,2,Ocupada,7550.0,Sí
269,Sinaloa,Mujer,23,Urbana,No,12.0,2,No económicamente activa,0.0,No
270,Puebla,Mujer,23,Rural,No,2.0,5,Ocupada,4000.0,No
271,Nuevo León,Mujer,70,Urbana,No,14.0,3,No económicamente activa,0.0,Sí
272,México,Mujer,49,Urbana,No,7.0,5,No económicamente activa,0.0,Sí
273,México,Mujer,52,Urbana,No,9.0,2,No económicamente activa,0.0,No
274,México,Hombre,29,Urbana,No,13.0,4,Ocupada,12250.0,Sí
275,Veracruz de Ignacio de la Llave,Mujer,21,Urbana,No,13.0,4,Ocupada,10540.0,Sí
276,Guerrero,Mujer,20,Urbana,No,10.0,2,Ocupada,14570.0,Sí
277,México,Mujer,31,Urbana,No,13.0,6,No económicamente activa,0.0,No
278,Baja California,Hombre,69,Urbana,No,12.0,2,Ocupada,5040.0,Sí
279,México,Hombre,39,Urbana,No,12.0,4,No económicamente activa,0.0,Sí
280,Ciudad de México,Hombre,77,Urbana,No,13.0,4,Ocupada,8550.0,No
281,Chihuahua,Mujer,60,Urbana,No,8.0,4,Ocupada,8200.0,Sí
282,Coahuila de Zaragoza,Mujer,57,Urbana,No,5.0,3,No económicamente activa,0.0,Sí
283,Morelos,Hombre,93,Urbana,No,7.0,4,No económicamente activa,0.0,No
284,Sonora,Hombre,36,Urbana,No,12.0,5,Ocupada,18850.0,Sí
285,Chiapas,Hombre,95,Rural,Sí,0.0,7,Ocupada,2530.0,Sí
286,Baja California Sur,Mujer,56,Urbana,No,10.0,5,Ocupada,12810.0,Sí
287,Aguascalientes,Hombre,95,Urbana,No,12.0,4,Ocupada,14210.0,Sí
288,Ciudad de México,Hombre,53,Urbana,No,9.0,6,Ocupada,13400.0,Sí
289,México,Hombre,33,Urbana,No,10.0,2,No económicamente activa,0.0,Sí
290,San Luis Potosí,Mujer,53,Urbana,No,9.0,4,No económicamente activa,0.0,Sí
291,Zacatecas,Mujer,95,Urbana,No,8.0,2,Ocupada,5320.0,Sí
292,México,Hombre,92,Urbana,No,6.0,2,No económicamente activa,0.0,Sí
293,Oaxaca,Mujer,22,Urbana,No,9.0,2,Ocupada,5620.0,Sí
294,Guanajuato,Hombre,25,Urbana,No,6.0,3,Ocupada,6910.0,Sí
295,Jalisco,Hombre,38,Rural,No,11.0,6,Ocupada,9660.0,Sí
296,Guanajuato,Hombre,58,Rural,No,6.0,4,Ocupada,15820.0,Sí
297,México,Mujer,48,Urbana,No,10.0,4,No económicamente activa,0.0,Sí
298,Querétaro,Hombre,45,Urbana,No,11.0,2,Ocupada,,Sí
299,Chihuahua,Mujer,26,Urbana,No,11.0,4,No económicamente activa,0.0,Sí
300,México,Mujer,26,Urbana,No,7.0,2,No económicamente activa,0.0,No
301,Ciudad de México,Mujer,37,Urbana,No,14.0,4,No económicamente activa,0.0,Sí
302,Puebla,Mujer,23,Rural,No,7.0,8,Ocupada,7570.0,Sí
303,Jalisco,Hombre,47,Rural,No,6.0,4,Ocupada,1550.0,Sí
304,Jalisco,Hombre,33,Urbana,No,12.0,4,Ocupada,8710.0,Sí
305,Michoacán de Ocampo,Hombre,29,Urbana,No,9.0,7,No económicamente activa,0.0,Sí
306,Michoacán de Ocampo,Mujer,51,Urbana,No,10.0,7,No económicamente activa,0.0,Sí
307,Jalisco,Hombre,74,Urbana,No,9.0,3,No económicamente activa,0.0,Sí
308,Sinaloa,Hombre,39,Urbana,No,13.0,3,Ocupada,6540.0,Sí
309,Michoacán de Ocampo,Hombre,24,Urbana,No,11.0,3,Ocupada,,Sí
310,Oaxaca,Mujer,65,Urbana,No,5.0,1,Ocupada,10550.0,Sí
311,Ciudad de México,Mujer,24,Urbana,No,11.0,3,No económicamente activa,0.0,Sí
312,Tabasco,Mujer,39,Urbana,No,15.0,4,No económicamente activa,0.0,Sí
313,Sinaloa,Hombre,51,Urbana,No,10.0,5,No económicamente activa,0.0,Sí
314,Chiapas,Hombre,61,Rural,Sí,2.0,4,Ocupada,3380.0,Sí
315,Veracruz de Ignacio de la Llave,Mujer,41,Rural,No,3.0,5,Ocupada,2920.0,Sí
316,Guanajuato,Mujer,31,Urbana,No,17.0,1,No económicamente activa,0.0,Sí
317,Ciudad de México,Hombre,44,Urbana,No,13.0,3,No económicamente activa,0.0,Sí
318,Durango,Hombre,47,Urbana,No,10.0,3,Ocupada,19230.0,Sí
319,Sonora,Hombre,17,Urbana,No,11.0,2,No económicamente activa,0.0,Sí
320,Puebla,Mujer,42,Urbana,No,7.0,2,No económicamente activa,0.0,Sí
321,Sinaloa,Mujer,38,Urbana,No,7.0,5,No económicamente activa,0.0,Sí
322,Nuevo León,Hombre,59,Urbana,No,5.0,2,Ocupada,6350.0,No
323,Nuevo León,Mujer,28,Urbana,No,10.0,3,Ocupada,21280.0,Sí
324,Oaxaca,Mujer,33,Urbana,No,7.0,5,Ocupada,11940.0,Sí
325,Querétaro,Mujer,33,Rural,No,,4,Ocupada,5170.0,Sí
326,Aguascalientes,Hombre,29,Urbana,No,9.0,3,Ocupada,7960.0,Sí
327,Veracruz de Ignacio de la Llave,Mujer,26,Rural,No,7.0,6,Ocupada,7330.0,Sí
328,Ciudad de México,Hombre,37,Urbana,No,8.0,2,No económicamente activa,0.0,Sí
329,Tamaulipas,Mujer,73,Urbana,No,8.0,3,No económicamente activa,0.0,Sí
330,Guanajuato,Hombre,25,Urbana,No,13.0,7,No económicamente activa,0.0,Sí
331,México,Hombre,32,Rural,No,7.0,1,Ocupada,5320.0,Sí
332,Guanajuato,Mujer,76,Urbana,No,8.0,3,No económicamente activa,0.0,Sí
333,Chihuahua,Mujer,59,Urbana,No,14.0,2,No económicamente activa,0.0,Sí
334,Zacatecas,Hombre,28,Urbana,No,10.0,3,Ocupada,14450.0,Sí
335,Ciudad de México,Hombre,95,Urbana,No,13.0,3,Ocupada,4920.0,Sí
336,Ciudad de México,Hombre,50,Urbana,No,10.0,3,Ocupada,16030.0,Sí
337,México,Hombre,39,Urbana,No,,8,Ocupada,14930.0,Sí
338,Guanajuato,Mujer,59,Rural,No,8.0,5,No económicamente activa,0.0,Sí
339,Guanajuato,Hombre,20,Urbana,No,10.0,3,Ocupada,5350.0,Sí
340,Durango,Hombre,51,Urbana,No,16.0,5,Ocupada,14420.0,Sí
341,Michoacán de Ocampo,Mujer,42,Urbana,No,9.0,1,Ocupada,10820.0,Sí
342,Ciudad de México,Mujer,18,Urbana,No,8.0,6,No económicamente activa,0.0,Sí
343,Jalisco,Mujer,36,Urbana,No,12.0,1,Ocupada,4810.0,Sí
344,Tlaxcala,Mujer,38,Urbana,No,11.0,5,No económicamente activa,0.0,Sí
345,México,Mujer,48,Urbana,No,12.0,5,Ocupada,4100.0,Sí
346,México,Mujer,95,Rural,Sí,3.0,2,No económicamente activa,0.0,Sí
347,Jalisco,Hombre,33,Urbana,No,13.0,3,Ocupada,6770.0,Sí
348,Veracruz de Ignacio de la Llave,Hombre,26,Rural,No,4.0,4,Ocupada,4680.0,Sí
349,Puebla,Hombre,20,Urbana,No,5.0,4,Ocupada,6770.0,Sí
350,México,Mujer,31,Urbana,No,5.0,4,No económicamente activa,0.0,No
351,Oaxaca,Mujer,50,Rural,Sí,7.0,3,No económicamente activa,0.0,Sí
352,Sonora,Hombre,66,Urbana,No,,3,Ocupada,12870.0,Sí
353,Quintana Roo,Mujer,43,Urbana,No,14.0,4,Ocupada,23040.0,Sí
354,Veracruz de Ignacio de la Llave,Mujer,44,Urbana,No,10.0,3,Ocupada,8380.0,No
355,Nuevo León,Mujer,93,Urbana,No,8.0,6,No económicamente activa,0.0,Sí
356,Sinaloa,Mujer,39,Rural,No,8.0,1,No económicamente activa,0.0,Sí
357,Durango,Hombre,45,Urbana,No,8.0,6,Ocupada,6170.0,Sí
358,Jalisco,Hombre,25,Urbana,No,15.0,2,Ocupada,19370.0,Sí
359,Sonora,Hombre,28,Urbana,No,10.0,3,No económicamente activa,0.0,Sí
360,Durango,Mujer,23,Urbana,No,11.0,5,Ocupada,8910.0,Sí
361,Jalisco,Hombre,39,Urbana,No,4.0,2,Ocupada,3550.0,Sí
362,Ciudad de México,Hombre,17,Urbana,No,10.0,2,No económicamente activa,0.0,Sí
363,Ciudad de México,Mujer,36,Urbana,No,11.0,5,Ocupada,6020.0,Sí
364,Chiapas,Hombre,50,Rural,No,3.0,5,Ocupada,2410.0,Sí
365,Zacatecas,Mujer,38,Urbana,No,8.0,5,No económicamente activa,0.0,Sí
366,Oaxaca,Mujer,30,Urbana,No,7.0,3,Ocupada,9340.0,Sí
367,Yucatán,Hombre,74,Urbana,No,10.0,5,Ocupada,8310.0,Sí
368,Guanajuato,Mujer,31,Rural,No,13.0,5,Ocupada,3500.0,Sí
369,México,Mujer,52,Urbana,No,10.0,3,Desocupada,0.0,Sí
370,Sinaloa,Mujer,86,Urbana,No,10.0,3,Ocupada,,Sí
371,Colima,Mujer,39,Urbana,No,8.0,5,No económicamente activa,0.0,Sí
372,San Luis Potosí,Mujer,24,Rural,No,12.0,3,Ocupada,6810.0,No
373,Nuevo León,Mujer,33,Urbana,No,8.0,4,Desocupada,0.0,No
374,México,Hombre,26,Urbana,No,10.0,3,Ocupada,8080.0,Sí
375,Ciudad de México,Hombre,20,Urbana,No,12.0,4,Ocupada,,Sí
376,Jalisco,Hombre,44,Rural,No,8.0,5,No económicamente activa,0.0,Sí
377,Quintana Roo,Mujer,38,Urbana,No,13.0,1,Ocupada,4240.0,Sí
378,Veracruz de Ignacio de la Llave,Mujer,27,Rural,No,8.0,4,No económicamente activa,0.0,Sí
379,Ciudad de México,Mujer,79,Urbana,No,14.0,3,No económicamente activa,0.0,Sí
380,Guanajuato,Mujer,43,Rural,No,10.0,7,Ocupada,8850.0,Sí
381,Tlaxcala,Mujer,45,Urbana,No,19.0,5,Ocupada,20100.0,Sí
382,Yucatán,Hombre,64,Urbana,No,8.0,4,Ocupada,5490.0,Sí
383,Tlaxcala,Hombre,57,Rural,No,6.0,4,Ocupada,4340.0,Sí
384,Veracruz de Ignacio de la Llave,Mujer,41,Urbana,No,14.0,2,Ocupada,9100.0,Sí
385,Durango,Hombre,32,Rural,No,9.0,5,Ocupada,,Sí
386,Ciudad de México,Mujer,70,Urbana,No,12.0,2,Ocupada,4400.0,Sí
387,Nuevo León,Hombre,16,Rural,No,11.0,2,No económicamente activa,0.0,Sí
388,Chiapas,Mujer,17,Urbana,No,8.0,6,No económicamente activa,0.0,Sí
389,Baja California,Hombre,36,Urbana,No,15.0,4,Ocupada,,Sí
390,Sonora,Mujer,25,Urbana,No,13.0,4,No económicamente activa,0.0,Sí
391,Coahuila de Zaragoza,Hombre,47,Urbana,No,15.0,6,Ocupada,8180.0,Sí
392,Jalisco,Hombre,23,Urbana,No,5.0,8,No económicamente activa,0.0,Sí
393,Tlaxcala,Hombre,27,Urbana,No,8.0,3,No económicamente activa,0.0,No
394,Tabasco,Hombre,20,Urbana,No,10.0,2,Ocupada,9510.0,Sí
395,San Luis Potosí,Hombre,26,Urbana,No,14.0,1,Ocupada,19380.0,Sí
396,Guanajuato,Hombre,55,Urbana,No,,4,Ocupada,7380.0,Sí
397,México,Mujer,53,Urbana,No,4.0,4,Ocupada,10510.0,No
398,Ciudad de México,Mujer,20,Urbana,No,14.0,2,Ocupada,37050.0,Sí
399,Oaxaca,Hombre,29,Urbana,No,8.0,3,Ocupada,5640.0,Sí
400,Nuevo León,Hombre,32,Urbana,No,10.0,8,Ocupada,7860.0,Sí
401,Jalisco,Hombre,52,Urbana,No,10.0,7,Ocupada,7560.0,No
402,Tabasco,Mujer,63,Urbana,No,8.0,7,Ocupada,8430.0,Sí
403,Puebla,Mujer,66,Urbana,No,9.0,6,No económicamente activa,0.0,Sí
404,Tlaxcala,Hombre,87,Urbana,No,9.0,3,Ocupada,13750.0,Sí
405,Nuevo León,Mujer,29,Urbana,No,13.0,4,Ocupada,22090.0,Sí
406,Nuevo León,Hombre,47,Urbana,No,11.0,4,Ocupada,7390.0,Sí
407,Coahuila de Zaragoza,Mujer,43,Urbana,No,14.0,3,Ocupada,5600.0,Sí
408,Nuevo León,Mujer,41,Urbana,No,12.0,5,No económicamente activa,0.0,Sí
409,Jalisco,Mujer,51,Urbana,No,14.0,4,Ocupada,20370.0,Sí
410,Chiapas,Mujer,73,Urbana,No,10.0,4,Desocupada,0.0,Sí
411,Chihuahua,Hombre,37,Urbana,No,12.0,2,Ocupada,20620.0,Sí
412,Nuevo León,Mujer,29,Urbana,No,,4,No económicamente activa,0.0,Sí
413,Guanajuato,Hombre,37,Rural,No,6.0,7,Ocupada,2280.0,Sí
414,Sinaloa,Hombre,26,Rural,No,8.0,4,Ocupada,2840.0,Sí
415,Guanajuato,Hombre,31,Urbana,No,7.0,1,Ocupada,5460.0,Sí
416,Guanajuato,Mujer,25,Urbana,No,10.0,5,No económicamente activa,0.0,Sí
417,Michoacán de Ocampo,Hombre,46,Urbana,No,9.0,5,Ocupada,8010.0,Sí
418,México,Hombre,40,Rural,No,6.0,2,Ocupada,5440.0,Sí
419,Puebla,Hombre,67,Urbana,No,8.0,2,Ocupada,5570.0,Sí
420,Tabasco,Mujer,59,Urbana,No,9.0,2,Ocupada,,Sí
421,Sinaloa,Mujer,33,Rural,No,13.0,7,No económicamente activa,0.0,Sí
422,Chihuahua,Mujer,71,Urbana,No,8.0,2,No económicamente activa,0.0,Sí
423,Puebla,Mujer,58,Urbana,Sí,9.0,9,Ocupada,8090.0,No
424,Oaxaca,Hombre,38,Rural,Sí,8.0,4,Ocupada,4000.0,Sí
425,Tamaulipas,Mujer,70,Urbana,No,3.0,2,Ocupada,,No
426,Jalisco,Mujer,40,Urbana,No,10.0,3,Ocupada,9440.0,No
427,Baja California,Mujer,48,Urbana,No,3.0,2,No económicamente activa,0.0,Sí
428,Jalisco,Hombre,39,Urbana,No,10.0,2,Ocupada,6440.0,Sí
429,Baja California,Mujer,41,Urbana,No,10.0,3,Ocupada,9770.0,Sí
430,Tamaulipas,Hombre,47,Urbana,No,7.0,2,Ocupada,11590.0,Sí
431,Sinaloa,Mujer,95,Urbana,No,14.0,6,No económicamente activa,0.0,Sí
432,Michoacán de Ocampo,Hombre,63,Urbana,No,12.0,2,Ocupada,,Sí
433,Puebla,Hombre,39,Urbana,No,10.0,3,Ocupada,5310.0,Sí
434,Zacatecas,Hombre,36,Urbana,No,14.0,3,Ocupada,14910.0,Sí
435,Colima,Mujer,25,Urbana,No,11.0,1,No económicamente activa,0.0,Sí
436,Tamaulipas,Hombre,23,Urbana,No,9.0,4,Ocupada,15250.0,Sí
437,Guerrero,Hombre,38,Urbana,No,10.0,5,No económicamente activa,0.0,Sí
438,Morelos,Hombre,95,Urbana,No,15.0,6,No económicamente activa,0.0,Sí
439,Tamaulipas,Mujer,26,Urbana,No,17.0,5,Ocupada,16620.0,Sí
440,Jalisco,Mujer,51,Urbana,No,7.0,4,Ocupada,6390.0,Sí
441,Yucatán,Mujer,42,Urbana,No,9.0,5,No económicamente activa,0.0,Sí
442,Nuevo León,Mujer,95,Urbana,No,9.0,5,Ocupada,8620.0,Sí
443,Baja California,Mujer,26,Urbana,No,10.0,3,Ocupada,5870.0,Sí
444,Michoacán de Ocampo,Hombre,41,Urbana,No,8.0,6,Ocupada,11490.0,No
445,Querétaro,Mujer,34,Urbana,No,17.0,5,Ocupada,,Sí
446,Hidalgo,Hombre,34,Urbana,No,7.0,2,Ocupada,9930.0,Sí
447,Jalisco,Mujer,82,Urbana,No,4.0,4,Ocupada,2760.0,Sí
448,Jalisco,Mujer,71,Rural,No,13.0,5,Ocupada,7930.0,Sí
449,México,Mujer,44,Urbana,No,,2,No económicamente activa,0.0,Sí
450,Quintana Roo,Mujer,45,Urbana,No,15.0,2,Ocupada,4070.0,Sí
451,Nuevo León,Hombre,45,Urbana,No,9.0,5,Ocupada,3500.0,Sí
452,Sinaloa,Hombre,39,Urbana,No,11.0,4,Ocupada,8540.0,Sí
453,Jalisco,Hombre,23,Rural,No,12.0,2,No económicamente activa,0.0,Sí
454,Guanajuato,Mujer,37,Rural,No,10.0,4,No económicamente activa,0.0,Sí
455,Yucatán,Hombre,19,Urbana,No,7.0,5,No económicamente activa,0.0,Sí
456,México,Mujer,33,Urbana,No,10.0,2,No económicamente activa,0.0,Sí
457,Veracruz de Ignacio de la Llave,Hombre,58,Rural,Sí,7.0,6,Ocupada,3810.0,Sí
458,Puebla,Mujer,16,Urbana,No,11.0,4,No económicamente activa,0.0,Sí
459,Jalisco,Hombre,36,Urbana,No,9.0,5,Ocupada,6560.0,Sí
460,Jalisco,Mujer,19,Urbana,No,5.0,5,No económicamente activa,0.0,Sí
461,Chihuahua,Mujer,26,Urbana,No,8.0,3,Ocupada,8160.0,Sí
462,Chiapas,Mujer,26,Rural,Sí,9.0,2,No económicamente activa,0.0,No
463,Quintana Roo,Mujer,25,Urbana,No,12.0,6,No económicamente activa,0.0,Sí
464,Veracruz de Ignacio de la Llave,Hombre,54,Rural,No,4.0,2,Ocupada,5240.0,Sí
465,Ciudad de México,Mujer,28,Urbana,No,10.0,2,No económicamente activa,0.0,Sí
466,Colima,Mujer,32,Urbana,No,11.0,2,Ocupada,20400.0,Sí
467,Ciudad de México,Hombre,19,Urbana,No,9.0,4,No económicamente activa,0.0,Sí
468,Guanajuato,Hombre,23,Urbana,No,10.0,6,No económicamente activa,0.0,Sí
469,Veracruz de Ignacio de la Llave,Hombre,55,Urbana,No,12.0,3,Ocupada,8770.0,Sí
470,México,Hombre,36,Urbana,No,7.0,3,Ocupada,2430.0,No
471,Jalisco,Mujer,40,Urbana,No,10.0,5,Ocupada,8030.0,No
472,Puebla,Hombre,68,Urbana,No,9.0,1,No económicamente activa,0.0,Sí
473,Guanajuato,Mujer,32,Rural,No,9.0,2,Ocupada,10170.0,Sí
474,Nuevo León,Mujer,89,Urbana,No,7.0,2,No económicamente activa,0.0,Sí
475,Quintana Roo,Mujer,40,Urbana,No,13.0,3,Ocupada,8050.0,Sí
476,Quintana Roo,Hombre,45,Urbana,No,12.0,5,Ocupada,6550.0,Sí
477,México,Mujer,48,Urbana,No,13.0,5,Ocupada,14260.0,Sí
478,Nuevo León,Hombre,44,Urbana,No,14.0,4,No económicamente activa,0.0,Sí
479,Chihuahua,Hombre,41,Rural,No,,2,No económicamente activa,0.0,Sí
480,Veracruz de Ignacio de la Llave,Mujer,18,Urbana,No,5.0,4,No económicamente activa,0.0,No
481,Tamaulipas,Hombre,20,Urbana,No,8.0,6,Ocupada,4620.0,Sí
482,Sonora,Mujer,40,Urbana,No,11.0,2,No económicamente activa,,Sí
483,Puebla,Hombre,48,Urbana,No,15.0,5,Ocupada,13640.0,Sí
484,Yucatán,Hombre,60,Urbana,No,7.0,1,Ocupada,9740.0,Sí
485,Querétaro,Mujer,37,Urbana,No,14.0,3,Ocupada,8010.0,Sí
486,México,Mujer,95,Urbana,No,3.0,5,Ocupada,4460.0,Sí
487,México,Mujer,23,Urbana,No,12.0,3,Ocupada,3830.0,Sí
488,Morelos,Hombre,21,Urbana,No,8.0,3,Ocupada,3210.0,Sí
489,Querétaro,Mujer,39,Rural,No,15.0,4,Ocupada,8270.0,Sí
490,Zacatecas,Mujer,41,Urbana,No,7.0,3,Ocupada,11790.0,Sí
491,Veracruz de Ignacio de la Llave,Hombre,47,Rural,Sí,13.0,8,Ocupada,5780.0,Sí
492,Colima,Mujer,57,Urbana,No,9.0,7,Ocupada,3570.0,Sí
493,Ciudad de México,Mujer,95,Urbana,No,12.0,4,No económicamente activa,0.0,Sí
494,Sonora,Hombre,16,Urbana,No,14.0,2,No económicamente activa,0.0,Sí
495,Veracruz de Ignacio de la Llave,Mujer,74,Rural,No,11.0,5,No económicamente activa,0.0,Sí
496,San Luis Potosí,Hombre,33,Urbana,No,11.0,3,Ocupada,11950.0,Sí
497,Tamaulipas,Mujer,17,Urbana,No,13.0,5,No económicamente activa,0.0,Sí
498,Jalisco,Mujer,60,Urbana,No,14.0,3,Ocupada,7120.0,Sí
499,Querétaro,Hombre,23,Urbana,No,14.0,6,No económicamente activa,0.0,Sí
500,Guanajuato,Mujer,26,Rural,No,,3,Ocupada,4840.0,Sí
501,Ciudad de México,Mujer,58,Urbana,No,13.0,2,Ocupada,6590.0,Sí
502,Quintana Roo,Hombre,44,Urbana,No,12.0,4,Ocupada,13100.0,Sí
503,Zacatecas,Mujer,59,Rural,No,8.0,2,No económicamente activa,0.0,Sí
504,México,Hombre,58,Urbana,No,13.0,5,Ocupada,15730.0,No
505,Sinaloa,Hombre,87,Urbana,No,8.0,4,No económicamente activa,0.0,Sí
506,México,Hombre,31,Urbana,No,,2,Ocupada,9630.0,Sí
507,Michoacán de Ocampo,Hombre,59,Urbana,No,10.0,3,Ocupada,10380.0,Sí
508,Coahuila de Zaragoza,Mujer,21,Urbana,No,10.0,1,Ocupada,14440.0,Sí
509,México,Hombre,60,Urbana,No,9.0,2,Ocupada,10760.0,Sí
510,Sinaloa,Mujer,46,Urbana,No,6.0,3,No económicamente activa,0.0,No
511,Chihuahua,Hombre,21,Urbana,No,10.0,4,Ocupada,8620.0,Sí
512,Guerrero,Hombre,41,Urbana,No,9.0,3,Ocupada,4740.0,Sí
513,México,Mujer,95,Urbana,No,12.0,3,No económicamente activa,0.0,No
514,Ciudad de México,Hombre,26,Urbana,No,10.0,5,No económicamente activa,,No
515,México,Mujer,90,Urbana,No,6.0,2,No económicamente activa,0.0,Sí
516,México,Mujer,21,Rural,No,13.0,5,No económicamente activa,0.0,Sí
517,Chiapas,Mujer,25,Rural,Sí,4.0,3,Ocupada,,No
518,México,Mujer,32,Urbana,No,5.0,2,Ocupada,10980.0,Sí
519,Aguascalientes,Hombre,53,Urbana,No,9.0,1,No económicamente activa,0.0,No
520,México,Hombre,21,Urbana,No,18.0,2,Ocupada,9470.0,Sí
521,Nuevo León,Mujer,83,Urbana,No,10.0,2,No económicamente activa,0.0,Sí
522,México,Mujer,55,Rural,No,8.0,6,Ocupada,4830.0,Sí
523,Ciudad de México,Hombre,83,Urbana,No,10.0,3,Ocupada,8810.0,No
524,Jalisco,Mujer,80,Urbana,No,7.0,4,No económicamente activa,0.0,No
525,Jalisco,Mujer,24,Urbana,No,13.0,7,No económicamente activa,0.0,Sí
526,Chihuahua,Mujer,22,Urbana,No,10.0,4,No económicamente activa,0.0,No
527,Ciudad de México,Mujer,24,Urbana,No,13.0,4,No económicamente activa,0.0,Sí
528,Tamaulipas,Hombre,92,Urbana,No,10.0,2,No económicamente activa,0.0,Sí
529,Yucatán,Mujer,56,Rural,Sí,6.0,4,No económicamente activa,0.0,No
530,México,Hombre,53,Urbana,No,13.0,3,Ocupada,15290.0,Sí
531,Aguascalientes,Mujer,72,Rural,No,10.0,7,No económicamente activa,0.0,No
532,Ciudad de México,Hombre,32,Urbana,No,12.0,3,Ocupada,9590.0,Sí
533,Michoacán de Ocampo,Hombre,38,Urbana,No,10.0,1,Ocupada,5770.0,Sí
534,Chiapas,Hombre,49,Urbana,No,4.0,4,Ocupada,7710.0,Sí
535,Michoacán de Ocampo,Mujer,27,Urbana,No,6.0,1,No económicamente activa,0.0,Sí
536,Aguascalientes,Hombre,43,Urbana,No,9.0,3,Ocupada,6090.0,Sí
537,Veracruz de Ignacio de la Llave,Hombre,28,Rural,No,5.0,3,Ocupada,5610.0,No
538,Nuevo León,Mujer,35,Urbana,No,16.0,5,No económicamente activa,0.0,Sí
539,México,Mujer,46,Urbana,No,12.0,6,No económicamente activa,0.0,Sí
540,Coahuila de Zaragoza,Mujer,21,Urbana,No,13.0,4,No económicamente activa,0.0,Sí
541,México,Mujer,28,Rural,No,13.0,6,No económicamente activa,0.0,Sí
542,Ciudad de México,Hombre,45,Urbana,No,10.0,6,No económicamente activa,0.0,Sí
543,Sonora,Hombre,55,Rural,No,6.0,4,Ocupada,4480.0,Sí
544,Yucatán,Hombre,43,Urbana,No,9.0,4,Ocupada,,No
545,Jalisco,Mujer,40,Urbana,No,10.0,2,Ocupada,4970.0,Sí
546,Tlaxcala,Hombre,29,Urbana,No,9.0,3,Ocupada,5340.0,No
547,Tamaulipas,Mujer,43,Urbana,No,9.0,4,No económicamente activa,0.0,Sí
548,México,Mujer,56,Urbana,No,14.0,3,Ocupada,12450.0,Sí
549,Puebla,Hombre,49,Urbana,No,10.0,1,Ocupada,10120.0,Sí
550,Guerrero,Hombre,95,Urbana,No,7.0,2,No económicamente activa,0.0,Sí
551,Nuevo León,Hombre,68,Urbana,No,10.0,3,Ocupada,10430.0,Sí
552,Jalisco,Mujer,21,Urbana,No,8.0,3,No económicamente activa,0.0,Sí
553,Puebla,Mujer,62,Rural,No,7.0,4,No económicamente activa,0.0,Sí
554,Sonora,Hombre,42,Urbana,No,11.0,4,Ocupada,7260.0,Sí
555,México,Mujer,71,Urbana,No,8.0,4,Ocupada,10040.0,Sí
556,Guanajuato,Mujer,28,Urbana,No,15.0,4,Ocupada,5010.0,Sí
557,San Luis Potosí,Mujer,65,Urbana,No,4.0,4,No económicamente activa,0.0,Sí
558,Ciudad de México,Mujer,49,Urbana,No,7.0,4,No económicamente activa,0.0,Sí
559,Guerrero,Hombre,30,Rural,Sí,12.0,2,No económicamente activa,0.0,Sí
560,México,Mujer,50,Urbana,No,4.0,4,Desocupada,0.0,Sí
561,México,Hombre,29,Urbana,No,9.0,5,Ocupada,7210.0,Sí
562,Jalisco,Hombre,53,Urbana,No,10.0,4,Ocupada,7970.0,Sí
563,Chiapas,Hombre,44,Urbana,Sí,9.0,5,Ocupada,8150.0,Sí
564,Zacatecas,Hombre,54,Rural,No,3.0,6,Ocupada,1130.0,Sí
565,Guerrero,Hombre,90,Urbana,No,3.0,3,Ocupada,14410.0,Sí
566,Jalisco,Mujer,47,Urbana,No,9.0,2,Ocupada,8670.0,Sí
567,Chiapas,Mujer,24,Rural,No,13.0,4,No económicamente activa,0.0,No
568,Querétaro,Hombre,60,Urbana,No,9.0,5,Ocupada,10360.0,Sí
569,Yucatán,Hombre,36,Rural,No,5.0,8,Ocupada,,Sí
570,Durango,Hombre,31,Rural,No,10.0,4,Ocupada,20290.0,Sí
571,Guerrero,Mujer,23,Urbana,No,10.0,2,No económicamente activa,0.0,Sí
572,Baja California,Hombre,65,Urbana,No,10.0,4,No económicamente activa,0.0,Sí
573,Guerrero,Mujer,66,Rural,Sí,6.0,3,No económicamente activa,0.0,No
574,Chiapas,Mujer,49,Urbana,No,4.0,3,Ocupada,3850.0,Sí
575,Yucatán,Mujer,49,Urbana,No,12.0,4,Ocupada,3270.0,Sí
576,Tamaulipas,Hombre,26,Urbana,No,13.0,4,Ocupada,12020.0,Sí
577,Baja California,Mujer,35,Urbana,No,14.0,6,Ocupada,19020.0,Sí
578,México,Mujer,20,Urbana,No,15.0,5,Ocupada,9670.0,Sí
579,Chiapas,Mujer,44,Rural,Sí,4.0,3,No económicamente activa,,Sí
580,Durango,Hombre,21,Urbana,No,14.0,7,Ocupada,6980.0,Sí
581,Nuevo León,Mujer,41,Urbana,No,11.0,5,No económicamente activa,0.0,Sí
582,Chiapas,Hombre,55,Urbana,No,4.0,3,Ocupada,3440.0,Sí
583,Ciudad de México,Mujer,58,Urbana,No,13.0,6,Ocupada,10380.0,Sí
584,Coahuila de Zaragoza,Mujer,40,Urbana,No,16.0,5,No económicamente activa,0.0,Sí
585,Puebla,Mujer,57,Urbana,No,6.0,7,No económicamente activa,0.0,Sí
586,México,Hombre,33,Urbana,No,7.0,6,Ocupada,15850.0,Sí
587,Chiapas,Hombre,32,Rural,No,7.0,6,No económicamente activa,0.0,Sí
588,Baja California,Hombre,79,Urbana,No,8.0,2,No económicamente activa,0.0,Sí
589,Oaxaca,Mujer,32,Urbana,Sí,5.0,3,Ocupada,4050.0,No
590,Michoacán de Ocampo,Mujer,29,Urbana,No,9.0,1,No económicamente activa,,Sí
591,Durango,Hombre,95,Urbana,No,8.0,4,Ocupada,13550.0,Sí
592,Hidalgo,Hombre,59,Urbana,No,8.0,5,Ocupada,6060.0,Sí
593,Hidalgo,Mujer,51,Rural,Sí,6.0,6,No económicamente activa,0.0,Sí
594,Quintana Roo,Hombre,39,Urbana,No,11.0,5,Ocupada,,Sí
595,Coahuila de Zaragoza,Mujer,62,Urbana,No,9.0,5,No económicamente activa,0.0,Sí
596,Jalisco,Hombre,70,Urbana,No,12.0,7,Ocupada,10430.0,Sí
597,Jalisco,Mujer,49,Rural,No,7.0,8,Ocupada,3340.0,Sí
598,Chiapas,Hombre,64,Rural,No,8.0,5,Ocupada,13560.0,No
599,Morelos,Hombre,26,Urbana,No,7.0,2,Ocupada,3380.0,Sí
600,México,Mujer,37,Urbana,No,10.0,3,No económicamente activa,0.0,Sí
601,Chiapas,Mujer,72,Rural,Sí,5.0,3,No económicamente activa,0.0,No
602,Ciudad de México,Mujer,32,Urbana,No,9.0,3,Ocupada,14900.0,No
603,Quintana Roo,Hombre,33,Urbana,No,10.0,4,Ocupada,6370.0,No
604,Querétaro,Hombre,30,Urbana,No,6.0,4,Ocupada,5540.0,Sí
605,Puebla,Mujer,31,Urbana,No,6.0,4,No económicamente activa,0.0,Sí
606,México,Hombre,16,Urbana,No,13.0,6,No económicamente activa,0.0,Sí
607,México,Mujer,32,Urbana,No,13.0,3,No económicamente activa,0.0,Sí
608,Oaxaca,Mujer,27,Urbana,Sí,11.0,3,Ocupada,16550.0,Sí
609,México,Mujer,51,Urbana,No,9.0,4,No económicamente activa,0.0,Sí
610,Chihuahua,Hombre,41,Urbana,No,16.0,3,Ocupada,15910.0,Sí
611,San Luis Potosí,Hombre,22,Urbana,No,9.0,4,Desocupada,0.0,Sí
612,Zacatecas,Hombre,36,Rural,Sí,7.0,7,Ocupada,,Sí
613,Veracruz de Ignacio de la Llave,Mujer,64,Urbana,No,5.0,4,No económicamente activa,0.0,Sí
614,México,Mujer,59,Urbana,No,9.0,3,No económicamente activa,0.0,Sí
615,México,Hombre,31,Urbana,No,9.0,5,Ocupada,10910.0,No
616,Puebla,Hombre,34,Urbana,No,14.0,2,No económicamente activa,0.0,Sí
617,Colima,Hombre,42,Rural,No,14.0,4,Ocupada,10660.0,Sí
618,Guanajuato,Hombre,23,Rural,No,11.0,10,Ocupada,5650.0,Sí
619,Colima,Mujer,37,Urbana,Sí,12.0,8,No económicamente activa,0.0,Sí
620,Ciudad de México,Hombre,46,Urbana,No,10.0,4,No económicamente activa,0.0,Sí
621,México,Hombre,23,Urbana,No,17.0,3,No económicamente activa,0.0,Sí
622,Michoacán de Ocampo,Mujer,33,Rural,No,6.0,3,No económicamente activa,0.0,Sí
623,Jalisco,Mujer,75,Urbana,No,10.0,5,No económicamente activa,0.0,Sí
624,Guerrero,Hombre,64,Urbana,No,9.0,3,Ocupada,10560.0,Sí
625,Baja California,Hombre,30,Urbana,No,18.0,2,Ocupada,31890.0,No
626,Baja California,Hombre,28,Urbana,No,7.0,6,Ocupada,15360.0,Sí
627,Nuevo León,Mujer,50,Urbana,No,9.0,2,Ocupada,5910.0,Sí
628,Oaxaca,Hombre,18,Rural,Sí,5.0,3,No económicamente activa,0.0,No
629,Nuevo León,Mujer,54,Urbana,No,16.0,4,No económicamente activa,0.0,Sí
630,Chiapas,Mujer,30,Rural,Sí,5.0,3,No económicamente activa,0.0,No
631,Hidalgo,Mujer,48,Rural,Sí,4.0,1,No económicamente activa,0.0,Sí
632,México,Mujer,56,Urbana,No,7.0,5,Ocupada,7770.0,No
633,Jalisco,Mujer,58,Urbana,No,8.0,4,Ocupada,5980.0,Sí
634,Hidalgo,Mujer,19,Urbana,No,12.0,4,Ocupada,13900.0,Sí
635,Yucatán,Mujer,30,Urbana,No,11.0,2,Ocupada,11320.0,Sí
636,Jalisco,Hombre,41,Urbana,No,12.0,6,No económicamente activa,0.0,Sí
637,Sinaloa,Mujer,33,Urbana,No,11.0,5,Ocupada,14620.0,Sí
638,México,Mujer,51,Urbana,No,9.0,3,Ocupada,2290.0,Sí
639,Sonora,Mujer,71,Urbana,No,12.0,4,No económicamente activa,0.0,Sí
640,Coahuila de Zaragoza,Mujer,64,Urbana,No,13.0,3,Ocupada,6700.0,Sí
641,Campeche,Mujer,82,Urbana,No,8.0,4,No económicamente activa,0.0,Sí
642,Jalisco,Mujer,77,Urbana,No,,2,No económicamente activa,0.0,Sí
643,Sinaloa,Mujer,23,Rural,No,9.0,3,Ocupada,8720.0,Sí
644,México,Hombre,25,Urbana,No,17.0,5,Ocupada,7310.0,Sí
645,México,Mujer,31,Urbana,No,11.0,4,No económicamente activa,0.0,Sí
646,Veracruz de Ignacio de la Llave,Mujer,44,Urbana,No,8.0,1,Ocupada,5960.0,Sí
647,México,Hombre,65,Rural,No,7.0,5,Ocupada,2990.0,Sí
648,Sonora,Hombre,32,Urbana,No,,4,Ocupada,9720.0,Sí
649,Chiapas,Mujer,69,Urbana,No,3.0,3,No económicamente activa,0.0,Sí
650,Querétaro,Hombre,79,Urbana,No,12.0,1,Ocupada,11240.0,Sí
651,Ciudad de México,Mujer,41,Urbana,No,13.0,3,Ocupada,17680.0,Sí
652,Jalisco,Hombre,38,Urbana,No,8.0,5,Ocupada,8050.0,Sí
653,Sinaloa,Hombre,77,Rural,No,9.0,4,No económicamente activa,0.0,Sí
654,Jalisco,Mujer,22,Urbana,No,12.0,3,Ocupada,5170.0,Sí
655,Baja California Sur,Hombre,74,Urbana,No,7.0,1,No económicamente activa,0.0,Sí
656,Guanajuato,Hombre,36,Rural,No,8.0,7,No económicamente activa,0.0,No
657,Puebla,Mujer,24,Urbana,No,11.0,3,Ocupada,27550.0,Sí
658,México,Hombre,60,Urbana,No,15.0,3,No económicamente activa,0.0,Sí
659,Jalisco,Hombre,38,Urbana,No,11.0,3,Ocupada,7530.0,Sí
660,Veracruz de Ignacio de la Llave,Mujer,92,Rural,No,7.0,7,Desocupada,0.0,Sí
661,Oaxaca,Mujer,22,Urbana,No,10.0,3,No económicamente activa,0.0,Sí
662,Guerrero,Hombre,53,Rural,Sí,6.0,4,Ocupada,4450.0,Sí
663,San Luis Potosí,Mujer,81,Urbana,No,5.0,2,No económicamente activa,0.0,Sí
664,San Luis Potosí,Mujer,20,Urbana,No,13.0,6,No económicamente activa,0.0,No
665,Guerrero,Hombre,32,Urbana,Sí,12.0,5,Ocupada,6650.0,Sí
666,Nuevo León,Mujer,34,Urbana,No,15.0,3,Ocupada,11870.0,Sí
667,Sonora,Mujer,38,Urbana,No,10.0,3,No económicamente activa,0.0,No
668,México,Hombre,38,Urbana,No,7.0,5,Ocupada,3420.0,Sí
669,México,Hombre,31,Urbana,No,10.0,2,Ocupada,5630.0,Sí
670,Tabasco,Hombre,19,Urbana,No,12.0,4,Ocupada,20780.0,Sí
671,México,Mujer,25,Urbana,No,16.0,4,No económicamente activa,0.0,Sí
672,Tabasco,Hombre,47,Urbana,No,12.0,3,Ocupada,14420.0,Sí
673,Sinaloa,Hombre,58,Urbana,No,11.0,1,No económicamente activa,0.0,Sí
674,Puebla,Mujer,27,Urbana,No,7.0,3,Ocupada,10130.0,Sí
675,Puebla,Hombre,18,Urbana,No,12.0,3,No económicamente activa,0.0,Sí
676,Hidalgo,Hombre,27,Urbana,No,,1,No económicamente activa,0.0,Sí
677,Querétaro,Mujer,55,Rural,No,8.0,3,Ocupada,9230.0,Sí
678,Jalisco,Mujer,30,Urbana,No,,3,Ocupada,7770.0,Sí
679,México,Mujer,52,Urbana,No,12.0,1,Ocupada,27950.0,Sí
680,Coahuila de Zaragoza,Mujer,31,Urbana,No,14.0,6,Ocupada,5810.0,Sí
681,Jalisco,Mujer,23,Urbana,No,10.0,4,Ocupada,3530.0,Sí
682,Puebla,Mujer,55,Urbana,Sí,5.0,2,No económicamente activa,0.0,No
683,San Luis Potosí,Mujer,20,Rural,No,11.0,6,Ocupada,3510.0,Sí
684,Nuevo León,Hombre,32,Urbana,No,15.0,3,Ocupada,12830.0,Sí
685,Veracruz de Ignacio de la Llave,Mujer,18,Rural,No,11.0,5,Ocupada,25950.0,Sí
686,México,Mujer,95,Urbana,No,8.0,2,No económicamente activa,0.0,Sí
687,Chihuahua,Mujer,43,Urbana,No,12.0,5,Ocupada,11910.0,Sí
688,Veracruz de Ignacio de la Llave,Hombre,58,Rural,No,6.0,2,No económicamente activa,0.0,Sí
689,Jalisco,Hombre,25,Rural,No,10.0,8,Ocupada,20970.0,Sí
690,Puebla,Hombre,67,Rural,No,6.0,2,No económicamente activa,0.0,Sí
691,Chihuahua,Hombre,79,Rural,No,7.0,4,No económicamente activa,0.0,Sí
692,Nuevo León,Hombre,84,Urbana,No,9.0,4,Ocupada,6440.0,Sí
693,Morelos,Hombre,58,Urbana,No,7.0,4,Ocupada,8790.0,Sí
694,Chiapas,Mujer,86,Rural,No,2.0,8,Ocupada,1570.0,Sí
695,Guanajuato,Mujer,61,Urbana,No,6.0,2,Ocupada,9760.0,Sí
696,México,Hombre,71,Rural,No,6.0,4,No económicamente activa,0.0,No
697,México,Mujer,91,Urbana,No,9.0,7,No económicamente activa,0.0,Sí
698,Jalisco,Mujer,43,Urbana,No,11.0,2,Ocupada,14350.0,Sí
699,Baja California,Hombre,22,Urbana,No,8.0,2,Ocupada,9530.0,Sí
700,Nuevo León,Hombre,72,Urbana,No,9.0,5,No económicamente activa,0.0,Sí
701,Querétaro,Mujer,37,Rural,No,12.0,5,No económicamente activa,0.0,Sí
702,Chiapas,Mujer,25,Urbana,Sí,1.0,5,Ocupada,8040.0,Sí
703,Ciudad de México,Hombre,32,Urbana,No,14.0,4,Ocupada,6360.0,No
704,México,Hombre,31,Urbana,No,15.0,2,Ocupada,14820.0,No
705,Jalisco,Mujer,28,Urbana,No,7.0,1,No económicamente activa,0.0,Sí
706,Veracruz de Ignacio de la Llave,Hombre,46,Rural,No,16.0,4,Ocupada,9670.0,Sí
707,México,Hombre,37,Urbana,No,11.0,3,Ocupada,5210.0,Sí
708,Oaxaca,Mujer,57,Urbana,No,11.0,6,No económicamente activa,,Sí
709,Colima,Hombre,95,Urbana,No,5.0,4,Ocupada,9690.0,Sí
710,Aguascalientes,Hombre,75,Urbana,No,12.0,2,Ocupada,13960.0,No
711,Nuevo León,Hombre,53,Urbana,No,11.0,2,Ocupada,1780.0,Sí
712,Hidalgo,Mujer,59,Rural,No,7.0,7,No económicamente activa,0.0,Sí
713,Guerrero,Mujer,38,Rural,Sí,5.0,3,No económicamente activa,0.0,Sí
714,México,Mujer,39,Rural,No,9.0,7,Ocupada,3780.0,Sí
715,México,Mujer,61,Urbana,No,8.0,1,Ocupada,7400.0,Sí
716,San Luis Potosí,Hombre,26,Urbana,No,15.0,6,Ocupada,6110.0,Sí
717,Michoacán de Ocampo,Hombre,26,Urbana,No,10.0,4,No económicamente activa,0.0,Sí
718,Hidalgo,Hombre,33,Rural,No,10.0,7,No económicamente activa,0.0,Sí
719,Puebla,Hombre,22,Urbana,No,2.0,4,Ocupada,7440.0,Sí
720,México,Mujer,37,Urbana,No,10.0,2,No económicamente activa,0.0,Sí
721,Guerrero,Mujer,46,Rural,Sí,2.0,5,Desocupada,0.0,No
722,México,Mujer,49,Urbana,No,14.0,4,Ocupada,15460.0,Sí
723,Sinaloa,Mujer,36,Rural,No,10.0,6,No económicamente activa,0.0,Sí
724,Chihuahua,Hombre,43,Urbana,No,14.0,5,No económicamente activa,0.0,Sí
725,Baja California,Mujer,40,Rural,No,6.0,5,Ocupada,7100.0,Sí
726,México,Mujer,33,Urbana,No,13.0,6,Ocupada,12630.0,Sí
727,Sinaloa,Mujer,30,Urbana,No,11.0,5,Ocupada,9380.0,Sí
728,Michoacán de Ocampo,Hombre,38,Urbana,No,12.0,1,Desocupada,0.0,Sí
729,Aguascalientes,Mujer,64,Urbana,No,5.0,3,Ocupada,7020.0,Sí
730,México,Hombre,43,Rural,No,7.0,6,Ocupada,6670.0,Sí
731,Chiapas,Hombre,74,Rural,No,7.0,6,No económicamente activa,,Sí
732,Chiapas,Mujer,57,Urbana,No,6.0,5,No económicamente activa,0.0,Sí
733,Chihuahua,Mujer,55,Urbana,No,13.0,4,No económicamente activa,0.0,Sí
734,Baja California Sur,Hombre,37,Urbana,No,14.0,2,Ocupada,16760.0,Sí
735,Aguascalientes,Hombre,19,Urbana,No,9.0,2,No económicamente activa,0.0,Sí
736,Puebla,Hombre,46,Urbana,No,12.0,5,Ocupada,10630.0,Sí
737,Ciudad de México,Mujer,92,Urbana,No,6.0,3,No económicamente activa,0.0,Sí
738,Puebla,Hombre,25,Rural,No,9.0,6,Ocupada,8880.0,No
739,Ciudad de México,Mujer,78,Urbana,No,5.0,3,No económicamente activa,0.0,Sí
740,Michoacán de Ocampo,Hombre,20,Urbana,No,8.0,3,Ocupada,5010.0,Sí
741,México,Hombre,49,Urbana,No,12.0,3,Ocupada,10220.0,No
742,Ciudad de México,Hombre,37,Urbana,No,17.0,2,Ocupada,28620.0,Sí
743,México,Hombre,26,Urbana,No,9.0,3,Ocupada,7660.0,Sí
744,Tamaulipas,Hombre,40,Rural,No,6.0,1,No económicamente activa,0.0,Sí
745,Veracruz de Ignacio de la Llave,Hombre,61,Rural,No,5.0,7,No económicamente activa,0.0,Sí
746,Veracruz de Ignacio de la Llave,Hombre,76,Urbana,No,9.0,8,No económicamente activa,0.0,Sí
747,Ciudad de México,Mujer,38,Urbana,No,10.0,1,No económicamente activa,,Sí
748,Coahuila de Zaragoza,Mujer,41,Urbana,No,20.0,3,Ocupada,27390.0,Sí
749,Sonora,Hombre,34,Rural,Sí,7.0,5,Ocupada,7450.0,Sí
750,Ciudad de México,Hombre,34,Urbana,No,11.0,4,No económicamente activa,0.0,No
751,Nuevo León,Hombre,35,Urbana,No,10.0,2,Ocupada,3630.0,Sí
752,Sinaloa,Mujer,67,Rural,No,10.0,3,No económicamente activa,0.0,Sí
753,Colima,Mujer,70,Urbana,No,8.0,2,No económicamente activa,0.0,Sí
754,Ciudad de México,Mujer,23,Urbana,No,14.0,2,Ocupada,15520.0,Sí
755,México,Hombre,73,Urbana,No,8.0,3,No económicamente activa,0.0,No
756,Veracruz de Ignacio de la Llave,Mujer,74,Urbana,No,10.0,3,No económicamente activa,0.0,Sí
757,Veracruz de Ignacio de la Llave,Mujer,65,Urbana,No,13.0,1,No económicamente activa,0.0,Sí
758,Baja California,Hombre,41,Urbana,No,15.0,6,No económicamente activa,0.0,Sí
759,Ciudad de México,Mujer,22,Urbana,No,12.0,3,Ocupada,6120.0,Sí
760,Chihuahua,Hombre,29,Urbana,No,10.0,2,Ocupada,22630.0,Sí
761,Veracruz de Ignacio de la Llave,Hombre,49,Rural,Sí,1.0,9,Ocupada,3980.0,No
762,Nuevo León,Hombre,19,Urbana,No,12.0,5,No económicamente activa,0.0,Sí
763,Ciudad de México,Mujer,95,Urbana,No,11.0,3,No económicamente activa,0.0,Sí
764,Yucatán,Mujer,33,Urbana,No,11.0,4,Ocupada,7710.0,Sí
765,Veracruz de Ignacio de la Llave,Hombre,18,Rural,No,7.0,7,No económicamente activa,0.0,Sí
766,Sonora,Mujer,37,Urbana,No,13.0,1,Ocupada,30620.0,Sí
767,Sinaloa,Mujer,29,Urbana,No,16.0,5,Ocupada,22460.0,Sí
768,Baja California,Mujer,27,Urbana,No,10.0,4,No económicamente activa,0.0,Sí
769,Hidalgo,Mujer,27,Urbana,No,8.0,4,Ocupada,8590.0,Sí
770,Puebla,Hombre,20,Urbana,No,13.0,4,Ocupada,20760.0,Sí
771,Yucatán,Hombre,77,Urbana,Sí,3.0,2,No económicamente activa,0.0,Sí
772,Nuevo León,Hombre,79,Urbana,No,11.0,6,No económicamente activa,0.0,Sí
773,Oaxaca,Mujer,32,Urbana,No,12.0,6,Ocupada,10340.0,Sí
774,Nayarit,Mujer,36,Urbana,No,13.0,6,Ocupada,9540.0,Sí
775,Veracruz de Ignacio de la Llave,Hombre,24,Urbana,No,8.0,2,Ocupada,17580.0,Sí
776,Zacatecas,Mujer,25,Urbana,No,18.0,2,No económicamente activa,0.0,No
777,Morelos,Hombre,80,Rural,No,7.0,5,Ocupada,4690.0,Sí
778,Jalisco,Hombre,42,Rural,No,11.0,3,No económicamente activa,0.0,No
779,México,Mujer,45,Rural,No,8.0,4,No económicamente activa,0.0,Sí
780,Hidalgo,Mujer,26,Urbana,No,11.0,1,No económicamente activa,0.0,No
781,Michoacán de Ocampo,Mujer,48,Urbana,No,7.0,4,Ocupada,7060.0,Sí
782,Chihuahua,Hombre,36,Urbana,No,10.0,3,Ocupada,8230.0,No
783,Veracruz de Ignacio de la Llave,Hombre,64,Rural,No,5.0,2,Ocupada,3250.0,Sí
784,Yucatán,Hombre,50,Urbana,No,9.0,6,Ocupada,11550.0,Sí
785,Sonora,Mujer,72,Rural,No,14.0,8,Ocupada,11300.0,Sí
786,Yucatán,Mujer,51,Urbana,No,10.0,2,No económicamente activa,0.0,Sí
787,Sonora,Mujer,35,Rural,No,8.0,4,Ocupada,11360.0,No
788,México,Mujer,66,Urbana,No,12.0,1,Ocupada,,Sí
789,Jalisco,Mujer,31,Urbana,No,11.0,5,No económicamente activa,0.0,Sí
790,Michoacán de Ocampo,Mujer,40,Rural,No,11.0,6,Ocupada,5630.0,Sí
791,Guanajuato,Mujer,79,Urbana,No,6.0,2,Ocupada,4860.0,Sí
792,Baja California Sur,Hombre,47,Urbana,No,12.0,3,No económicamente activa,0.0,Sí
793,Jalisco,Mujer,17,Urbana,No,7.0,2,No económicamente activa,0.0,Sí
794,Nuevo León,Mujer,26,Urbana,No,10.0,2,Ocupada,8680.0,Sí
795,Guerrero,Hombre,69,Urbana,No,11.0,2,No económicamente activa,0.0,Sí
796,Baja California,Hombre,21,Urbana,No,12.0,5,Ocupada,5810.0,Sí
797,San Luis Potosí,Mujer,25,Rural,No,6.0,3,No económicamente activa,0.0,No
798,Nuevo León,Mujer,23,Urbana,No,11.0,4,Ocupada,6440.0,Sí
799,Ciudad de México,Mujer,33,Urbana,No,10.0,6,Ocupada,6370.0,Sí
800,Tlaxcala,Mujer,29,Rural,No,10.0,5,No económicamente activa,0.0,Sí
801,Sinaloa,Mujer,60,Urbana,No,7.0,2,Ocupada,10920.0,Sí
802,Ciudad de México,Mujer,34,Urbana,No,14.0,4,Ocupada,14250.0,Sí
803,Baja California,Hombre,55,Urbana,No,7.0,4,Ocupada,6550.0,Sí
804,Ciudad de México,Hombre,30,Urbana,No,16.0,4,Ocupada,32790.0,Sí
805,Sinaloa,Mujer,65,Urbana,No,14.0,2,Ocupada,13230.0,No
806,Baja California,Mujer,56,Urbana,No,18.0,3,Ocupada,17590.0,Sí
807,Michoacán de Ocampo,Mujer,29,Urbana,No,10.0,4,No económicamente activa,0.0,Sí
808,Ciudad de México,Mujer,30,Urbana,No,15.0,3,Ocupada,45020.0,Sí
809,Chiapas,Mujer,40,Urbana,No,10.0,4,Ocupada,8300.0,Sí
810,Guanajuato,Hombre,32,Urbana,No,10.0,9,Ocupada,20760.0,Sí
811,Chihuahua,Mujer,94,Rural,No,1.0,2,Ocupada,7390.0,Sí
812,México,Hombre,36,Urbana,No,10.0,3,No económicamente activa,0.0,Sí
813,Jalisco,Hombre,28,Urbana,No,15.0,6,Ocupada,11070.0,Sí
814,Coahuila de Zaragoza,Mujer,64,Urbana,No,5.0,3,Ocupada,4650.0,Sí
815,México,Hombre,31,Urbana,No,15.0,5,Ocupada,7710.0,No
816,Ciudad de México,Hombre,56,Urbana,No,9.0,3,No económicamente activa,0.0,Sí
817,México,Mujer,43,Urbana,No,14.0,3,No económicamente activa,0.0,Sí
818,México,Mujer,34,Urbana,No,9.0,8,Ocupada,11800.0,Sí
819,Tabasco,Hombre,90,Urbana,No,9.0,5,Ocupada,7380.0,Sí
820,Chiapas,Hombre,52,Urbana,No,2.0,2,Ocupada,2130.0,Sí
821,México,Mujer,24,Rural,No,5.0,6,No económicamente activa,0.0,No
822,Tamaulipas,Hombre,29,Urbana,No,15.0,3,Ocupada,15830.0,Sí
823,México,Mujer,51,Urbana,No,16.0,4,Ocupada,18730.0,Sí
824,Michoacán de Ocampo,Mujer,68,Urbana,No,10.0,3,No económicamente activa,0.0,Sí
825,Ciudad de México,Hombre,61,Urbana,No,11.0,4,Ocupada,8570.0,Sí
826,Querétaro,Hombre,22,Urbana,No,7.0,4,Ocupada,5780.0,Sí
827,Puebla,Mujer,57,Urbana,No,2.0,4,Ocupada,5270.0,No
828,Chihuahua,Mujer,34,Urbana,No,6.0,4,No económicamente activa,0.0,Sí
829,Sonora,Hombre,36,Urbana,No,12.0,2,Ocupada,4560.0,Sí
830,México,Mujer,71,Rural,No,5.0,4,Ocupada,4590.0,No
831,Yucatán,Hombre,31,Urbana,No,11.0,1,Ocupada,25030.0,Sí
832,Veracruz de Ignacio de la Llave,Mujer,43,Rural,No,5.0,4,Ocupada,6140.0,Sí
833,México,Hombre,36,Urbana,No,12.0,6,Ocupada,6050.0,No
834,Chihuahua,Hombre,25,Urbana,No,10.0,5,No económicamente activa,0.0,No
835,Veracruz de Ignacio de la Llave,Hombre,27,Urbana,No,9.0,3,Ocupada,9370.0,Sí
836,Quintana Roo,Mujer,36,Urbana,No,5.0,3,No económicamente activa,0.0,Sí
837,Tamaulipas,Hombre,16,Urbana,No,10.0,5,Ocupada,13620.0,Sí
838,Chiapas,Hombre,59,Rural,Sí,7.0,3,Ocupada,3870.0,No
839,Quintana Roo,Mujer,72,Urbana,No,12.0,4,No económicamente activa,0.0,Sí
840,Tabasco,Hombre,32,Urbana,No,9.0,2,Ocupada,5770.0,Sí
841,Oaxaca,Mujer,75,Urbana,No,6.0,3,Ocupada,7970.0,Sí
842,México,Mujer,26,Rural,No,14.0,2,Ocupada,3070.0,No
843,Tamaulipas,Hombre,31,Urbana,No,9.0,2,Ocupada,7050.0,Sí
844,México,Hombre,64,Urbana,No,6.0,6,No económicamente activa,0.0,No
845,Morelos,Hombre,22,Urbana,No,12.0,4,Ocupada,7880.0,Sí
846,México,Hombre,49,Rural,No,13.0,6,Ocupada,9390.0,Sí
847,Chihuahua,Mujer,22,Urbana,No,7.0,4,No económicamente activa,0.0,Sí
848,Ciudad de México,Hombre,41,Urbana,No,12.0,2,Ocupada,12370.0,Sí
849,Guanajuato,Hombre,19,Urbana,No,8.0,2,Ocupada,4490.0,Sí
850,Veracruz de Ignacio de la Llave,Mujer,49,Rural,No,6.0,5,No económicamente activa,0.0,Sí
851,Ciudad de México,Mujer,39,Urbana,No,13.0,4,No económicamente activa,0.0,Sí
852,Oaxaca,Mujer,32,Urbana,No,6.0,3,Ocupada,11390.0,Sí
853,Veracruz de Ignacio de la Llave,Mujer,71,Rural,No,9.0,5,No económicamente activa,0.0,Sí
854,Michoacán de Ocampo,Mujer,42,Urbana,No,8.0,1,Ocupada,9190.0,Sí
855,Nuevo León,Hombre,52,Urbana,No,13.0,5,Desocupada,0.0,Sí
856,Hidalgo,Mujer,42,Urbana,No,10.0,1,Ocupada,15010.0,Sí
857,Michoacán de Ocampo,Hombre,44,Urbana,No,10.0,3,Ocupada,8760.0,Sí
858,Aguascalientes,Mujer,70,Urbana,No,7.0,2,No económicamente activa,0.0,Sí
859,México,Mujer,34,Urbana,No,13.0,3,Ocupada,6670.0,Sí
860,Campeche,Mujer,65,Rural,No,5.0,5,No económicamente activa,0.0,Sí
861,Coahuila de Zaragoza,Hombre,94,Urbana,No,7.0,3,No económicamente activa,0.0,No
862,Coahuila de Zaragoza,Hombre,47,Urbana,No,15.0,8,Ocupada,22590.0,Sí
863,Nuevo León,Mujer,78,Urbana,No,7.0,5,No económicamente activa,0.0,Sí
864,Sinaloa,Hombre,52,Rural,No,9.0,3,Ocupada,5530.0,Sí
865,Coahuila de Zaragoza,Hombre,78,Urbana,No,9.0,2,No económicamente activa,0.0,Sí
866,Ciudad de México,Mujer,89,Urbana,No,5.0,4,No económicamente activa,0.0,Sí
867,Oaxaca,Mujer,73,Rural,Sí,5.0,6,No económicamente activa,0.0,Sí
868,Michoacán de Ocampo,Mujer,48,Urbana,No,11.0,3,Ocupada,6890.0,No
869,Ciudad de México,Mujer,31,Urbana,No,9.0,4,Ocupada,4240.0,No
870,Oaxaca,Hombre,21,Urbana,No,12.0,5,Ocupada,11990.0,Sí
871,Ciudad de México,Mujer,55,Urbana,No,13.0,2,Ocupada,21830.0,Sí
872,Guanajuato,Mujer,20,Rural,No,4.0,3,Ocupada,5590.0,Sí
873,Jalisco,Mujer,36,Urbana,No,12.0,4,Ocupada,10840.0,Sí
874,Tamaulipas,Hombre,95,Urbana,No,6.0,4,No económicamente activa,0.0,Sí
875,Jalisco,Mujer,40,Rural,No,10.0,2,No económicamente activa,0.0,Sí
876,Ciudad de México,Mujer,50,Urbana,No,9.0,3,Ocupada,8060.0,Sí
877,Morelos,Mujer,68,Rural,No,7.0,5,Ocupada,13170.0,Sí
878,México,Mujer,73,Rural,No,7.0,7,No económicamente activa,0.0,No
879,México,Mujer,30,Rural,No,8.0,6,Ocupada,10220.0,Sí
880,Nuevo León,Hombre,26,Urbana,No,15.0,5,Ocupada,12370.0,Sí
881,Chiapas,Mujer,61,Urbana,No,8.0,6,Ocupada,8400.0,Sí
882,Oaxaca,Hombre,43,Rural,Sí,8.0,3,Ocupada,5200.0,No
883,México,Mujer,27,Urbana,No,10.0,3,Ocupada,5730.0,No
884,Coahuila de Zaragoza,Mujer,47,Urbana,No,12.0,5,Ocupada,,Sí
885,Jalisco,Mujer,26,Urbana,No,13.0,3,Desocupada,0.0,Sí
886,San Luis Potosí,Hombre,63,Rural,No,8.0,7,Ocupada,6080.0,Sí
887,Puebla,Mujer,68,Rural,No,10.0,5,No económicamente activa,0.0,Sí
888,Baja California,Mujer,24,Rural,No,15.0,5,Ocupada,11840.0,Sí
889,Durango,Mujer,23,Urbana,No,15.0,4,No económicamente activa,0.0,Sí
890,Coahuila de Zaragoza,Hombre,39,Urbana,No,14.0,3,No económicamente activa,0.0,Sí
891,Guerrero,Mujer,35,Urbana,No,5.0,2,Ocupada,8160.0,Sí
892,Zacatecas,Hombre,41,Rural,No,9.0,1,Ocupada,10710.0,Sí
893,Jalisco,Mujer,25,Urbana,No,10.0,4,Ocupada,11210.0,Sí
894,Sonora,Mujer,82,Urbana,No,5.0,4,No económicamente activa,0.0,Sí
895,Tabasco,Mujer,36,Urbana,No,14.0,3,No económicamente activa,0.0,Sí
896,Ciudad de México,Hombre,34,Urbana,No,6.0,5,No económicamente activa,0.0,No
897,México,Mujer,36,Urbana,No,10.0,4,No económicamente activa,0.0,Sí
898,Chiapas,Mujer,21,Rural,No,8.0,3,No económicamente activa,0.0,Sí
899,Oaxaca,Hombre,82,Rural,No,10.0,5,Ocupada,7250.0,Sí
900,Michoacán de Ocampo,Hombre,48,Urbana,No,11.0,4,Ocupada,4600.0,No
901,Chihuahua,Hombre,41,Urbana,No,18.0,3,Ocupada,7910.0,Sí
902,Chiapas,Hombre,36,Urbana,No,6.0,1,Ocupada,,Sí
903,México,Mujer,27,Rural,No,16.0,5,Ocupada,19640.0,Sí
904,Veracruz de Ignacio de la Llave,Mujer,50,Urbana,No,10.0,5,Ocupada,8220.0,Sí
905,Guanajuato,Hombre,46,Urbana,No,8.0,2,Ocupada,14440.0,No
906,Hidalgo,Mujer,63,Rural,No,10.0,3,No económicamente activa,0.0,Sí
907,Veracruz de Ignacio de la Llave,Hombre,67,Rural,No,0.0,3,No económicamente activa,0.0,Sí
908,México,Hombre,31,Urbana,No,13.0,2,Ocupada,11120.0,Sí
909,Yucatán,Mujer,27,Urbana,No,12.0,5,Ocupada,12770.0,Sí
910,San Luis Potosí,Hombre,24,Urbana,No,10.0,3,No económicamente activa,0.0,Sí
911,Aguascalientes,Mujer,65,Urbana,No,9.0,2,Ocupada,3590.0,Sí
912,Durango,Hombre,50,Urbana,No,12.0,3,Ocupada,4620.0,Sí
913,Michoacán de Ocampo,Hombre,29,Urbana,No,14.0,6,Ocupada,16530.0,Sí
914,Puebla,Mujer,26,Urbana,No,13.0,2,No económicamente activa,0.0,Sí
915,Tlaxcala,Hombre,53,Urbana,No,8.0,5,Ocupada,13450.0,Sí
916,Tamaulipas,Mujer,65,Urbana,No,9.0,2,No económicamente activa,0.0,Sí
917,Hidalgo,Hombre,63,Urbana,No,12.0,5,No económicamente activa,0.0,No
918,Ciudad de México,Hombre,40,Urbana,No,8.0,1,Ocupada,11260.0,Sí
919,Sonora,Mujer,35,Rural,No,10.0,3,No económicamente activa,0.0,Sí
920,Tabasco,Hombre,23,Rural,No,13.0,2,Ocupada,3860.0,Sí
921,Puebla,Hombre,37,Urbana,No,12.0,3,Ocupada,8250.0,Sí
922,Querétaro,Mujer,63,Urbana,No,10.0,4,Ocupada,8750.0,Sí
923,Chihuahua,Mujer,32,Urbana,No,18.0,3,No económicamente activa,0.0,Sí
924,Michoacán de Ocampo,Hombre,37,Urbana,No,15.0,2,Ocupada,33850.0,Sí
925,Oaxaca,Mujer,58,Rural,No,2.0,3,Ocupada,4650.0,Sí
926,Jalisco,Mujer,36,Urbana,No,9.0,4,Ocupada,6120.0,Sí
927,San Luis Potosí,Mujer,68,Urbana,No,,2,No económicamente activa,0.0,Sí
928,Oaxaca,Mujer,26,Urbana,No,9.0,5,No económicamente activa,0.0,No
929,Hidalgo,Mujer,57,Urbana,No,5.0,4,Ocupada,11390.0,No
930,Ciudad de México,Mujer,22,Urbana,No,9.0,3,Ocupada,,No
931,Coahuila de Zaragoza,Mujer,28,Urbana,No,7.0,4,No económicamente activa,0.0,Sí
932,Ciudad de México,Hombre,68,Urbana,No,9.0,3,Ocupada,6110.0,Sí
933,México,Mujer,25,Urbana,No,8.0,3,No económicamente activa,0.0,Sí
934,México,Mujer,24,Rural,No,6.0,5,Ocupada,3970.0,Sí
935,Michoacán de Ocampo,Hombre,38,Rural,No,9.0,3,Ocupada,9940.0,Sí
936,México,Hombre,62,Urbana,No,10.0,4,Ocupada,16180.0,Sí
937,Yucatán,Mujer,78,Urbana,No,13.0,3,No económicamente activa,0.0,Sí
938,Michoacán de Ocampo,Mujer,24,Urbana,No,8.0,5,No económicamente activa,0.0,Sí
939,Hidalgo,Hombre,57,Urbana,No,10.0,3,Ocupada,7300.0,Sí
940,Ciudad de México,Hombre,27,Urbana,No,13.0,4,Ocupada,11910.0,Sí
941,Oaxaca,Hombre,18,Urbana,No,11.0,4,Ocupada,11840.0,Sí
942,Puebla,Mujer,26,Rural,Sí,6.0,5,Ocupada,3260.0,Sí
943,Sinaloa,Hombre,33,Rural,No,8.0,5,Ocupada,2910.0,Sí
944,Ciudad de México,Mujer,42,Urbana,No,13.0,4,Ocupada,19180.0,Sí
945,Quintana Roo,Hombre,41,Rural,No,7.0,3,Ocupada,7680.0,No
946,México,Mujer,62,Urbana,No,9.0,9,Ocupada,9730.0,Sí
947,Chiapas,Hombre,39,Urbana,No,12.0,6,No económicamente activa,0.0,No
948,San Luis Potosí,Hombre,23,Urbana,No,12.0,3,Ocupada,14310.0,Sí
949,Nuevo León,Mujer,95,Rural,No,6.0,4,Ocupada,9750.0,Sí
950,Coahuila de Zaragoza,Mujer,18,Urbana,No,12.0,6,No económicamente activa,0.0,Sí
951,Colima,Mujer,91,Urbana,No,6.0,5,Ocupada,3900.0,Sí
952,México,Hombre,95,Urbana,No,3.0,2,No económicamente activa,0.0,Sí
953,México,Mujer,31,Urbana,No,11.0,4,No económicamente activa,0.0,Sí
954,Tlaxcala,Mujer,47,Urbana,No,14.0,4,Ocupada,20380.0,Sí
955,Nuevo León,Mujer,23,Urbana,No,13.0,3,Ocupada,22480.0,Sí
956,San Luis Potosí,Mujer,20,Rural,Sí,10.0,3,No económicamente activa,0.0,Sí
957,Michoacán de Ocampo,Hombre,41,Urbana,No,11.0,8,Ocupada,2330.0,No
958,Querétaro,Hombre,56,Urbana,No,10.0,4,Ocupada,8450.0,Sí
959,Oaxaca,Mujer,64,Urbana,No,5.0,2,Ocupada,5700.0,Sí
960,Nuevo León,Hombre,51,Urbana,No,11.0,1,Ocupada,6040.0,Sí
961,Chiapas,Hombre,58,Rural,No,3.0,2,No económicamente activa,0.0,Sí
962,Veracruz de Ignacio de la Llave,Mujer,51,Urbana,No,12.0,6,No económicamente activa,0.0,Sí
963,Puebla,Mujer,61,Urbana,No,5.0,1,No económicamente activa,0.0,No
964,Chihuahua,Hombre,44,Urbana,No,13.0,3,Ocupada,4820.0,Sí
965,México,Mujer,21,Urbana,No,9.0,1,No económicamente activa,0.0,Sí
966,Jalisco,Hombre,23,Rural,Sí,7.0,5,Ocupada,6720.0,Sí
967,Nuevo León,Hombre,21,Urbana,No,15.0,4,Ocupada,15140.0,Sí
968,San Luis Potosí,Hombre,55,Urbana,No,6.0,3,Ocupada,3620.0,Sí
969,Coahuila de Zaragoza,Hombre,33,Rural,No,4.0,6,No económicamente activa,0.0,Sí
970,Hidalgo,Mujer,66,Urbana,No,8.0,7,No económicamente activa,0.0,Sí
971,Nuevo León,Mujer,82,Urbana,No,6.0,6,No económicamente activa,0.0,Sí
972,Jalisco,Hombre,53,Urbana,No,12.0,2,Ocupada,16240.0,No
973,Jalisco,Mujer,58,Urbana,No,14.0,2,Ocupada,20330.0,Sí
974,Yucatán,Mujer,29,Rural,Sí,5.0,2,No económicamente activa,0.0,Sí
975,Veracruz de Ignacio de la Llave,Hombre,29,Rural,No,7.0,4,Ocupada,6790.0,Sí
976,México,Hombre,33,Rural,No,13.0,5,Ocupada,7120.0,Sí
977,Zacatecas,Hombre,64,Urbana,No,10.0,7,Ocupada,4430.0,Sí
978,Oaxaca,Hombre,32,Urbana,No,6.0,4,Ocupada,12410.0,Sí
979,México,Mujer,18,Urbana,No,7.0,5,Ocupada,6870.0,Sí
980,Hidalgo,Hombre,18,Urbana,No,8.0,3,Ocupada,7160.0,Sí
981,Guanajuato,Hombre,34,Urbana,No,7.0,4,Ocupada,,Sí
982,Nuevo León,Mujer,73,Urbana,No,7.0,2,Ocupada,13200.0,Sí
983,Guerrero,Mujer,95,Rural,No,4.0,6,Ocupada,5570.0,No
984,México,Mujer,17,Urbana,No,12.0,6,Ocupada,7020.0,Sí
985,Sinaloa,Mujer,19,Rural,No,,5,Ocupada,15360.0,Sí
986,Zacatecas,Mujer,60,Urbana,No,8.0,2,Ocupada,7490.0,Sí
987,México,Hombre,55,Rural,No,12.0,2,Ocupada,3170.0,Sí
988,Baja California,Mujer,49,Urbana,No,10.0,3,Ocupada,5260.0,Sí
989,Guerrero,Hombre,29,Urbana,No,14.0,3,Ocupada,12500.0,Sí
990,Chiapas,Mujer,63,Urbana,No,9.0,4,No económicamente activa,0.0,Sí
991,Puebla,Mujer,39,Rural,No,9.0,3,Ocupada,3380.0,Sí
992,Chihuahua,Mujer,20,Rural,No,7.0,6,Ocupada,5760.0,Sí
993,Campeche,Mujer,41,Rural,No,12.0,5,No económicamente activa,0.0,Sí
994,Baja California Sur,Mujer,26,Urbana,No,10.0,4,No económicamente activa,0.0,Sí
995,Tamaulipas,Mujer,50,Urbana,No,10.0,2,Ocupada,9080.0,Sí
996,Guanajuato,Hombre,34,Urbana,No,8.0,5,Ocupada,10330.0,Sí
997,Michoacán de Ocampo,Hombre,35,Rural,Sí,3.0,6,Ocupada,10740.0,No
998,Jalisco,Hombre,40,Urbana,No,13.0,4,Ocupada,10340.0,Sí
999,Baja California,Hombre,18,Urbana,No,15.0,1,No económicamente activa,,Sí
1000,Ciudad de México,Mujer,45,Urbana,No,13.0,5,No económicamente activa,0.0,No
1001,Tlaxcala,Hombre,35,Urbana,No,11.0,3,No económicamente activa,0.0,Sí
1002,México,Mujer,32,Urbana,No,11.0,5,Ocupada,12690.0,Sí
1003,Veracruz de Ignacio de la Llave,Hombre,26,Urbana,No,7.0,4,No económicamente activa,0.0,Sí
1004,Jalisco,Hombre,56,Urbana,No,5.0,3,Ocupada,14470.0,Sí
1005,Ciudad de México,Hombre,48,Urbana,No,6.0,3,Ocupada,6660.0,Sí
1006,Ciudad de México,Mujer,42,Urbana,No,16.0,1,Ocupada,5620.0,Sí
1007,Chiapas,Mujer,67,Rural,No,1.0,4,Ocupada,1480.0,Sí
1008,Veracruz de Ignacio de la Llave,Hombre,17,Urbana,Sí,3.0,5,No económicamente activa,0.0,No
1009,Guanajuato,Hombre,31,Rural,No,10.0,6,No económicamente activa,0.0,Sí
1010,Zacatecas,Mujer,35,Urbana,No,10.0,3,Ocupada,15460.0,Sí
1011,Michoacán de Ocampo,Hombre,22,Urbana,No,9.0,3,Ocupada,6880.0,No
1012,Ciudad de México,Mujer,47,Urbana,No,11.0,3,Ocupada,10330.0,No
1013,Hidalgo,Mujer,46,Rural,No,7.0,5,Ocupada,6310.0,No
1014,Ciudad de México,Mujer,51,Urbana,No,8.0,4,Ocupada,4160.0,No
1015,Nuevo León,Mujer,29,Urbana,No,11.0,3,No económicamente activa,0.0,Sí
1016,Veracruz de Ignacio de la Llave,Hombre,36,Rural,No,4.0,9,Ocupada,2090.0,Sí
1017,Puebla,Mujer,42,Urbana,No,15.0,5,No económicamente activa,0.0,Sí
1018,Sonora,Mujer,24,Urbana,No,9.0,3,Desocupada,0.0,No
1019,Michoacán de Ocampo,Hombre,59,Rural,No,6.0,4,No económicamente activa,0.0,Sí
1020,Quintana Roo,Mujer,70,Rural,No,13.0,3,No económicamente activa,,Sí
1021,Coahuila de Zaragoza,Hombre,64,Urbana,No,13.0,5,No económicamente activa,0.0,Sí
1022,México,Hombre,33,Urbana,No,9.0,3,Ocupada,4270.0,No
1023,Aguascalientes,Mujer,19,Urbana,No,14.0,4,No económicamente activa,0.0,Sí
1024,Ciudad de México,Hombre,35,Urbana,No,12.0,3,Ocupada,6280.0,Sí
1025,Puebla,Mujer,29,Urbana,No,15.0,3,Ocupada,15010.0,Sí
1026,Oaxaca,Hombre,50,Urbana,No,12.0,4,Ocupada,17730.0,Sí
1027,Nuevo León,Mujer,24,Urbana,No,7.0,3,Ocupada,6060.0,Sí
1028,Querétaro,Mujer,87,Urbana,No,8.0,9,Ocupada,10540.0,Sí
1029,México,Hombre,34,Urbana,No,12.0,4,Ocupada,32730.0,Sí
1030,Baja California,Hombre,41,Urbana,No,12.0,6,Ocupada,,Sí
1031,Nuevo León,Mujer,34,Urbana,No,14.0,6,Ocupada,12300.0,Sí
1032,Guanajuato,Mujer,39,Urbana,No,14.0,5,Ocupada,12010.0,Sí
1033,Jalisco,Hombre,41,Urbana,No,9.0,5,Ocupada,18300.0,Sí
1034,México,Mujer,41,Urbana,No,11.0,3,Desocupada,0.0,No
1035,Guanajuato,Hombre,28,Urbana,No,8.0,6,Ocupada,5300.0,Sí
1036,Sonora,Hombre,41,Rural,No,7.0,4,Ocupada,3450.0,Sí
1037,Jalisco,Hombre,93,Urbana,No,6.0,5,Ocupada,5700.0,Sí
1038,Sonora,Hombre,78,Urbana,No,10.0,4,Ocupada,5150.0,Sí
1039,Guanajuato,Mujer,29,Rural,No,9.0,4,No económicamente activa,0.0,Sí
1040,México,Mujer,56,Urbana,No,14.0,5,No económicamente activa,0.0,Sí
1041,Jalisco,Hombre,69,Urbana,No,11.0,3,Ocupada,6050.0,Sí
1042,Guerrero,Mujer,84,Urbana,No,7.0,3,No económicamente activa,0.0,Sí
1043,México,Hombre,34,Urbana,No,12.0,3,Ocupada,13250.0,Sí
1044,Michoacán de Ocampo,Mujer,22,Urbana,No,13.0,7,No económicamente activa,0.0,Sí
1045,México,Hombre,21,Rural,No,11.0,4,Ocupada,2780.0,Sí
1046,Querétaro,Mujer,45,Urbana,No,15.0,3,Ocupada,3610.0,Sí
1047,Puebla,Mujer,48,Urbana,No,14.0,5,No económicamente activa,,Sí
1048,Aguascalientes,Mujer,60,Urbana,No,8.0,3,No económicamente activa,0.0,Sí
1049,Guanajuato,Hombre,63,Urbana,No,8.0,2,Ocupada,5680.0,Sí
1050,Puebla,Hombre,33,Rural,No,11.0,3,Ocupada,6550.0,Sí
1051,Puebla,Mujer,31,Urbana,No,7.0,3,Ocupada,10900.0,Sí
1052,Chiapas,Hombre,63,Rural,Sí,4.0,2,Ocupada,2820.0,Sí
1053,Veracruz de Ignacio de la Llave,Hombre,41,Rural,No,13.0,8,Ocupada,10980.0,Sí
1054,Guerrero,Hombre,32,Rural,No,9.0,2,Ocupada,3950.0,Sí
1055,Chiapas,Mujer,51,Urbana,No,9.0,2,Desocupada,0.0,No
1056,Baja California Sur,Mujer,27,Urbana,No,11.0,5,Ocupada,7550.0,Sí
1057,Chiapas,Mujer,46,Rural,Sí,3.0,2,No económicamente activa,0.0,Sí
1058,Coahuila de Zaragoza,Hombre,74,Urbana,No,17.0,7,No económicamente activa,0.0,Sí
1059,Puebla,Mujer,38,Urbana,No,9.0,3,Ocupada,21380.0,Sí
1060,Jalisco,Hombre,25,Urbana,No,10.0,6,Ocupada,5050.0,Sí
1061,Baja California,Mujer,41,Urbana,No,10.0,3,No económicamente activa,0.0,Sí
1062,Tamaulipas,Hombre,58,Urbana,No,10.0,6,Ocupada,5970.0,Sí
1063,Nuevo León,Hombre,28,Urbana,No,19.0,2,Ocupada,9780.0,Sí
1064,Oaxaca,Mujer,30,Rural,No,13.0,3,Ocupada,11020.0,Sí
1065,Nuevo León,Hombre,22,Urbana,No,11.0,4,Ocupada,8000.0,Sí
1066,Guerrero,Hombre,71,Urbana,No,10.0,2,Desocupada,0.0,Sí
1067,Guerrero,Mujer,34,Rural,No,9.0,3,No económicamente activa,0.0,Sí
1068,Sinaloa,Hombre,46,Urbana,No,14.0,1,Ocupada,8990.0,Sí
1069,Guerrero,Hombre,43,Urbana,No,10.0,2,Ocupada,6180.0,Sí
1070,Veracruz de Ignacio de la Llave,Mujer,64,Rural,No,5.0,4,No económicamente activa,,Sí
1071,Baja California,Mujer,38,Urbana,No,13.0,3,Ocupada,,Sí
1072,Jalisco,Hombre,45,Rural,No,8.0,2,Ocupada,9790.0,Sí
1073,Querétaro,Mujer,53,Urbana,No,14.0,1,No económicamente activa,,Sí
1074,Quintana Roo,Mujer,31,Urbana,Sí,12.0,4,Ocupada,5980.0,No
1075,Baja California,Mujer,32,Urbana,No,11.0,6,Ocupada,11090.0,Sí
1076,Guanajuato,Mujer,52,Rural,No,12.0,4,Ocupada,5610.0,Sí
1077,Michoacán de Ocampo,Mujer,76,Urbana,No,10.0,3,No económicamente activa,0.0,Sí
1078,Guanajuato,Hombre,40,Urbana,No,9.0,2,No económicamente activa,0.0,Sí
1079,Guerrero,Hombre,95,Rural,Sí,6.0,1,Ocupada,5290.0,Sí
1080,Guanajuato,Mujer,24,Rural,No,10.0,3,No económicamente activa,0.0,Sí
1081,Michoacán de Ocampo,Hombre,72,Rural,No,1.0,7,Ocupada,2710.0,Sí
1082,Nayarit,Hombre,70,Urbana,No,9.0,4,Ocupada,5790.0,Sí
1083,Chiapas,Mujer,19,Rural,Sí,8.0,2,Ocupada,6100.0,Sí
1084,Chiapas,Mujer,44,Rural,No,11.0,4,No económicamente activa,0.0,Sí
1085,Ciudad de México,Mujer,46,Urbana,No,7.0,1,Ocupada,16020.0,Sí
1086,Tamaulipas,Mujer,19,Urbana,No,11.0,3,Ocupada,7460.0,Sí
1087,Chihuahua,Hombre,32,Urbana,No,11.0,2,Ocupada,13730.0,Sí
1088,Guerrero,Hombre,44,Urbana,No,9.0,4,Ocupada,11350.0,Sí
1089,Ciudad de México,Hombre,41,Urbana,No,12.0,3,Ocupada,,No
1090,Sonora,Mujer,88,Urbana,No,14.0,3,No económicamente activa,0.0,Sí
1091,Chiapas,Hombre,20,Urbana,No,4.0,3,Ocupada,2880.0,No
1092,Colima,Mujer,41,Urbana,No,11.0,1,Ocupada,5310.0,Sí
1093,Puebla,Hombre,40,Rural,Sí,6.0,3,Ocupada,4640.0,Sí
1094,Ciudad de México,Mujer,40,Urbana,No,13.0,4,No económicamente activa,0.0,Sí
1095,Quintana Roo,Hombre,23,Urbana,No,13.0,3,Ocupada,9980.0,Sí
1096,San Luis Potosí,Hombre,88,Rural,No,1.0,3,No económicamente activa,0.0,Sí
1097,Quintana Roo,Mujer,43,Urbana,No,16.0,4,Ocupada,41340.0,Sí
1098,San Luis Potosí,Mujer,20,Urbana,Sí,4.0,4,No económicamente activa,0.0,Sí
1099,Michoacán de Ocampo,Hombre,34,Rural,No,15.0,2,Ocupada,3740.0,Sí
1100,Chiapas,Hombre,24,Urbana,No,9.0,4,Ocupada,5950.0,Sí
1101,Nuevo León,Hombre,56,Urbana,No,10.0,2,Ocupada,10550.0,Sí
1102,Baja California,Mujer,44,Urbana,No,12.0,3,No económicamente activa,0.0,Sí
1103,Veracruz de Ignacio de la Llave,Hombre,62,Urbana,No,6.0,4,Ocupada,2690.0,Sí
1104,Baja California,Mujer,28,Urbana,No,10.0,6,No económicamente activa,0.0,Sí
1105,Tlaxcala,Hombre,27,Urbana,No,6.0,4,Ocupada,9040.0,No
1106,Chihuahua,Mujer,49,Urbana,No,18.0,3,Ocupada,18990.0,Sí
1107,Puebla,Mujer,37,Urbana,No,9.0,7,Ocupada,12650.0,No
1108,Sonora,Hombre,54,Rural,No,10.0,9,Ocupada,4710.0,Sí
1109,Jalisco,Mujer,45,Rural,No,10.0,2,Desocupada,0.0,Sí
1110,Guanajuato,Mujer,36,Urbana,No,9.0,1,Ocupada,4420.0,Sí
1111,México,Hombre,50,Urbana,No,9.0,3,Ocupada,18570.0,Sí
1112,Guanajuato,Mujer,93,Urbana,No,0.0,4,No económicamente activa,0.0,Sí
1113,México,Mujer,45,Rural,No,10.0,1,Ocupada,6680.0,Sí
1114,Zacatecas,Mujer,56,Rural,No,10.0,4,Ocupada,2020.0,Sí
1115,Veracruz de Ignacio de la Llave,Hombre,52,Urbana,Sí,12.0,7,No económicamente activa,0.0,No
1116,Michoacán de Ocampo,Hombre,22,Urbana,No,15.0,5,Ocupada,17630.0,Sí
1117,Nuevo León,Mujer,25,Rural,No,11.0,6,No económicamente activa,0.0,Sí
1118,México,Hombre,45,Urbana,No,12.0,4,Ocupada,23090.0,No
1119,Nuevo León,Mujer,27,Urbana,No,7.0,7,No económicamente activa,0.0,No
1120,Guerrero,Mujer,29,Rural,No,7.0,5,Ocupada,5460.0,Sí
1121,Ciudad de México,Hombre,60,Urbana,No,10.0,6,No económicamente activa,0.0,Sí
1122,México,Mujer,31,Rural,No,9.0,3,No económicamente activa,0.0,No
1123,Puebla,Hombre,50,Rural,No,11.0,4,Ocupada,8400.0,Sí
1124,Sinaloa,Mujer,21,Urbana,No,10.0,2,No económicamente activa,0.0,Sí
1125,Michoacán de Ocampo,Hombre,33,Urbana,No,12.0,4,No económicamente activa,0.0,No
1126,Puebla,Mujer,27,Urbana,No,11.0,4,No económicamente activa,0.0,No
1127,Jalisco,Hombre,22,Urbana,No,6.0,2,Ocupada,3190.0,No
1128,Veracruz de Ignacio de la Llave,Hombre,30,Urbana,No,7.0,4,Ocupada,6930.0,Sí
1129,Tamaulipas,Mujer,92,Urbana,No,13.0,3,No económicamente activa,0.0,Sí
1130,Oaxaca,Hombre,55,Rural,Sí,5.0,3,No económicamente activa,0.0,Sí
1131,Guerrero,Mujer,95,Urbana,No,8.0,3,No económicamente activa,0.0,Sí
1132,Veracruz de Ignacio de la Llave,Mujer,68,Urbana,No,8.0,6,No económicamente activa,0.0,Sí
1133,Nuevo León,Hombre,61,Urbana,No,11.0,4,Ocupada,7030.0,Sí
1134,Ciudad de México,Mujer,59,Urbana,No,15.0,4,Ocupada,18070.0,Sí
1135,Guerrero,Mujer,35,Rural,No,6.0,4,No económicamente activa,0.0,Sí
1136,Quintana Roo,Mujer,68,Urbana,No,10.0,5,No económicamente activa,,No
1137,Jalisco,Mujer,39,Urbana,No,14.0,4,No económicamente activa,0.0,No
1138,Guanajuato,Hombre,31,Urbana,No,9.0,3,No económicamente activa,0.0,No
1139,México,Mujer,20,Urbana,No,14.0,2,Ocupada,8740.0,Sí
1140,Nuevo León,Hombre,54,Urbana,No,10.0,4,Ocupada,13120.0,Sí
1141,Sinaloa,Mujer,59,Rural,No,1.0,4,No económicamente activa,0.0,Sí
1142,México,Mujer,38,Urbana,No,11.0,3,Ocupada,7610.0,Sí
1143,Guanajuato,Hombre,33,Rural,No,11.0,6,Ocupada,7420.0,Sí
1144,México,Hombre,61,Urbana,No,9.0,5,No económicamente activa,0.0,Sí
1145,Guanajuato,Mujer,68,Urbana,No,7.0,2,No económicamente activa,0.0,Sí
1146,México,Hombre,47,Urbana,No,12.0,4,Ocupada,7190.0,Sí
1147,Baja California,Hombre,28,Urbana,No,11.0,5,Ocupada,5980.0,No
1148,México,Mujer,56,Urbana,No,10.0,3,No económicamente activa,,Sí
1149,México,Hombre,32,Urbana,No,10.0,3,No económicamente activa,0.0,No
1150,México,Mujer,59,Urbana,No,12.0,5,No económicamente activa,0.0,Sí
1151,Baja California,Mujer,51,Urbana,No,10.0,4,No económicamente activa,0.0,Sí
1152,México,Hombre,56,Urbana,No,15.0,2,Ocupada,17280.0,Sí
1153,Coahuila de Zaragoza,Mujer,51,Urbana,No,10.0,5,No económicamente activa,,No
1154,Guerrero,Hombre,59,Rural,No,,5,Ocupada,5810.0,Sí
1155,Guanajuato,Mujer,56,Urbana,No,8.0,5,Ocupada,7790.0,No
1156,Campeche,Mujer,67,Urbana,No,0.0,5,No económicamente activa,0.0,Sí
1157,Oaxaca,Mujer,65,Rural,No,3.0,3,Ocupada,3650.0,Sí
1158,México,Mujer,28,Urbana,No,10.0,3,No económicamente activa,0.0,Sí
1159,Chiapas,Hombre,30,Rural,No,11.0,5,Ocupada,9850.0,Sí
1160,México,Mujer,86,Urbana,No,9.0,3,No económicamente activa,0.0,Sí
1161,Jalisco,Hombre,45,Urbana,No,16.0,3,Ocupada,11060.0,Sí
1162,México,Mujer,33,Urbana,No,11.0,3,Ocupada,11210.0,Sí
1163,Tabasco,Mujer,77,Rural,No,2.0,1,No económicamente activa,0.0,No
1164,Chiapas,Hombre,27,Rural,Sí,4.0,5,Ocupada,1600.0,Sí
1165,San Luis Potosí,Mujer,37,Rural,No,15.0,4,Ocupada,8910.0,Sí
1166,Tamaulipas,Mujer,59,Rural,No,3.0,3,No económicamente activa,0.0,Sí
1167,Veracruz de Ignacio de la Llave,Mujer,52,Urbana,No,8.0,5,Ocupada,4480.0,No
1168,Nuevo León,Mujer,62,Urbana,No,10.0,4,Ocupada,4960.0,Sí
1169,México,Mujer,21,Rural,No,10.0,4,Ocupada,3650.0,Sí
1170,Quintana Roo,Hombre,36,Urbana,No,13.0,6,Desocupada,0.0,Sí
1171,Baja California,Mujer,95,Urbana,No,11.0,2,Ocupada,3340.0,Sí
1172,Ciudad de México,Hombre,25,Urbana,No,16.0,6,No económicamente activa,0.0,Sí
1173,Oaxaca,Mujer,26,Rural,No,7.0,5,Ocupada,2380.0,No
1174,México,Hombre,41,Urbana,No,5.0,5,Ocupada,4460.0,Sí
1175,Chihuahua,Hombre,27,Urbana,No,14.0,5,Ocupada,11890.0,Sí
1176,Michoacán de Ocampo,Hombre,91,Urbana,No,10.0,1,No económicamente activa,0.0,Sí
1177,Oaxaca,Mujer,29,Urbana,No,6.0,4,Ocupada,3510.0,Sí
1178,Sonora,Hombre,28,Urbana,No,6.0,8,No económicamente activa,0.0,Sí
1179,Querétaro,Hombre,29,Urbana,No,17.0,2,Ocupada,8640.0,Sí
1180,Ciudad de México,Mujer,82,Urbana,No,11.0,2,No económicamente activa,0.0,Sí
1181,Guanajuato,Mujer,50,Urbana,No,13.0,5,Ocupada,9020.0,Sí
1182,México,Hombre,74,Urbana,No,12.0,6,No económicamente activa,0.0,Sí
1183,México,Hombre,28,Rural,No,11.0,3,No económicamente activa,0.0,Sí
1184,Nuevo León,Mujer,28,Urbana,No,10.0,2,No económicamente activa,0.0,Sí
1185,Hidalgo,Mujer,34,Urbana,No,10.0,4,No económicamente activa,0.0,Sí
1186,Tamaulipas,Mujer,37,Urbana,No,12.0,5,Ocupada,5770.0,Sí
1187,Chiapas,Mujer,41,Rural,Sí,3.0,4,No económicamente activa,0.0,No
1188,Oaxaca,Hombre,46,Rural,Sí,6.0,7,Ocupada,2580.0,Sí
1189,México,Mujer,37,Rural,No,11.0,4,Ocupada,4060.0,Sí
1190,Puebla,Mujer,79,Urbana,No,11.0,2,No económicamente activa,0.0,Sí
1191,Jalisco,Hombre,78,Urbana,No,10.0,3,No económicamente activa,0.0,No
1192,Hidalgo,Mujer,25,Rural,No,7.0,2,No económicamente activa,0.0,No
1193,Ciudad de México,Hombre,33,Urbana,No,18.0,4,Ocupada,16400.0,No
1194,Aguascalientes,Mujer,41,Urbana,No,11.0,6,No económicamente activa,0.0,Sí
1195,Chiapas,Mujer,41,Rural,No,5.0,5,Ocupada,3710.0,Sí
1196,Baja California,Hombre,69,Urbana,No,10.0,2,Ocupada,7170.0,Sí
1197,México,Hombre,55,Rural,No,12.0,6,Ocupada,11090.0,Sí
1198,Guerrero,Mujer,51,Urbana,No,12.0,2,No económicamente activa,0.0,Sí
1199,México,Mujer,42,Urbana,No,13.0,5,Ocupada,12960.0,Sí
1200,Durango,Hombre,47,Urbana,No,8.0,3,Ocupada,14000.0,Sí
1201,Veracruz de Ignacio de la Llave,Mujer,44,Urbana,No,11.0,4,Ocupada,6040.0,Sí
1202,Sonora,Hombre,37,Rural,Sí,3.0,2,Ocupada,4320.0,No
1203,Chiapas,Hombre,47,Urbana,Sí,11.0,2,Ocupada,4410.0,Sí
1204,Durango,Mujer,26,Urbana,No,12.0,4,Ocupada,5710.0,Sí
1205,Michoacán de Ocampo,Mujer,72,Urbana,No,10.0,4,No económicamente activa,0.0,Sí
1206,Hidalgo,Hombre,55,Urbana,Sí,3.0,2,Ocupada,4480.0,Sí
1207,México,Hombre,39,Urbana,No,13.0,3,Ocupada,13310.0,Sí
1208,Puebla,Mujer,42,Urbana,No,6.0,6,No económicamente activa,0.0,Sí
1209,Yucatán,Mujer,47,Urbana,No,12.0,1,Ocupada,10000.0,Sí
1210,México,Mujer,54,Rural,No,8.0,11,No económicamente activa,0.0,Sí
1211,Campeche,Mujer,30,Urbana,No,12.0,3,No económicamente activa,0.0,Sí
1212,Jalisco,Mujer,37,Rural,No,8.0,5,No económicamente activa,0.0,Sí
1213,Hidalgo,Mujer,37,Urbana,Sí,8.0,2,Ocupada,5130.0,Sí
1214,Oaxaca,Mujer,51,Urbana,No,8.0,3,No económicamente activa,0.0,Sí
1215,Ciudad de México,Mujer,41,Urbana,No,8.0,4,No económicamente activa,0.0,No
1216,Baja California,Hombre,56,Urbana,Sí,9.0,4,Ocupada,11970.0,Sí
1217,México,Hombre,41,Urbana,No,8.0,3,Ocupada,22630.0,Sí
1218,Jalisco,Hombre,32,Urbana,No,14.0,4,Ocupada,9680.0,Sí
1219,Nuevo León,Mujer,72,Urbana,No,11.0,4,No económicamente activa,0.0,Sí
1220,San Luis Potosí,Mujer,21,Urbana,No,9.0,6,Ocupada,11640.0,Sí
1221,Jalisco,Mujer,95,Rural,No,3.0,4,No económicamente activa,0.0,Sí
1222,Tamaulipas,Mujer,83,Urbana,No,8.0,2,No económicamente activa,0.0,Sí
1223,Veracruz de Ignacio de la Llave,Hombre,33,Urbana,No,4.0,2,Ocupada,2950.0,Sí
1224,México,Hombre,59,Urbana,No,11.0,4,Ocupada,9390.0,Sí
1225,Nuevo León,Mujer,35,Urbana,No,14.0,2,No económicamente activa,0.0,Sí
1226,México,Hombre,35,Urbana,No,15.0,2,Desocupada,0.0,Sí
1227,Chiapas,Hombre,29,Rural,No,10.0,3,No económicamente activa,0.0,Sí
1228,Tamaulipas,Hombre,40,Urbana,No,6.0,4,Ocupada,4730.0,Sí
1229,México,Hombre,31,Urbana,No,14.0,4,Ocupada,20160.0,Sí
1230,Guanajuato,Mujer,43,Urbana,No,10.0,2,No económicamente activa,0.0,Sí
1231,México,Mujer,63,Urbana,No,11.0,4,Ocupada,6050.0,Sí
1232,Veracruz de Ignacio de la Llave,Hombre,35,Urbana,No,12.0,4,No económicamente activa,0.0,Sí
1233,México,Hombre,57,Urbana,No,5.0,3,Ocupada,4430.0,Sí
1234,México,Mujer,41,Urbana,No,11.0,5,No económicamente activa,0.0,Sí
1235,Querétaro,Hombre,39,Urbana,No,,2,Ocupada,13400.0,Sí
1236,Chihuahua,Hombre,63,Urbana,No,9.0,6,Ocupada,9050.0,Sí
1237,Zacatecas,Mujer,48,Rural,No,9.0,5,No económicamente activa,0.0,Sí
1238,Puebla,Hombre,37,Urbana,No,13.0,1,Ocupada,17950.0,Sí
1239,Veracruz de Ignacio de la Llave,Hombre,32,Urbana,No,10.0,5,Ocupada,8780.0,Sí
1240,Nayarit,Mujer,53,Rural,No,6.0,3,Ocupada,4370.0,Sí
1241,San Luis Potosí,Hombre,50,Rural,No,9.0,4,Ocupada,5600.0,Sí
1242,Nuevo León,Hombre,37,Urbana,No,13.0,3,No económicamente activa,0.0,Sí
1243,Veracruz de Ignacio de la Llave,Mujer,44,Rural,No,10.0,6,Ocupada,12210.0,No
1244,México,Mujer,33,Urbana,No,18.0,6,Ocupada,23860.0,Sí
1245,Hidalgo,Hombre,19,Rural,No,12.0,5,Ocupada,4210.0,Sí
1246,Querétaro,Hombre,44,Urbana,No,16.0,5,Ocupada,16570.0,Sí
1247,Sonora,Mujer,95,Urbana,No,10.0,2,No económicamente activa,0.0,Sí
1248,México,Hombre,22,Urbana,No,16.0,5,No económicamente activa,0.0,Sí
1249,San Luis Potosí,Mujer,27,Urbana,No,11.0,2,Ocupada,5830.0,Sí
1250,Puebla,Mujer,73,Rural,No,11.0,5,Desocupada,0.0,Sí
1251,Sinaloa,Hombre,38,Urbana,No,12.0,1,Ocupada,8560.0,Sí
1252,Nayarit,Hombre,41,Rural,No,12.0,6,Ocupada,16630.0,Sí
1253,Michoacán de Ocampo,Mujer,27,Urbana,No,15.0,4,No económicamente activa,0.0,Sí
1254,Tlaxcala,Hombre,60,Rural,No,4.0,6,Ocupada,,Sí
1255,San Luis Potosí,Mujer,48,Urbana,No,10.0,6,Ocupada,9870.0,Sí
1256,Veracruz de Ignacio de la Llave,Hombre,27,Rural,No,10.0,6,Ocupada,5520.0,Sí
1257,México,Mujer,30,Urbana,No,12.0,5,No económicamente activa,0.0,Sí
1258,Guanajuato,Hombre,43,Rural,No,10.0,2,No económicamente activa,0.0,Sí
1259,México,Mujer,60,Urbana,No,9.0,7,Ocupada,12660.0,Sí
1260,Nuevo León,Hombre,23,Urbana,No,7.0,1,Ocupada,14720.0,Sí
1261,Ciudad de México,Mujer,42,Urbana,No,14.0,2,Ocupada,14560.0,Sí
1262,Michoacán de Ocampo,Hombre,17,Urbana,No,6.0,2,No económicamente activa,0.0,Sí
1263,Chihuahua,Hombre,27,Rural,No,10.0,5,Ocupada,8790.0,Sí
1264,Tamaulipas,Mujer,23,Urbana,No,15.0,6,Ocupada,5180.0,Sí
1265,Tamaulipas,Hombre,19,Urbana,No,10.0,4,No económicamente activa,0.0,Sí
1266,México,Mujer,73,Urbana,No,10.0,2,No económicamente activa,0.0,Sí
1267,San Luis Potosí,Hombre,46,Rural,No,8.0,4,No económicamente activa,0.0,Sí
1268,Tamaulipas,Mujer,65,Rural,No,7.0,9,Ocupada,4900.0,Sí
1269,Chiapas,Hombre,25,Rural,Sí,5.0,4,Ocupada,3490.0,Sí
1270,Durango,Hombre,34,Urbana,No,5.0,4,Ocupada,4580.0,Sí
1271,Michoacán de Ocampo,Mujer,30,Urbana,No,9.0,2,Ocupada,4740.0,Sí
1272,Durango,Mujer,39,Urbana,No,14.0,4,No económicamente activa,0.0,Sí
1273,México,Hombre,25,Rural,No,9.0,4,Ocupada,6790.0,Sí
1274,Yucatán,Hombre,32,Urbana,No,10.0,4,Ocupada,11090.0,Sí
1275,Chihuahua,Hombre,86,Urbana,No,10.0,2,No económicamente activa,0.0,Sí
1276,Durango,Mujer,44,Rural,No,9.0,5,No económicamente activa,0.0,Sí
1277,Michoacán de Ocampo,Mujer,52,Rural,No,6.0,4,No económicamente activa,0.0,Sí
1278,Ciudad de México,Hombre,35,Urbana,No,20.0,2,Ocupada,17730.0,Sí
1279,México,Hombre,74,Rural,No,6.0,1,No económicamente activa,0.0,No
1280,Veracruz de Ignacio de la Llave,Mujer,55,Urbana,No,11.0,3,No económicamente activa,0.0,Sí
1281,San Luis Potosí,Mujer,19,Urbana,No,16.0,3,No económicamente activa,0.0,Sí
1282,Nuevo León,Hombre,36,Urbana,No,14.0,3,Ocupada,10680.0,Sí
1283,Veracruz de Ignacio de la Llave,Mujer,19,Rural,Sí,10.0,4,Ocupada,7620.0,Sí
1284,Guanajuato,Mujer,95,Rural,No,4.0,5,No económicamente activa,0.0,Sí
1285,Nuevo León,Mujer,56,Urbana,No,12.0,4,Ocupada,21640.0,Sí
1286,Guerrero,Hombre,17,Urbana,No,13.0,3,No económicamente activa,0.0,Sí
1287,Michoacán de Ocampo,Hombre,41,Urbana,No,12.0,3,Ocupada,23140.0,Sí
1288,San Luis Potosí,Hombre,35,Rural,No,12.0,3,No económicamente activa,0.0,Sí
1289,Guerrero,Hombre,38,Rural,No,12.0,8,Ocupada,4680.0,Sí
1290,Morelos,Hombre,38,Urbana,No,5.0,2,Ocupada,2040.0,Sí
1291,Sonora,Hombre,30,Urbana,No,10.0,2,Ocupada,8900.0,Sí
1292,Oaxaca,Hombre,29,Rural,No,13.0,5,Ocupada,5600.0,Sí
1293,Hidalgo,Hombre,44,Rural,No,8.0,6,Ocupada,8360.0,No
1294,Ciudad de México,Hombre,27,Urbana,No,14.0,3,Ocupada,10010.0,Sí
1295,Guanajuato,Mujer,19,Urbana,No,8.0,2,No económicamente activa,0.0,Sí
1296,Puebla,Hombre,61,Urbana,No,3.0,4,Ocupada,,No
1297,Quintana Roo,Hombre,32,Urbana,No,12.0,2,Ocupada,8650.0,Sí
1298,Jalisco,Mujer,35,Urbana,No,14.0,4,Ocupada,21220.0,Sí
1299,Jalisco,Mujer,53,Urbana,No,10.0,3,Ocupada,6300.0,No
1300,Guerrero,Mujer,44,Rural,Sí,9.0,7,Ocupada,6790.0,Sí
1301,Michoacán de Ocampo,Mujer,95,Rural,No,5.0,3,No económicamente activa,0.0,Sí
1302,Nuevo León,Hombre,16,Urbana,No,15.0,2,No económicamente activa,0.0,Sí
1303,Oaxaca,Hombre,62,Rural,No,8.0,6,Ocupada,7460.0,Sí
1304,Veracruz de Ignacio de la Llave,Hombre,24,Rural,No,8.0,3,Ocupada,25500.0,Sí
1305,Guerrero,Hombre,39,Urbana,No,12.0,2,Ocupada,9450.0,Sí
1306,Veracruz de Ignacio de la Llave,Mujer,22,Urbana,No,12.0,2,Ocupada,,Sí
1307,Baja California,Mujer,62,Urbana,No,12.0,3,No económicamente activa,0.0,Sí
1308,Hidalgo,Hombre,43,Rural,No,8.0,6,Ocupada,6580.0,Sí
1309,México,Hombre,31,Urbana,No,13.0,2,Ocupada,16990.0,Sí
1310,Chiapas,Mujer,61,Rural,No,9.0,6,No económicamente activa,0.0,Sí
1311,Jalisco,Hombre,40,Urbana,No,9.0,3,Ocupada,22290.0,Sí
1312,México,Mujer,78,Urbana,No,18.0,4,Ocupada,14140.0,Sí
1313,Hidalgo,Hombre,33,Rural,Sí,10.0,4,Desocupada,0.0,Sí
1314,Nuevo León,Mujer,62,Urbana,No,13.0,4,No económicamente activa,0.0,Sí
1315,Michoacán de Ocampo,Hombre,27,Rural,No,12.0,4,Ocupada,3070.0,Sí
1316,Michoacán de Ocampo,Hombre,47,Rural,No,7.0,6,Ocupada,3360.0,Sí
1317,México,Mujer,65,Urbana,No,14.0,2,No económicamente activa,0.0,Sí
1318,Ciudad de México,Hombre,46,Urbana,No,13.0,4,Ocupada,11790.0,Sí
1319,Chiapas,Mujer,23,Rural,Sí,5.0,2,No económicamente activa,0.0,No
1320,Durango,Hombre,75,Urbana,No,2.0,1,No económicamente activa,0.0,Sí
1321,Hidalgo,Mujer,55,Urbana,No,11.0,1,Ocupada,6460.0,Sí
1322,Puebla,Hombre,38,Urbana,No,9.0,5,Ocupada,10270.0,Sí
1323,Puebla,Mujer,48,Rural,No,11.0,4,Ocupada,6250.0,Sí
1324,Ciudad de México,Hombre,34,Urbana,No,6.0,4,Ocupada,3970.0,Sí
1325,Chihuahua,Hombre,21,Urbana,No,12.0,5,Ocupada,3270.0,Sí
1326,Veracruz de Ignacio de la Llave,Mujer,48,Urbana,No,7.0,1,Ocupada,13670.0,Sí
1327,Puebla,Hombre,70,Urbana,No,10.0,2,Ocupada,2590.0,Sí
1328,Hidalgo,Hombre,28,Rural,Sí,11.0,5,Ocupada,7640.0,Sí
1329,Chiapas,Mujer,51,Urbana,No,10.0,1,No económicamente activa,0.0,Sí
1330,Jalisco,Hombre,34,Urbana,No,11.0,6,Ocupada,5700.0,No
1331,Jalisco,Hombre,34,Urbana,No,8.0,5,Ocupada,4130.0,Sí
1332,San Luis Potosí,Hombre,27,Rural,Sí,11.0,5,Ocupada,13960.0,Sí
1333,Veracruz de Ignacio de la Llave,Hombre,31,Rural,Sí,10.0,3,No económicamente activa,0.0,Sí
1334,Jalisco,Mujer,35,Urbana,No,9.0,3,No económicamente activa,0.0,Sí
1335,Quintana Roo,Mujer,26,Urbana,No,13.0,3,No económicamente activa,0.0,Sí
1336,México,Hombre,34,Urbana,No,6.0,5,Ocupada,9280.0,No
1337,Jalisco,Mujer,42,Urbana,No,14.0,7,Ocupada,5290.0,No
1338,Chiapas,Mujer,48,Urbana,Sí,7.0,3,No económicamente activa,0.0,Sí
1339,San Luis Potosí,Hombre,45,Rural,No,10.0,3,Ocupada,5810.0,Sí
1340,Tamaulipas,Mujer,40,Urbana,No,17.0,3,No económicamente activa,0.0,Sí
1341,Quintana Roo,Hombre,32,Urbana,No,17.0,2,Ocupada,8980.0,Sí
1342,Jalisco,Mujer,41,Urbana,No,13.0,4,No económicamente activa,0.0,Sí
1343,Chiapas,Mujer,25,Urbana,No,7.0,3,Ocupada,11010.0,Sí
1344,Nuevo León,Hombre,34,Urbana,No,14.0,5,Ocupada,3070.0,Sí
1345,Jalisco,Mujer,42,Urbana,No,8.0,3,Ocupada,9830.0,Sí
1346,Sinaloa,Mujer,68,Urbana,No,10.0,5,No económicamente activa,0.0,Sí
1347,Nuevo León,Hombre,31,Urbana,No,10.0,5,Ocupada,6080.0,Sí
1348,Veracruz de Ignacio de la Llave,Mujer,37,Urbana,No,9.0,4,Ocupada,11160.0,Sí
1349,Puebla,Mujer,49,Urbana,No,13.0,3,No económicamente activa,0.0,Sí
1350,Quintana Roo,Hombre,44,Urbana,No,14.0,8,No económicamente activa,0.0,Sí
1351,Puebla,Hombre,52,Urbana,No,9.0,5,Ocupada,10620.0,Sí
1352,Baja California Sur,Hombre,40,Rural,Sí,11.0,3,Ocupada,4940.0,No
1353,Coahuila de Zaragoza,Hombre,24,Urbana,No,14.0,3,Ocupada,13650.0,Sí
1354,Morelos,Hombre,95,Urbana,No,0.0,4,Ocupada,2750.0,Sí
1355,México,Hombre,34,Urbana,No,13.0,1,No económicamente activa,,No
1356,Quintana Roo,Hombre,77,Urbana,No,8.0,5,No económicamente activa,0.0,Sí
1357,Jalisco,Mujer,44,Urbana,No,5.0,3,No económicamente activa,0.0,Sí
1358,Chihuahua,Mujer,95,Urbana,No,7.0,3,No económicamente activa,0.0,Sí
1359,Ciudad de México,Mujer,63,Urbana,No,8.0,2,Ocupada,6880.0,Sí
1360,Sonora,Mujer,64,Urbana,No,7.0,3,Ocupada,9160.0,Sí
1361,Michoacán de Ocampo,Hombre,33,Urbana,No,12.0,1,Ocupada,,Sí
1362,Tabasco,Hombre,39,Rural,No,9.0,3,Ocupada,8780.0,Sí
1363,Ciudad de México,Hombre,70,Urbana,No,12.0,3,No económicamente activa,0.0,Sí
1364,Nayarit,Hombre,35,Urbana,No,12.0,3,Ocupada,8630.0,Sí
1365,Baja California,Mujer,37,Urbana,No,11.0,4,Ocupada,13050.0,Sí
1366,Michoacán de Ocampo,Hombre,30,Rural,No,9.0,4,Ocupada,3700.0,Sí
1367,Ciudad de México,Hombre,38,Urbana,No,18.0,1,Ocupada,5110.0,Sí
1368,Sinaloa,Hombre,28,Urbana,No,15.0,3,Ocupada,5680.0,Sí
1369,Hidalgo,Hombre,82,Urbana,No,7.0,2,No económicamente activa,0.0,Sí
1370,Veracruz de Ignacio de la Llave,Hombre,42,Rural,Sí,1.0,3,Ocupada,5820.0,Sí
1371,México,Mujer,40,Urbana,No,9.0,4,Ocupada,9330.0,Sí
1372,Baja California,Hombre,39,Urbana,No,15.0,2,No económicamente activa,0.0,Sí
1373,Ciudad de México,Mujer,63,Urbana,No,11.0,5,Ocupada,6580.0,Sí
1374,México,Mujer,80,Urbana,No,5.0,5,No económicamente activa,0.0,No
1375,Guanajuato,Hombre,76,Urbana,No,7.0,3,No económicamente activa,0.0,Sí
1376,Tamaulipas,Mujer,57,Urbana,No,12.0,3,No económicamente activa,0.0,Sí
1377,Michoacán de Ocampo,Hombre,36,Rural,No,12.0,5,Ocupada,4930.0,Sí
1378,Michoacán de Ocampo,Mujer,41,Rural,No,14.0,2,Ocupada,13030.0,Sí
1379,Chihuahua,Hombre,83,Urbana,No,12.0,4,No económicamente activa,0.0,Sí
1380,Querétaro,Mujer,80,Urbana,No,9.0,3,No económicamente activa,0.0,Sí
1381,Hidalgo,Mujer,27,Rural,No,7.0,4,No económicamente activa,0.0,Sí
1382,Veracruz de Ignacio de la Llave,Hombre,56,Urbana,No,,2,No económicamente activa,0.0,Sí
1383,Tamaulipas,Hombre,53,Urbana,No,11.0,3,Ocupada,9460.0,Sí
1384,Hidalgo,Mujer,29,Urbana,No,14.0,1,No económicamente activa,0.0,Sí
1385,México,Hombre,27,Urbana,No,6.0,3,Ocupada,9050.0,Sí
1386,Guanajuato,Hombre,21,Urbana,No,8.0,3,Ocupada,7660.0,Sí
1387,Michoacán de Ocampo,Mujer,36,Rural,Sí,9.0,3,No económicamente activa,0.0,No
1388,Puebla,Hombre,58,Urbana,No,12.0,2,Ocupada,10690.0,Sí
1389,Jalisco,Hombre,41,Urbana,No,9.0,2,Ocupada,6440.0,Sí
1390,Quintana Roo,Hombre,54,Urbana,No,9.0,4,Ocupada,7140.0,Sí
1391,Puebla,Hombre,39,Urbana,No,14.0,1,No económicamente activa,0.0,Sí
1392,Puebla,Hombre,43,Urbana,No,11.0,2,Desocupada,0.0,Sí
1393,México,Mujer,57,Urbana,No,6.0,1,Ocupada,4620.0,Sí
1394,Ciudad de México,Hombre,63,Urbana,No,12.0,3,Ocupada,9460.0,No
1395,Ciudad de México,Hombre,25,Urbana,No,15.0,5,Ocupada,13040.0,Sí
1396,Sonora,Hombre,68,Urbana,No,15.0,2,Ocupada,13700.0,Sí
1397,Oaxaca,Hombre,51,Urbana,No,9.0,5,Ocupada,14770.0,Sí
1398,Michoacán de Ocampo,Hombre,41,Urbana,No,7.0,3,Ocupada,7970.0,Sí
1399,Morelos,Mujer,26,Urbana,No,10.0,3,Ocupada,5940.0,Sí
1400,Tabasco,Hombre,76,Urbana,No,9.0,3,No económicamente activa,0.0,Sí
1401,Tamaulipas,Mujer,68,Urbana,No,12.0,4,No económicamente activa,0.0,Sí
1402,Ciudad de México,Hombre,24,Urbana,No,15.0,4,Ocupada,9720.0,Sí
1403,Tamaulipas,Mujer,57,Urbana,No,5.0,3,No económicamente activa,0.0,Sí
1404,Guanajuato,Hombre,36,Rural,No,14.0,3,No económicamente activa,0.0,Sí
1405,Aguascalientes,Mujer,52,Urbana,No,9.0,5,Ocupada,26870.0,Sí
1406,Nuevo León,Hombre,43,Urbana,No,10.0,3,Ocupada,3360.0,Sí
1407,Ciudad de México,Mujer,40,Urbana,Sí,10.0,1,Ocupada,8380.0,No
1408,Sonora,Hombre,28,Urbana,No,8.0,7,No económicamente activa,0.0,No
1409,Tlaxcala,Mujer,81,Urbana,No,9.0,4,Ocupada,8440.0,Sí
1410,Oaxaca,Mujer,34,Urbana,No,10.0,7,Ocupada,6240.0,Sí
1411,Ciudad de México,Hombre,44,Urbana,No,,6,Ocupada,14890.0,Sí
1412,Guerrero,Mujer,65,Urbana,No,10.0,7,Ocupada,20960.0,Sí
1413,México,Hombre,44,Urbana,No,,2,Ocupada,14490.0,Sí
1414,Baja California,Mujer,57,Urbana,No,7.0,4,No económicamente activa,0.0,No
1415,México,Hombre,34,Urbana,No,9.0,2,No económicamente activa,0.0,No
1416,Tamaulipas,Mujer,40,Urbana,No,12.0,3,No económicamente activa,0.0,No
1417,Durango,Mujer,60,Urbana,No,14.0,4,Ocupada,8680.0,Sí
1418,Hidalgo,Hombre,43,Rural,No,11.0,2,Ocupada,11850.0,Sí
1419,Sinaloa,Hombre,32,Urbana,No,11.0,2,Ocupada,4800.0,Sí
1420,Chihuahua,Hombre,20,Urbana,No,9.0,2,Ocupada,6830.0,Sí
1421,Veracruz de Ignacio de la Llave,Mujer,24,Rural,No,7.0,4,Desocupada,0.0,No
1422,Veracruz de Ignacio de la Llave,Hombre,33,Rural,No,11.0,5,Ocupada,9880.0,Sí
1423,Veracruz de Ignacio de la Llave,Mujer,26,Rural,No,9.0,5,Ocupada,7360.0,No
1424,México,Mujer,50,Urbana,No,7.0,2,Ocupada,5840.0,Sí
1425,Jalisco,Mujer,66,Urbana,No,12.0,2,No económicamente activa,0.0,Sí
1426,Veracruz de Ignacio de la Llave,Mujer,52,Urbana,No,16.0,2,No económicamente activa,0.0,Sí
1427,Chiapas,Hombre,66,Urbana,No,14.0,3,No económicamente activa,0.0,Sí
1428,Tlaxcala,Hombre,76,Urbana,No,12.0,3,No económicamente activa,0.0,Sí
1429,Nuevo León,Hombre,38,Urbana,No,10.0,5,Ocupada,6410.0,Sí
1430,Quintana Roo,Mujer,82,Urbana,No,9.0,1,No económicamente activa,0.0,Sí
1431,Coahuila de Zaragoza,Hombre,43,Urbana,No,11.0,5,No económicamente activa,0.0,No
1432,Chiapas,Mujer,29,Urbana,No,5.0,3,Desocupada,0.0,Sí
1433,México,Mujer,34,Rural,No,12.0,6,Ocupada,8890.0,No
1434,Zacatecas,Mujer,55,Urbana,No,9.0,2,Ocupada,12700.0,Sí
1435,Jalisco,Mujer,45,Urbana,No,14.0,3,Ocupada,9930.0,Sí
1436,Campeche,Hombre,47,Urbana,No,8.0,2,Ocupada,20490.0,Sí
1437,Guerrero,Mujer,21,Urbana,No,11.0,3,No económicamente activa,0.0,Sí
1438,Jalisco,Hombre,29,Urbana,No,8.0,4,Ocupada,8280.0,Sí
1439,Sinaloa,Mujer,24,Rural,No,8.0,2,Ocupada,5940.0,Sí
1440,Puebla,Mujer,19,Rural,No,9.0,3,Ocupada,5550.0,Sí
1441,Veracruz de Ignacio de la Llave,Hombre,43,Urbana,No,6.0,1,Ocupada,27960.0,No
1442,Sonora,Hombre,29,Urbana,No,14.0,2,No económicamente activa,0.0,Sí
1443,Hidalgo,Mujer,20,Rural,No,8.0,4,No económicamente activa,,Sí
1444,Oaxaca,Mujer,63,Urbana,No,5.0,3,Ocupada,4880.0,Sí
1445,Campeche,Hombre,31,Rural,No,12.0,6,Ocupada,,Sí
1446,Guerrero,Hombre,22,Urbana,No,8.0,3,Ocupada,6660.0,Sí
1447,México,Mujer,70,Urbana,No,9.0,2,No económicamente activa,0.0,Sí
1448,México,Hombre,24,Urbana,No,14.0,2,Ocupada,7220.0,Sí
1449,San Luis Potosí,Hombre,38,Rural,No,15.0,3,Ocupada,5540.0,Sí
1450,Guanajuato,Hombre,30,Urbana,No,8.0,3,Ocupada,4660.0,Sí
1451,Tabasco,Mujer,40,Urbana,No,16.0,2,Ocupada,5850.0,Sí
1452,Jalisco,Mujer,29,Urbana,No,9.0,2,No económicamente activa,0.0,Sí
1453,Michoacán de Ocampo,Hombre,73,Rural,No,2.0,4,No económicamente activa,0.0,No
1454,Baja California,Hombre,62,Urbana,No,7.0,5,Ocupada,7880.0,Sí
1455,Nuevo León,Hombre,52,Urbana,No,14.0,3,No económicamente activa,0.0,Sí
1456,Morelos,Mujer,40,Urbana,No,11.0,3,Ocupada,8210.0,Sí
1457,Chihuahua,Mujer,36,Rural,No,9.0,5,Ocupada,4420.0,Sí
1458,Quintana Roo,Mujer,19,Rural,Sí,14.0,5,No económicamente activa,0.0,No
1459,Tamaulipas,Hombre,50,Urbana,No,12.0,3,Ocupada,,Sí
1460,Coahuila de Zaragoza,Hombre,34,Urbana,No,11.0,2,Ocupada,18160.0,Sí
1461,Puebla,Mujer,48,Urbana,No,12.0,5,No económicamente activa,0.0,Sí
1462,Tlaxcala,Hombre,23,Urbana,No,12.0,2,Ocupada,7420.0,Sí
1463,Hidalgo,Mujer,66,Urbana,No,9.0,6,No económicamente activa,0.0,Sí
1464,Chiapas,Mujer,30,Rural,Sí,10.0,4,Desocupada,0.0,Sí
1465,Veracruz de Ignacio de la Llave,Hombre,85,Urbana,Sí,8.0,4,Ocupada,3350.0,Sí
1466,Hidalgo,Hombre,32,Rural,No,12.0,4,No económicamente activa,0.0,Sí
1467,San Luis Potosí,Mujer,17,Urbana,No,12.0,4,No económicamente activa,0.0,Sí
1468,México,Mujer,20,Urbana,No,11.0,2,Ocupada,11230.0,Sí
1469,Guanajuato,Mujer,75,Rural,No,8.0,6,Ocupada,7700.0,Sí
1470,Aguascalientes,Hombre,59,Urbana,No,12.0,2,Ocupada,10700.0,Sí
1471,Chiapas,Hombre,28,Rural,Sí,5.0,3,Ocupada,3050.0,Sí
1472,Veracruz de Ignacio de la Llave,Hombre,35,Rural,No,8.0,2,No económicamente activa,0.0,Sí
1473,Jalisco,Hombre,72,Urbana,No,9.0,4,Ocupada,4270.0,Sí
1474,México,Mujer,52,Urbana,No,,4,No económicamente activa,0.0,Sí
1475,Ciudad de México,Hombre,53,Urbana,No,10.0,4,Ocupada,15130.0,Sí
1476,Ciudad de México,Hombre,56,Urbana,No,12.0,4,Ocupada,10620.0,Sí
1477,Aguascalientes,Mujer,67,Urbana,No,10.0,4,Desocupada,0.0,Sí
1478,Morelos,Hombre,95,Urbana,No,8.0,3,Ocupada,7530.0,Sí
1479,Guanajuato,Hombre,87,Rural,No,5.0,2,No económicamente activa,0.0,Sí
1480,Nuevo León,Hombre,31,Urbana,No,12.0,5,Ocupada,30330.0,Sí
1481,Hidalgo,Hombre,30,Urbana,Sí,7.0,2,Ocupada,9860.0,Sí
1482,Jalisco,Hombre,51,Urbana,No,15.0,4,Ocupada,11830.0,Sí
1483,Tamaulipas,Mujer,41,Urbana,No,13.0,6,Ocupada,,Sí
1484,Coahuila de Zaragoza,Mujer,42,Urbana,No,9.0,5,Ocupada,4350.0,Sí
1485,Jalisco,Hombre,30,Urbana,No,14.0,3,Ocupada,13070.0,Sí
1486,Tlaxcala,Mujer,54,Urbana,No,9.0,2,Ocupada,9270.0,Sí
1487,Jalisco,Mujer,50,Urbana,No,8.0,2,Ocupada,3000.0,Sí
1488,Michoacán de Ocampo,Hombre,25,Urbana,No,9.0,3,Ocupada,11340.0,No
1489,Guerrero,Hombre,20,Urbana,No,10.0,3,Ocupada,14690.0,Sí
1490,Nuevo León,Hombre,38,Rural,Sí,11.0,7,Ocupada,11210.0,Sí
1491,Ciudad de México,Hombre,36,Urbana,No,15.0,2,No económicamente activa,0.0,Sí
1492,Querétaro,Hombre,61,Urbana,No,10.0,4,No económicamente activa,,Sí
1493,Puebla,Mujer,50,Urbana,No,12.0,3,No económicamente activa,0.0,Sí
1494,México,Hombre,37,Urbana,No,13.0,4,Ocupada,9810.0,Sí
1495,Tlaxcala,Hombre,82,Urbana,No,5.0,4,Desocupada,0.0,Sí
1496,Zacatecas,Mujer,34,Urbana,No,16.0,3,No económicamente activa,0.0,Sí
1497,Chiapas,Hombre,42,Rural,No,6.0,2,Ocupada,1980.0,Sí
1498,Veracruz de Ignacio de la Llave,Mujer,39,Urbana,No,9.0,2,Ocupada,7600.0,Sí
1499,Tabasco,Mujer,55,Urbana,No,12.0,5,No económicamente activa,0.0,Sí
1500,México,Mujer,45,Urbana,No,12.0,4,No económicamente activa,0.0,Sí
1501,México,Mujer,39,Urbana,No,13.0,5,No económicamente activa,0.0,Sí
1502,Tamaulipas,Hombre,36,Urbana,No,18.0,5,No económicamente activa,0.0,Sí
1503,Puebla,Mujer,24,Urbana,No,3.0,2,Ocupada,5050.0,Sí
1504,Michoacán de Ocampo,Hombre,49,Urbana,No,11.0,3,Ocupada,3120.0,Sí
1505,Jalisco,Mujer,39,Urbana,No,8.0,2,Ocupada,19020.0,Sí
1506,Nuevo León,Mujer,35,Urbana,No,,4,Ocupada,6950.0,No
1507,Yucatán,Hombre,38,Urbana,No,10.0,4,No económicamente activa,0.0,Sí
1508,Jalisco,Hombre,64,Urbana,No,13.0,4,Ocupada,8980.0,Sí
1509,Jalisco,Hombre,19,Urbana,No,9.0,2,Ocupada,4710.0,Sí
1510,Michoacán de Ocampo,Mujer,32,Urbana,No,12.0,4,Ocupada,22350.0,No
1511,Oaxaca,Mujer,26,Urbana,No,8.0,4,No económicamente activa,0.0,Sí
1512,Nuevo León,Hombre,27,Urbana,No,10.0,6,Ocupada,8840.0,Sí
1513,Jalisco,Hombre,20,Urbana,No,12.0,3,No económicamente activa,0.0,Sí
1514,Tamaulipas,Hombre,26,Rural,No,6.0,7,Ocupada,2010.0,No
1515,Nuevo León,Mujer,63,Urbana,No,8.0,8,Ocupada,9890.0,Sí
1516,Chiapas,Hombre,25,Rural,No,10.0,8,Ocupada,10840.0,Sí
1517,Jalisco,Hombre,79,Urbana,No,10.0,5,No económicamente activa,0.0,Sí
1518,Guanajuato,Hombre,67,Urbana,No,12.0,8,Ocupada,13670.0,Sí
1519,Tamaulipas,Mujer,27,Urbana,No,11.0,2,Ocupada,6860.0,Sí
1520,México,Hombre,70,Urbana,No,11.0,4,Ocupada,7610.0,Sí
1521,Tlaxcala,Mujer,32,Urbana,No,12.0,3,Ocupada,5980.0,Sí
1522,Ciudad de México,Mujer,19,Urbana,No,12.0,3,No económicamente activa,0.0,Sí
1523,México,Hombre,29,Rural,No,12.0,4,Ocupada,3500.0,Sí
1524,México,Hombre,29,Urbana,No,10.0,4,Ocupada,6540.0,Sí
1525,Veracruz de Ignacio de la Llave,Mujer,43,Rural,No,11.0,2,Ocupada,6630.0,Sí
1526,Zacatecas,Mujer,35,Urbana,No,15.0,5,No económicamente activa,0.0,Sí
1527,San Luis Potosí,Mujer,72,Urbana,No,7.0,1,No económicamente activa,0.0,Sí
1528,Baja California,Hombre,78,Urbana,No,10.0,4,No económicamente activa,0.0,No
1529,Jalisco,Mujer,41,Urbana,No,13.0,5,No económicamente activa,0.0,Sí
1530,Michoacán de Ocampo,Hombre,35,Rural,No,11.0,6,Ocupada,5820.0,Sí
1531,San Luis Potosí,Mujer,69,Urbana,No,5.0,2,No económicamente activa,0.0,Sí
1532,Sinaloa,Hombre,26,Urbana,No,17.0,4,Ocupada,18270.0,No
1533,Aguascalientes,Mujer,44,Urbana,No,9.0,3,Ocupada,6470.0,Sí
1534,Veracruz de Ignacio de la Llave,Mujer,29,Urbana,No,5.0,2,No económicamente activa,0.0,Sí
1535,Veracruz de Ignacio de la Llave,Hombre,37,Urbana,No,11.0,2,No económicamente activa,0.0,Sí
1536,Hidalgo,Mujer,33,Urbana,No,11.0,2,No económicamente activa,0.0,Sí
1537,Chiapas,Mujer,38,Urbana,No,7.0,2,No económicamente activa,0.0,Sí
1538,Guerrero,Mujer,44,Urbana,Sí,7.0,4,Ocupada,15630.0,Sí
1539,Jalisco,Mujer,54,Urbana,No,9.0,5,No económicamente activa,0.0,Sí
1540,México,Mujer,40,Urbana,No,14.0,5,No económicamente activa,0.0,Sí
1541,Chiapas,Hombre,53,Rural,Sí,2.0,4,No económicamente activa,0.0,Sí
1542,Michoacán de Ocampo,Mujer,65,Urbana,No,11.0,4,No económicamente activa,0.0,Sí
1543,México,Hombre,81,Urbana,No,5.0,2,Ocupada,6570.0,No
1544,Morelos,Mujer,45,Rural,No,7.0,8,Ocupada,4060.0,No
1545,Michoacán de Ocampo,Mujer,21,Urbana,No,9.0,2,Ocupada,23400.0,Sí
1546,Veracruz de Ignacio de la Llave,Hombre,54,Urbana,No,9.0,2,Ocupada,2670.0,Sí
1547,Jalisco,Mujer,46,Urbana,No,6.0,6,Ocupada,3430.0,Sí
1548,Sinaloa,Mujer,45,Urbana,No,,3,No económicamente activa,0.0,Sí
1549,Guanajuato,Hombre,57,Urbana,No,9.0,3,Ocupada,12270.0,No
1550,Nuevo León,Hombre,34,Urbana,No,11.0,5,No económicamente activa,0.0,Sí
1551,Chihuahua,Hombre,30,Urbana,No,15.0,1,Desocupada,0.0,Sí
1552,México,Mujer,34,Urbana,No,12.0,3,Ocupada,7740.0,Sí
1553,Baja California,Hombre,30,Urbana,No,14.0,3,No económicamente activa,0.0,Sí
1554,México,Mujer,90,Urbana,No,,4,Ocupada,10420.0,Sí
1555,Tabasco,Mujer,79,Urbana,No,7.0,2,Ocupada,7620.0,Sí
1556,Morelos,Mujer,39,Urbana,No,8.0,2,No económicamente activa,0.0,Sí
1557,Quintana Roo,Hombre,24,Urbana,No,7.0,3,Ocupada,5470.0,Sí
1558,Ciudad de México,Hombre,66,Urbana,No,11.0,5,Ocupada,,Sí
1559,Sonora,Mujer,41,Urbana,No,13.0,6,Ocupada,5410.0,Sí
1560,Hidalgo,Hombre,22,Rural,No,11.0,2,Ocupada,8380.0,Sí
1561,Baja California,Mujer,44,Urbana,No,13.0,2,Ocupada,17900.0,Sí
1562,Veracruz de Ignacio de la Llave,Mujer,73,Urbana,No,12.0,3,Ocupada,5740.0,Sí
1563,San Luis Potosí,Hombre,43,Urbana,No,10.0,5,No económicamente activa,0.0,Sí
1564,Baja California,Mujer,41,Urbana,No,15.0,1,Ocupada,3790.0,Sí
1565,Ciudad de México,Mujer,71,Urbana,No,11.0,2,No económicamente activa,0.0,Sí
1566,Sonora,Hombre,26,Urbana,No,4.0,3,Ocupada,4770.0,Sí
1567,Guanajuato,Mujer,52,Urbana,No,10.0,1,Ocupada,12090.0,Sí
1568,Guanajuato,Mujer,95,Rural,No,3.0,5,No económicamente activa,0.0,Sí
1569,Oaxaca,Mujer,55,Urbana,No,6.0,2,Ocupada,5690.0,Sí
1570,Veracruz de Ignacio de la Llave,Mujer,50,Urbana,No,9.0,4,No económicamente activa,0.0,Sí
1571,México,Mujer,86,Urbana,No,8.0,5,No económicamente activa,0.0,Sí
1572,Jalisco,Hombre,44,Urbana,No,22.0,2,No económicamente activa,0.0,Sí
1573,Guerrero,Hombre,87,Rural,No,6.0,2,No económicamente activa,0.0,Sí
1574,Chiapas,Hombre,19,Rural,Sí,6.0,3,Ocupada,2310.0,No
1575,Veracruz de Ignacio de la Llave,Mujer,48,Rural,No,2.0,5,Ocupada,3250.0,Sí
1576,Sonora,Hombre,31,Urbana,No,17.0,4,Ocupada,15560.0,Sí
1577,Hidalgo,Mujer,31,Urbana,No,9.0,4,Ocupada,11240.0,Sí
1578,San Luis Potosí,Hombre,27,Rural,No,13.0,4,Ocupada,,Sí
1579,Puebla,Hombre,43,Urbana,No,10.0,3,Ocupada,5960.0,Sí
1580,México,Mujer,26,Rural,No,9.0,3,No económicamente activa,0.0,Sí
1581,Guanajuato,Mujer,22,Urbana,No,12.0,6,No económicamente activa,0.0,Sí
1582,Yucatán,Hombre,35,Urbana,No,14.0,5,Ocupada,15150.0,Sí
1583,Nayarit,Mujer,47,Rural,No,5.0,2,Ocupada,4750.0,Sí
1584,Guerrero,Mujer,57,Urbana,No,8.0,2,No económicamente activa,0.0,No
1585,Ciudad de México,Mujer,35,Urbana,No,8.0,3,Ocupada,12990.0,Sí
1586,San Luis Potosí,Mujer,59,Rural,No,13.0,7,No económicamente activa,0.0,Sí
1587,Hidalgo,Mujer,46,Rural,No,11.0,5,No económicamente activa,0.0,Sí
1588,México,Hombre,29,Urbana,Sí,7.0,2,Ocupada,8090.0,Sí
1589,Guanajuato,Mujer,21,Urbana,No,15.0,6,No económicamente activa,0.0,Sí
1590,México,Mujer,45,Urbana,No,9.0,1,No económicamente activa,0.0,Sí
1591,Veracruz de Ignacio de la Llave,Mujer,33,Rural,No,7.0,3,Ocupada,2560.0,Sí
1592,México,Mujer,78,Urbana,No,9.0,2,No económicamente activa,0.0,No
1593,Puebla,Mujer,84,Urbana,No,10.0,4,Desocupada,0.0,Sí
1594,Sinaloa,Hombre,46,Urbana,No,,2,Ocupada,12320.0,Sí
1595,Puebla,Mujer,65,Urbana,No,6.0,5,No económicamente activa,0.0,Sí
1596,México,Hombre,62,Urbana,No,4.0,6,Ocupada,5410.0,No
1597,Chiapas,Hombre,50,Rural,Sí,8.0,6,Ocupada,3400.0,Sí
1598,Guanajuato,Mujer,25,Urbana,No,13.0,6,Ocupada,11980.0,Sí
1599,Tabasco,Mujer,23,Urbana,No,8.0,3,Ocupada,5470.0,Sí
1600,Veracruz de Ignacio de la Llave,Mujer,56,Urbana,Sí,8.0,2,Desocupada,,Sí
1601,Jalisco,Mujer,44,Urbana,No,11.0,4,Ocupada,3230.0,Sí
1602,Ciudad de México,Hombre,28,Urbana,No,13.0,3,Ocupada,29750.0,Sí
1603,Yucatán,Mujer,24,Urbana,No,12.0,3,No económicamente activa,0.0,Sí
1604,Baja California,Mujer,29,Urbana,No,8.0,4,Ocupada,11060.0,Sí
1605,Oaxaca,Mujer,34,Rural,No,9.0,5,Ocupada,18210.0,Sí
1606,Ciudad de México,Mujer,45,Urbana,No,13.0,7,No económicamente activa,0.0,Sí
1607,Nuevo León,Mujer,23,Urbana,No,14.0,6,No económicamente activa,0.0,Sí
1608,Jalisco,Mujer,46,Rural,No,10.0,7,Ocupada,13750.0,No
1609,Morelos,Hombre,95,Urbana,No,11.0,2,No económicamente activa,0.0,No
1610,Tlaxcala,Mujer,56,Rural,No,6.0,2,Ocupada,5980.0,Sí
1611,Yucatán,Mujer,58,Urbana,No,10.0,6,No económicamente activa,0.0,Sí
1612,Coahuila de Zaragoza,Hombre,27,Urbana,No,11.0,2,No económicamente activa,0.0,Sí
1613,Durango,Mujer,56,Urbana,No,12.0,2,Ocupada,8420.0,Sí
1614,Oaxaca,Hombre,39,Rural,Sí,4.0,4,No económicamente activa,0.0,Sí
1615,Baja California,Hombre,48,Urbana,No,13.0,2,Ocupada,11470.0,Sí
1616,Michoacán de Ocampo,Hombre,47,Rural,No,7.0,3,No económicamente activa,0.0,Sí
1617,México,Hombre,47,Urbana,No,11.0,3,No económicamente activa,0.0,Sí
1618,Tamaulipas,Mujer,48,Urbana,No,,3,Ocupada,4930.0,Sí
1619,Ciudad de México,Hombre,38,Urbana,No,11.0,3,Ocupada,7290.0,Sí
1620,Ciudad de México,Hombre,67,Urbana,No,16.0,4,Ocupada,,Sí
1621,Veracruz de Ignacio de la Llave,Mujer,21,Urbana,No,9.0,2,Ocupada,4570.0,Sí
1622,Tabasco,Mujer,77,Urbana,No,8.0,5,No económicamente activa,0.0,Sí
1623,México,Mujer,48,Urbana,No,13.0,3,No económicamente activa,0.0,No
1624,Tamaulipas,Mujer,21,Urbana,No,7.0,6,Ocupada,7650.0,Sí
1625,Zacatecas,Hombre,31,Urbana,No,13.0,3,No económicamente activa,0.0,Sí
1626,Oaxaca,Hombre,53,Rural,Sí,,3,Ocupada,6150.0,No
1627,Baja California Sur,Mujer,56,Urbana,No,7.0,5,No económicamente activa,0.0,Sí
1628,Quintana Roo,Hombre,25,Rural,Sí,11.0,3,Ocupada,7820.0,Sí
1629,Sinaloa,Hombre,50,Urbana,No,11.0,1,Ocupada,9840.0,Sí
1630,México,Hombre,42,Urbana,No,12.0,6,Ocupada,,Sí
1631,Veracruz de Ignacio de la Llave,Hombre,30,Rural,No,6.0,3,Ocupada,2770.0,Sí
1632,San Luis Potosí,Mujer,49,Urbana,No,11.0,2,Ocupada,14440.0,Sí
1633,Puebla,Hombre,34,Urbana,No,8.0,1,Ocupada,13100.0,Sí
1634,Michoacán de Ocampo,Hombre,55,Rural,No,6.0,4,Ocupada,5520.0,Sí
1635,Puebla,Hombre,52,Urbana,No,11.0,6,Ocupada,8240.0,Sí
1636,Baja California Sur,Hombre,35,Urbana,No,14.0,4,Ocupada,15240.0,Sí
1637,Chihuahua,Hombre,36,Urbana,No,12.0,5,Ocupada,7720.0,Sí
1638,Chiapas,Hombre,55,Rural,No,12.0,5,Ocupada,3850.0,Sí
1639,Ciudad de México,Hombre,42,Urbana,No,16.0,3,No económicamente activa,0.0,Sí
1640,Chihuahua,Hombre,95,Urbana,No,7.0,3,Ocupada,3700.0,Sí
1641,Yucatán,Mujer,78,Urbana,No,8.0,2,Ocupada,8960.0,Sí
1642,Nayarit,Mujer,20,Rural,No,10.0,2,Ocupada,5070.0,Sí
1643,Guanajuato,Mujer,32,Urbana,No,11.0,5,No económicamente activa,0.0,Sí
1644,Chihuahua,Hombre,20,Urbana,No,13.0,2,Ocupada,,Sí
1645,Veracruz de Ignacio de la Llave,Mujer,34,Rural,Sí,,4,No económicamente activa,,Sí
1646,Yucatán,Mujer,22,Rural,No,11.0,7,Ocupada,21780.0,Sí
1647,Sonora,Hombre,41,Rural,No,13.0,6,Ocupada,4830.0,Sí
1648,Querétaro,Mujer,26,Urbana,No,12.0,3,No económicamente activa,0.0,Sí
1649,Tlaxcala,Mujer,43,Rural,No,7.0,3,No económicamente activa,0.0,No
1650,Jalisco,Mujer,26,Rural,No,9.0,3,No económicamente activa,0.0,No
1651,México,Hombre,20,Urbana,No,12.0,3,No económicamente activa,0.0,Sí
1652,Tlaxcala,Mujer,72,Urbana,No,9.0,7,Ocupada,14060.0,Sí
1653,Puebla,Mujer,25,Urbana,No,10.0,3,Ocupada,5590.0,Sí
1654,México,Hombre,42,Urbana,No,11.0,2,Ocupada,6570.0,Sí
1655,Jalisco,Hombre,34,Urbana,No,14.0,2,Ocupada,14880.0,Sí
1656,Oaxaca,Hombre,26,Rural,No,6.0,4,No económicamente activa,0.0,No
1657,Nuevo León,Mujer,27,Urbana,No,11.0,3,No económicamente activa,0.0,Sí
1658,Jalisco,Hombre,39,Urbana,No,16.0,8,Ocupada,14640.0,Sí
1659,Guerrero,Mujer,39,Rural,No,9.0,3,No económicamente activa,0.0,Sí
1660,Puebla,Hombre,95,Urbana,No,8.0,3,No económicamente activa,0.0,Sí
1661,San Luis Potosí,Mujer,30,Urbana,No,15.0,5,Ocupada,11540.0,Sí
1662,México,Hombre,33,Urbana,No,7.0,5,Ocupada,8300.0,Sí
1663,México,Mujer,24,Rural,No,7.0,3,No económicamente activa,0.0,Sí
1664,Ciudad de México,Mujer,41,Urbana,No,11.0,1,Ocupada,15760.0,Sí
1665,Chiapas,Hombre,37,Urbana,No,4.0,2,Ocupada,7370.0,Sí
1666,Tamaulipas,Mujer,41,Urbana,No,10.0,2,No económicamente activa,0.0,Sí
1667,México,Hombre,38,Urbana,No,6.0,6,Ocupada,3600.0,Sí
1668,Michoacán de Ocampo,Hombre,65,Urbana,No,10.0,4,No económicamente activa,0.0,Sí
1669,Ciudad de México,Mujer,45,Urbana,No,16.0,3,No económicamente activa,0.0,Sí
1670,Coahuila de Zaragoza,Mujer,47,Urbana,No,15.0,4,Ocupada,6080.0,Sí
1671,Oaxaca,Hombre,63,Rural,Sí,4.0,3,Ocupada,2550.0,Sí
1672,Quintana Roo,Mujer,36,Urbana,No,17.0,2,Ocupada,10970.0,Sí
1673,Tamaulipas,Mujer,28,Rural,No,10.0,11,No económicamente activa,0.0,Sí
1674,Sinaloa,Hombre,23,Urbana,No,14.0,4,Ocupada,15430.0,Sí
1675,Puebla,Hombre,31,Urbana,No,12.0,5,Ocupada,43510.0,Sí
1676,Coahuila de Zaragoza,Mujer,30,Urbana,No,13.0,3,No económicamente activa,0.0,Sí
1677,Guanajuato,Hombre,67,Urbana,No,10.0,4,Ocupada,11630.0,Sí
1678,San Luis Potosí,Mujer,34,Rural,No,16.0,4,Ocupada,7270.0,Sí
1679,Veracruz de Ignacio de la Llave,Mujer,31,Rural,No,8.0,5,Ocupada,5320.0,Sí
1680,Michoacán de Ocampo,Mujer,20,Urbana,No,9.0,4,Ocupada,15330.0,Sí
1681,Hidalgo,Hombre,58,Rural,Sí,6.0,4,Ocupada,12810.0,Sí
1682,México,Hombre,55,Rural,No,9.0,6,Ocupada,5240.0,No
1683,Puebla,Hombre,70,Urbana,No,5.0,4,No económicamente activa,0.0,Sí
1684,San Luis Potosí,Hombre,32,Urbana,No,12.0,3,No económicamente activa,0.0,Sí
1685,Puebla,Hombre,35,Urbana,No,12.0,3,Ocupada,,Sí
1686,México,Hombre,45,Urbana,No,11.0,1,Ocupada,12850.0,No
1687,Hidalgo,Hombre,44,Rural,Sí,9.0,4,Ocupada,2320.0,Sí
1688,Veracruz de Ignacio de la Llave,Mujer,30,Urbana,No,8.0,1,Ocupada,,Sí
1689,México,Hombre,39,Urbana,No,13.0,4,No económicamente activa,,Sí
1690,México,Hombre,69,Urbana,No,8.0,4,Ocupada,7610.0,No
1691,México,Hombre,19,Urbana,No,11.0,4,No económicamente activa,0.0,Sí
1692,Puebla,Hombre,37,Rural,No,6.0,6,Ocupada,3890.0,No
1693,Guerrero,Hombre,37,Rural,No,10.0,3,No económicamente activa,0.0,Sí
1694,Durango,Mujer,30,Rural,No,10.0,4,Ocupada,5210.0,Sí
1695,Zacatecas,Hombre,53,Rural,No,13.0,4,No económicamente activa,0.0,Sí
1696,Puebla,Mujer,26,Rural,Sí,7.0,5,Ocupada,4610.0,Sí
1697,Michoacán de Ocampo,Mujer,41,Rural,No,7.0,1,Ocupada,13720.0,No
1698,Hidalgo,Hombre,34,Rural,No,17.0,2,Ocupada,7780.0,Sí
1699,Durango,Mujer,51,Urbana,No,15.0,2,No económicamente activa,0.0,Sí
1700,Yucatán,Mujer,34,Urbana,No,10.0,2,Ocupada,,Sí
1701,Baja California Sur,Hombre,29,Urbana,No,9.0,5,Ocupada,5720.0,Sí
1702,Tamaulipas,Mujer,95,Urbana,No,8.0,5,Ocupada,2650.0,Sí
1703,Veracruz de Ignacio de la Llave,Mujer,42,Rural,No,16.0,3,Ocupada,,No
1704,Puebla,Mujer,31,Urbana,No,11.0,8,Ocupada,,Sí
1705,Ciudad de México,Mujer,42,Urbana,No,13.0,4,Ocupada,10760.0,Sí
1706,Durango,Hombre,37,Urbana,No,17.0,1,Ocupada,6060.0,Sí
1707,Guanajuato,Mujer,20,Urbana,No,12.0,5,No económicamente activa,0.0,Sí
1708,Jalisco,Mujer,53,Urbana,No,12.0,1,Ocupada,5510.0,Sí
1709,Puebla,Mujer,30,Urbana,No,11.0,3,Ocupada,,Sí
1710,Sonora,Hombre,95,Urbana,No,8.0,5,No económicamente activa,0.0,Sí
1711,Nayarit,Hombre,46,Rural,No,9.0,5,No económicamente activa,0.0,Sí
1712,Puebla,Hombre,52,Urbana,No,12.0,3,Ocupada,4560.0,Sí
1713,Jalisco,Mujer,17,Urbana,No,,5,Ocupada,25490.0,Sí
1714,Ciudad de México,Mujer,57,Urbana,No,13.0,5,Desocupada,0.0,Sí
1715,Morelos,Mujer,54,Rural,No,10.0,6,Ocupada,6790.0,Sí
1716,Tlaxcala,Hombre,50,Rural,No,9.0,2,Ocupada,4350.0,Sí
1717,Quintana Roo,Hombre,33,Urbana,No,13.0,2,Ocupada,17480.0,Sí
1718,México,Mujer,95,Urbana,No,2.0,3,Desocupada,0.0,Sí
1719,Guerrero,Hombre,39,Urbana,No,9.0,5,No económicamente activa,0.0,Sí
1720,Guanajuato,Hombre,37,Urbana,No,15.0,3,Ocupada,10220.0,Sí
1721,Oaxaca,Mujer,59,Urbana,No,12.0,8,Ocupada,10150.0,Sí
1722,Chiapas,Hombre,32,Urbana,Sí,7.0,4,No económicamente activa,0.0,No
1723,Quintana Roo,Mujer,63,Urbana,No,14.0,7,No económicamente activa,0.0,Sí
1724,Oaxaca,Mujer,31,Rural,No,6.0,4,No económicamente activa,0.0,No
1725,Guerrero,Mujer,16,Rural,No,13.0,4,No económicamente activa,0.0,Sí
1726,Jalisco,Mujer,44,Urbana,No,13.0,2,Ocupada,25960.0,Sí
1727,Baja California,Mujer,34,Urbana,No,11.0,2,No económicamente activa,0.0,No
1728,Yucatán,Mujer,50,Urbana,No,7.0,2,No económicamente activa,0.0,Sí
1729,Nuevo León,Mujer,68,Urbana,No,14.0,4,Ocupada,9550.0,Sí
1730,Tamaulipas,Hombre,54,Urbana,No,10.0,3,Ocupada,6020.0,Sí
1731,Puebla,Hombre,81,Rural,No,5.0,2,Ocupada,3920.0,Sí
1732,Jalisco,Hombre,45,Urbana,No,14.0,3,Ocupada,23830.0,Sí
1733,Chiapas,Hombre,75,Urbana,No,4.0,3,Ocupada,3820.0,Sí
1734,México,Hombre,67,Urbana,No,9.0,1,No económicamente activa,0.0,No
1735,Oaxaca,Mujer,25,Urbana,No,8.0,1,No económicamente activa,0.0,Sí
1736,Nuevo León,Mujer,31,Urbana,No,14.0,2,No económicamente activa,0.0,No
1737,Guerrero,Hombre,23,Rural,No,9.0,2,Ocupada,,Sí
1738,Sinaloa,Mujer,56,Urbana,No,9.0,1,Ocupada,6540.0,Sí
1739,Coahuila de Zaragoza,Mujer,28,Urbana,No,,5,Ocupada,15760.0,Sí
1740,Guanajuato,Hombre,36,Urbana,No,6.0,5,Ocupada,5350.0,Sí
1741,Jalisco,Hombre,26,Urbana,No,8.0,4,No económicamente activa,0.0,Sí
1742,Nayarit,Mujer,53,Urbana,No,10.0,3,Ocupada,2710.0,No
1743,Jalisco,Mujer,43,Urbana,No,15.0,4,No económicamente activa,0.0,Sí
1744,Puebla,Hombre,95,Urbana,No,6.0,3,No económicamente activa,0.0,Sí
1745,Puebla,Mujer,59,Urbana,No,11.0,4,Ocupada,14270.0,Sí
1746,Michoacán de Ocampo,Hombre,53,Urbana,No,8.0,6,No económicamente activa,0.0,No
1747,Chihuahua,Mujer,52,Urbana,No,7.0,2,Ocupada,6340.0,Sí
1748,Sinaloa,Mujer,90,Urbana,No,9.0,5,Desocupada,0.0,Sí
1749,Veracruz de Ignacio de la Llave,Mujer,50,Rural,No,8.0,4,No económicamente activa,0.0,Sí
1750,Sinaloa,Mujer,18,Urbana,No,11.0,2,No económicamente activa,0.0,Sí
1751,México,Hombre,28,Urbana,No,10.0,1,Ocupada,8950.0,Sí
1752,México,Mujer,64,Urbana,No,11.0,4,Ocupada,3660.0,No
1753,Veracruz de Ignacio de la Llave,Mujer,33,Urbana,No,11.0,2,Ocupada,7740.0,Sí
1754,Sinaloa,Hombre,32,Urbana,No,11.0,4,No económicamente activa,0.0,Sí
1755,Querétaro,Mujer,16,Urbana,No,13.0,6,No económicamente activa,0.0,Sí
1756,Ciudad de México,Mujer,32,Urbana,No,15.0,4,No económicamente activa,0.0,Sí
1757,Jalisco,Hombre,18,Urbana,No,5.0,6,Ocupada,2640.0,Sí
1758,Michoacán de Ocampo,Mujer,42,Urbana,No,12.0,2,Ocupada,,Sí
1759,Jalisco,Hombre,32,Urbana,No,17.0,2,Ocupada,8930.0,No
1760,Guanajuato,Mujer,26,Rural,No,7.0,5,No económicamente activa,0.0,Sí
1761,México,Mujer,23,Urbana,No,5.0,6,No económicamente activa,0.0,Sí
1762,Jalisco,Mujer,46,Urbana,No,11.0,3,Ocupada,15710.0,Sí
1763,Tamaulipas,Mujer,48,Urbana,No,12.0,3,No económicamente activa,0.0,Sí
1764,Veracruz de Ignacio de la Llave,Mujer,51,Rural,No,9.0,5,Ocupada,,Sí
1765,Coahuila de Zaragoza,Mujer,18,Urbana,No,11.0,4,No económicamente activa,0.0,Sí
1766,Nuevo León,Mujer,20,Urbana,No,12.0,5,No económicamente activa,0.0,Sí
1767,Nuevo León,Hombre,58,Urbana,No,15.0,4,Ocupada,8510.0,Sí
1768,Durango,Hombre,41,Urbana,No,7.0,2,Ocupada,6730.0,Sí
1769,Nuevo León,Hombre,68,Urbana,No,9.0,2,No económicamente activa,0.0,Sí
1770,Campeche,Mujer,37,Urbana,No,11.0,4,No económicamente activa,0.0,Sí
1771,Veracruz de Ignacio de la Llave,Hombre,20,Urbana,No,16.0,4,Ocupada,27590.0,Sí
1772,Ciudad de México,Hombre,34,Urbana,No,10.0,2,Ocupada,3070.0,No
1773,Aguascalientes,Mujer,49,Urbana,No,14.0,3,No económicamente activa,0.0,Sí
1774,Tabasco,Mujer,36,Rural,No,12.0,5,No económicamente activa,0.0,Sí
1775,Puebla,Mujer,26,Rural,No,6.0,5,Ocupada,2010.0,No
1776,México,Hombre,24,Urbana,No,14.0,3,Ocupada,11760.0,Sí
1777,Chihuahua,Hombre,95,Urbana,No,5.0,4,Ocupada,4960.0,Sí
1778,Chihuahua,Mujer,38,Urbana,No,10.0,3,No económicamente activa,0.0,No
1779,Sinaloa,Mujer,32,Urbana,No,12.0,3,No económicamente activa,0.0,Sí
1780,Querétaro,Hombre,64,Urbana,No,15.0,3,Ocupada,11110.0,Sí
1781,Querétaro,Hombre,29,Urbana,No,10.0,4,Ocupada,4220.0,Sí
1782,Guerrero,Hombre,36,Urbana,No,11.0,3,Ocupada,12360.0,Sí
1783,México,Mujer,26,Urbana,No,13.0,3,No económicamente activa,0.0,Sí
1784,Hidalgo,Mujer,46,Urbana,No,14.0,3,Ocupada,13750.0,Sí
1785,México,Hombre,42,Urbana,No,13.0,4,Ocupada,4940.0,Sí
1786,México,Hombre,44,Urbana,No,12.0,2,Ocupada,12270.0,Sí
1787,Nuevo León,Hombre,41,Urbana,No,8.0,6,Ocupada,5780.0,Sí
1788,Veracruz de Ignacio de la Llave,Mujer,42,Urbana,No,10.0,3,No económicamente activa,0.0,Sí
1789,Quintana Roo,Hombre,40,Urbana,Sí,8.0,2,No económicamente activa,,Sí
1790,México,Hombre,55,Urbana,No,9.0,2,Ocupada,6160.0,No
1791,Nuevo León,Hombre,89,Urbana,No,6.0,2,No económicamente activa,0.0,No
1792,Sinaloa,Mujer,47,Urbana,No,13.0,6,Ocupada,7930.0,Sí
1793,México,Hombre,71,Urbana,No,8.0,5,No económicamente activa,0.0,Sí
1794,Chihuahua,Hombre,32,Urbana,No,16.0,2,No económicamente activa,,Sí
1795,Guerrero,Hombre,22,Urbana,No,6.0,5,Ocupada,5220.0,Sí
1796,Sinaloa,Mujer,48,Urbana,No,8.0,3,Ocupada,4230.0,Sí
1797,México,Hombre,55,Urbana,No,11.0,7,No económicamente activa,0.0,Sí
1798,Colima,Mujer,31,Urbana,No,20.0,3,No económicamente activa,0.0,Sí
1799,Veracruz de Ignacio de la Llave,Mujer,95,Rural,No,0.0,2,No económicamente activa,0.0,Sí
1800,Guanajuato,Mujer,71,Urbana,No,11.0,3,Ocupada,8400.0,Sí
1801,Sonora,Mujer,66,Urbana,No,8.0,7,No económicamente activa,0.0,Sí
1802,Jalisco,Hombre,43,Urbana,No,16.0,3,Desocupada,0.0,Sí
1803,Veracruz de Ignacio de la Llave,Hombre,23,Urbana,No,9.0,1,Ocupada,7220.0,Sí
1804,Yucatán,Hombre,42,Urbana,Sí,8.0,5,Ocupada,5290.0,Sí
1805,Nuevo León,Mujer,39,Urbana,No,15.0,5,Ocupada,29690.0,No
1806,Quintana Roo,Hombre,95,Urbana,No,7.0,3,No económicamente activa,0.0,Sí
1807,Sonora,Mujer,78,Urbana,No,17.0,4,No económicamente activa,0.0,Sí
1808,México,Mujer,49,Urbana,No,9.0,4,No económicamente activa,0.0,Sí
1809,Puebla,Mujer,49,Urbana,No,12.0,6,No económicamente activa,0.0,Sí
1810,Chihuahua,Hombre,59,Urbana,No,4.0,6,Ocupada,4460.0,Sí
1811,México,Hombre,46,Urbana,No,9.0,6,Ocupada,17920.0,Sí
1812,Oaxaca,Hombre,61,Rural,Sí,4.0,3,Ocupada,7810.0,No
1813,Yucatán,Hombre,31,Urbana,No,13.0,6,Ocupada,16760.0,Sí
1814,México,Hombre,32,Urbana,No,11.0,3,No económicamente activa,0.0,Sí
1815,Baja California,Mujer,31,Urbana,No,10.0,2,Ocupada,4130.0,Sí
1816,Ciudad de México,Mujer,42,Urbana,No,15.0,4,No económicamente activa,0.0,Sí
1817,Quintana Roo,Mujer,24,Urbana,No,12.0,2,No económicamente activa,0.0,No
1818,México,Hombre,22,Urbana,No,11.0,4,Desocupada,0.0,Sí
1819,México,Mujer,34,Urbana,No,16.0,4,Ocupada,6640.0,Sí
1820,Guanajuato,Hombre,39,Rural,No,8.0,3,No económicamente activa,0.0,Sí
1821,Baja California,Hombre,22,Urbana,No,9.0,3,Ocupada,4650.0,Sí
1822,Nayarit,Mujer,35,Urbana,No,5.0,2,No económicamente activa,0.0,Sí
1823,Jalisco,Mujer,19,Urbana,No,9.0,2,Ocupada,7830.0,Sí
1824,San Luis Potosí,Hombre,95,Rural,No,8.0,4,Ocupada,7760.0,Sí
1825,Puebla,Mujer,30,Urbana,No,8.0,4,Ocupada,15750.0,No
1826,Michoacán de Ocampo,Hombre,34,Urbana,No,16.0,2,Ocupada,11100.0,Sí
1827,Quintana Roo,Mujer,20,Urbana,No,9.0,4,No económicamente activa,0.0,Sí
1828,Baja California Sur,Mujer,35,Urbana,No,13.0,7,Ocupada,16650.0,Sí
1829,México,Mujer,51,Urbana,No,9.0,4,No económicamente activa,0.0,No
1830,Chiapas,Hombre,29,Rural,Sí,6.0,7,No económicamente activa,0.0,Sí
1831,Jalisco,Mujer,21,Urbana,No,13.0,3,No económicamente activa,,Sí
1832,México,Mujer,88,Urbana,No,9.0,6,No económicamente activa,0.0,Sí
1833,Ciudad de México,Mujer,44,Urbana,No,14.0,3,No económicamente activa,0.0,Sí
1834,Guanajuato,Hombre,67,Urbana,No,7.0,2,No económicamente activa,0.0,Sí
1835,Chihuahua,Mujer,29,Urbana,No,8.0,4,Ocupada,13640.0,Sí
1836,Jalisco,Mujer,26,Urbana,No,15.0,2,Ocupada,11390.0,Sí
1837,Zacatecas,Hombre,74,Urbana,No,8.0,3,Ocupada,4570.0,Sí
1838,Puebla,Mujer,45,Urbana,No,5.0,4,No económicamente activa,0.0,Sí
1839,Oaxaca,Mujer,39,Rural,Sí,2.0,6,Ocupada,,Sí
1840,Jalisco,Mujer,95,Urbana,No,8.0,4,Ocupada,3350.0,Sí
1841,Jalisco,Hombre,40,Urbana,No,9.0,3,Ocupada,14130.0,Sí
1842,Nuevo León,Mujer,46,Urbana,No,12.0,3,No económicamente activa,0.0,Sí
1843,Morelos,Mujer,50,Rural,No,17.0,3,Ocupada,4040.0,Sí
1844,Quintana Roo,Hombre,52,Urbana,No,10.0,6,Ocupada,,Sí
1845,Sonora,Mujer,31,Urbana,No,9.0,2,Ocupada,4650.0,Sí
1846,Guanajuato,Hombre,48,Urbana,No,10.0,3,No económicamente activa,0.0,Sí
1847,México,Hombre,90,Urbana,No,11.0,3,Ocupada,6150.0,Sí
1848,Veracruz de Ignacio de la Llave,Mujer,95,Urbana,No,3.0,3,Ocupada,3370.0,No
1849,San Luis Potosí,Hombre,31,Rural,No,6.0,5,Ocupada,7760.0,Sí
1850,Tamaulipas,Hombre,24,Urbana,No,12.0,3,Ocupada,8170.0,Sí
1851,Sinaloa,Mujer,35,Urbana,No,12.0,4,No económicamente activa,0.0,Sí
1852,Coahuila de Zaragoza,Mujer,36,Urbana,No,13.0,3,Ocupada,19310.0,Sí
1853,Quintana Roo,Mujer,31,Urbana,No,22.0,4,No económicamente activa,0.0,Sí
1854,Tabasco,Mujer,64,Rural,No,5.0,5,Ocupada,7470.0,Sí
1855,Ciudad de México,Mujer,29,Urbana,No,14.0,2,No económicamente activa,0.0,Sí
1856,México,Mujer,34,Rural,No,11.0,10,Ocupada,13900.0,Sí
1857,Guanajuato,Hombre,30,Urbana,No,8.0,3,No económicamente activa,0.0,Sí
1858,Michoacán de Ocampo,Hombre,24,Urbana,No,17.0,3,Ocupada,11260.0,Sí
1859,México,Hombre,56,Urbana,No,9.0,4,Ocupada,17770.0,No
1860,Quintana Roo,Mujer,23,Urbana,No,11.0,3,Ocupada,10040.0,Sí
1861,Morelos,Mujer,20,Urbana,No,,3,No económicamente activa,0.0,Sí
1862,Chihuahua,Mujer,48,Urbana,No,16.0,2,No económicamente activa,0.0,Sí
1863,México,Mujer,48,Urbana,No,13.0,5,No económicamente activa,0.0,Sí
1864,México,Hombre,49,Urbana,No,15.0,3,Ocupada,13210.0,No
1865,Chihuahua,Mujer,52,Urbana,No,4.0,4,Ocupada,5540.0,Sí
1866,Michoacán de Ocampo,Mujer,25,Rural,No,14.0,6,No económicamente activa,0.0,Sí
1867,Veracruz de Ignacio de la Llave,Hombre,17,Rural,No,7.0,2,No económicamente activa,0.0,Sí
1868,Hidalgo,Mujer,49,Rural,No,7.0,3,No económicamente activa,0.0,Sí
1869,Yucatán,Hombre,74,Urbana,No,6.0,3,No económicamente activa,0.0,Sí
1870,Veracruz de Ignacio de la Llave,Hombre,38,Urbana,No,11.0,2,Ocupada,7690.0,Sí
1871,Chiapas,Hombre,36,Rural,No,8.0,5,Ocupada,11290.0,Sí
1872,San Luis Potosí,Hombre,21,Urbana,No,2.0,6,No económicamente activa,0.0,Sí
1873,Guerrero,Mujer,25,Urbana,No,,3,No económicamente activa,0.0,Sí
1874,México,Hombre,20,Urbana,No,13.0,5,Ocupada,15750.0,Sí
1875,Hidalgo,Hombre,43,Urbana,No,14.0,3,Ocupada,3600.0,Sí
1876,Durango,Hombre,48,Urbana,No,17.0,4,Ocupada,13360.0,Sí
1877,Michoacán de Ocampo,Hombre,35,Urbana,No,6.0,3,No económicamente activa,,Sí
1878,Sonora,Mujer,32,Urbana,No,11.0,5,No económicamente activa,0.0,Sí
1879,México,Mujer,42,Urbana,No,10.0,5,Ocupada,4550.0,Sí
1880,Baja California,Hombre,37,Urbana,No,11.0,2,No económicamente activa,0.0,Sí
1881,Michoacán de Ocampo,Mujer,48,Rural,No,11.0,3,No económicamente activa,0.0,Sí
1882,Puebla,Hombre,36,Urbana,No,11.0,2,Ocupada,12480.0,Sí
1883,México,Hombre,22,Rural,No,9.0,3,Ocupada,4570.0,Sí
1884,Michoacán de Ocampo,Hombre,53,Urbana,No,10.0,5,Ocupada,11280.0,Sí
1885,Michoacán de Ocampo,Hombre,28,Rural,No,1.0,7,Ocupada,4160.0,No
1886,Oaxaca,Hombre,20,Rural,No,8.0,2,Ocupada,4270.0,Sí
1887,Oaxaca,Mujer,44,Urbana,No,8.0,4,No económicamente activa,0.0,Sí
1888,Tamaulipas,Hombre,37,Urbana,No,14.0,5,Ocupada,36300.0,Sí
1889,Baja California,Mujer,25,Urbana,No,15.0,4,Ocupada,16410.0,Sí
1890,Puebla,Mujer,24,Urbana,No,7.0,4,Ocupada,5120.0,Sí
1891,Guanajuato,Hombre,38,Urbana,No,11.0,4,Ocupada,15390.0,Sí
1892,Coahuila de Zaragoza,Hombre,39,Urbana,No,7.0,5,Ocupada,9580.0,Sí
1893,México,Mujer,94,Rural,No,10.0,4,No económicamente activa,0.0,Sí
1894,Zacatecas,Mujer,23,Urbana,No,8.0,3,No económicamente activa,0.0,Sí
1895,Tamaulipas,Mujer,25,Urbana,No,11.0,1,Ocupada,15880.0,No
1896,México,Hombre,26,Urbana,No,11.0,5,Ocupada,5010.0,Sí
1897,Ciudad de México,Hombre,32,Urbana,No,11.0,5,Ocupada,17030.0,Sí
1898,Sonora,Mujer,89,Urbana,No,11.0,4,No económicamente activa,,Sí
1899,Veracruz de Ignacio de la Llave,Hombre,95,Urbana,No,9.0,3,No económicamente activa,0.0,Sí
1900,México,Mujer,53,Urbana,No,12.0,5,No económicamente activa,,Sí
1901,Nuevo León,Hombre,30,Urbana,No,8.0,4,Ocupada,7070.0,Sí
1902,México,Hombre,56,Urbana,No,9.0,2,No económicamente activa,0.0,Sí
1903,Durango,Mujer,55,Rural,No,5.0,7,Ocupada,1530.0,Sí
1904,San Luis Potosí,Mujer,26,Rural,No,6.0,4,Desocupada,0.0,Sí
1905,México,Mujer,36,Urbana,No,12.0,1,Ocupada,,Sí
1906,Guanajuato,Hombre,42,Urbana,No,9.0,5,Desocupada,0.0,Sí
1907,México,Hombre,73,Rural,No,7.0,4,No económicamente activa,0.0,Sí
1908,Baja California,Mujer,23,Urbana,No,14.0,2,No económicamente activa,0.0,Sí
1909,Veracruz de Ignacio de la Llave,Mujer,53,Urbana,No,7.0,6,No económicamente activa,0.0,No
1910,Durango,Hombre,19,Urbana,No,8.0,5,No económicamente activa,0.0,Sí
1911,Puebla,Hombre,24,Urbana,No,10.0,3,Ocupada,17790.0,Sí
1912,Zacatecas,Mujer,95,Urbana,No,4.0,1,No económicamente activa,0.0,Sí
1913,Jalisco,Hombre,37,Urbana,No,11.0,3,No económicamente activa,0.0,Sí
1914,Oaxaca,Mujer,59,Rural,Sí,6.0,4,No económicamente activa,0.0,Sí
1915,Veracruz de Ignacio de la Llave,Hombre,37,Urbana,No,9.0,3,Ocupada,3970.0,No
1916,Hidalgo,Mujer,56,Urbana,No,15.0,3,No económicamente activa,,Sí
1917,México,Mujer,34,Urbana,No,15.0,3,No económicamente activa,0.0,Sí
1918,Veracruz de Ignacio de la Llave,Hombre,85,Rural,No,5.0,2,No económicamente activa,0.0,No
1919,México,Mujer,39,Urbana,No,12.0,2,No económicamente activa,0.0,Sí
1920,Nuevo León,Mujer,95,Urbana,No,8.0,1,No económicamente activa,0.0,Sí
1921,Jalisco,Mujer,31,Urbana,No,14.0,3,Ocupada,8890.0,Sí
1922,Guanajuato,Hombre,46,Urbana,No,13.0,2,Ocupada,14480.0,Sí
1923,Sonora,Mujer,37,Urbana,No,9.0,3,No económicamente activa,0.0,Sí
1924,Coahuila de Zaragoza,Mujer,46,Urbana,No,12.0,5,No económicamente activa,0.0,Sí
1925,Jalisco,Hombre,35,Urbana,No,10.0,2,No económicamente activa,0.0,Sí
1926,Morelos,Mujer,48,Urbana,Sí,12.0,2,No económicamente activa,0.0,Sí
1927,Chiapas,Mujer,41,Rural,No,1.0,4,Ocupada,990.0,Sí
1928,México,Hombre,36,Urbana,No,9.0,2,Ocupada,13310.0,Sí
1929,Baja California,Hombre,22,Urbana,No,14.0,2,Ocupada,14000.0,Sí
1930,Ciudad de México,Hombre,22,Urbana,No,15.0,3,Ocupada,14530.0,Sí
1931,Guanajuato,Hombre,47,Urbana,No,12.0,3,No económicamente activa,0.0,Sí
1932,Jalisco,Hombre,21,Urbana,No,11.0,4,Ocupada,5950.0,Sí
1933,Tlaxcala,Mujer,36,Urbana,No,10.0,3,Ocupada,8750.0,Sí
1934,San Luis Potosí,Mujer,95,Urbana,No,5.0,2,No económicamente activa,0.0,Sí
1935,Nuevo León,Mujer,32,Urbana,No,7.0,6,No económicamente activa,0.0,Sí
1936,Puebla,Hombre,61,Urbana,No,5.0,5,No económicamente activa,0.0,Sí
1937,Chiapas,Mujer,47,Urbana,No,9.0,5,Ocupada,7240.0,Sí
1938,Jalisco,Mujer,23,Urbana,No,7.0,4,Ocupada,10820.0,No
1939,Nuevo León,Hombre,34,Urbana,No,12.0,7,Ocupada,,Sí
1940,Zacatecas,Hombre,83,Urbana,Sí,6.0,3,No económicamente activa,0.0,Sí
1941,Chiapas,Hombre,35,Urbana,No,10.0,3,Desocupada,0.0,Sí
1942,Puebla,Hombre,55,Urbana,No,14.0,6,No económicamente activa,0.0,Sí
1943,Jalisco,Hombre,41,Urbana,No,10.0,2,Ocupada,,Sí
1944,Coahuila de Zaragoza,Mujer,53,Urbana,No,17.0,7,Ocupada,17320.0,Sí
1945,Quintana Roo,Hombre,67,Urbana,No,9.0,2,No económicamente activa,,No
1946,Campeche,Hombre,28,Urbana,No,10.0,3,Ocupada,12800.0,No
1947,Ciudad de México,Mujer,50,Urbana,No,10.0,5,No económicamente activa,0.0,Sí
1948,México,Mujer,53,Urbana,No,11.0,2,Ocupada,5340.0,Sí
1949,Guanajuato,Hombre,30,Urbana,No,12.0,3,Ocupada,10360.0,Sí
1950,Guerrero,Mujer,61,Urbana,No,8.0,2,No económicamente activa,0.0,Sí
1951,México,Mujer,22,Urbana,No,11.0,2,Ocupada,13010.0,Sí
1952,Morelos,Hombre,18,Urbana,No,10.0,5,No económicamente activa,0.0,Sí
1953,Durango,Hombre,37,Urbana,No,13.0,4,Ocupada,7630.0,Sí
1954,Aguascalientes,Mujer,49,Urbana,No,8.0,4,Ocupada,4960.0,Sí
1955,Baja California Sur,Hombre,18,Urbana,No,11.0,1,No económicamente activa,0.0,Sí
1956,Veracruz de Ignacio de la Llave,Mujer,49,Rural,No,13.0,2,No económicamente activa,0.0,Sí
1957,Puebla,Hombre,33,Urbana,No,15.0,2,Ocupada,8010.0,Sí
1958,México,Hombre,33,Urbana,No,19.0,9,No económicamente activa,0.0,Sí
1959,Michoacán de Ocampo,Hombre,71,Urbana,No,9.0,6,Ocupada,3740.0,Sí
1960,Jalisco,Hombre,48,Urbana,No,12.0,9,No económicamente activa,0.0,Sí
1961,Guerrero,Hombre,33,Urbana,No,11.0,2,Ocupada,7010.0,Sí
1962,Chihuahua,Hombre,46,Urbana,No,13.0,2,No económicamente activa,0.0,Sí
1963,Puebla,Mujer,20,Urbana,No,8.0,5,No económicamente activa,0.0,Sí
1964,Aguascalientes,Hombre,28,Urbana,No,11.0,6,Ocupada,13500.0,Sí
1965,Oaxaca,Mujer,47,Urbana,No,9.0,2,Ocupada,16300.0,Sí
1966,Chiapas,Hombre,72,Rural,Sí,0.0,6,No económicamente activa,0.0,No
1967,Tamaulipas,Mujer,37,Urbana,No,9.0,4,Ocupada,2870.0,Sí
1968,Quintana Roo,Hombre,47,Urbana,No,11.0,2,Ocupada,12590.0,Sí
1969,Yucatán,Mujer,56,Urbana,No,12.0,1,Ocupada,12480.0,Sí
1970,Durango,Mujer,64,Urbana,No,10.0,2,No económicamente activa,,Sí
1971,Guerrero,Hombre,53,Urbana,No,12.0,4,Ocupada,9720.0,Sí
1972,Baja California,Mujer,57,Urbana,No,15.0,3,No económicamente activa,0.0,Sí
1973,Guanajuato,Hombre,73,Urbana,No,7.0,2,Ocupada,11270.0,Sí
1974,Ciudad de México,Mujer,95,Urbana,No,11.0,4,No económicamente activa,0.0,Sí
1975,Puebla,Hombre,95,Rural,No,5.0,2,No económicamente activa,0.0,Sí
1976,Baja California,Mujer,65,Urbana,No,9.0,2,No económicamente activa,0.0,No
1977,Veracruz de Ignacio de la Llave,Mujer,28,Urbana,No,12.0,2,Ocupada,6770.0,Sí
1978,Puebla,Mujer,37,Urbana,No,8.0,6,Ocupada,7030.0,Sí
1979,Veracruz de Ignacio de la Llave,Hombre,78,Urbana,No,13.0,2,Ocupada,14400.0,Sí
1980,Puebla,Mujer,95,Urbana,No,7.0,3,No económicamente activa,,Sí
1981,Veracruz de Ignacio de la Llave,Hombre,31,Rural,No,9.0,2,Ocupada,4630.0,Sí
1982,Guanajuato,Mujer,29,Rural,No,8.0,5,No económicamente activa,0.0,Sí
1983,México,Hombre,84,Urbana,No,10.0,4,Ocupada,4590.0,Sí
1984,México,Hombre,28,Urbana,No,13.0,5,Ocupada,5470.0,Sí
1985,Coahuila de Zaragoza,Mujer,20,Urbana,No,11.0,1,Ocupada,9120.0,Sí
1986,Nuevo León,Hombre,63,Urbana,No,12.0,3,Ocupada,5000.0,Sí
1987,Nuevo León,Mujer,30,Urbana,No,13.0,2,Ocupada,9110.0,Sí
1988,Baja California,Mujer,52,Rural,No,6.0,3,Ocupada,,Sí
1989,Jalisco,Mujer,51,Urbana,No,12.0,4,No económicamente activa,0.0,Sí
1990,Puebla,Mujer,18,Urbana,No,10.0,3,No económicamente activa,0.0,Sí
1991,México,Mujer,27,Urbana,No,11.0,4,Ocupada,7820.0,Sí
1992,Yucatán,Mujer,26,Urbana,No,11.0,2,No económicamente activa,0.0,Sí
1993,Morelos,Mujer,26,Urbana,No,12.0,3,Ocupada,12520.0,No
1994,Ciudad de México,Mujer,40,Urbana,No,8.0,3,Ocupada,6960.0,Sí
1995,Sonora,Hombre,29,Urbana,No,13.0,1,Ocupada,4910.0,Sí
1996,México,Hombre,38,Urbana,No,14.0,3,Ocupada,6970.0,Sí
1997,Chiapas,Mujer,31,Rural,Sí,7.0,2,Ocupada,3580.0,Sí
1998,San Luis Potosí,Mujer,57,Urbana,No,5.0,3,Ocupada,9420.0,No
1999,México,Hombre,22,Urbana,No,6.0,4,Ocupada,8450.0,Sí
2000,Ciudad de México,Mujer,27,Urbana,No,13.0,3,No económicamente activa,0.0,Sí
2001,Puebla,Mujer,63,Urbana,No,10.0,3,No económicamente activa,0.0,No
2002,México,Mujer,74,Urbana,No,3.0,4,No económicamente activa,0.0,Sí
2003,Guanajuato,Hombre,67,Urbana,No,13.0,4,Ocupada,11270.0,Sí
2004,Oaxaca,Mujer,39,Urbana,No,10.0,6,Ocupada,12540.0,Sí
2005,Chiapas,Mujer,60,Urbana,No,11.0,5,Ocupada,13150.0,Sí
2006,Chihuahua,Hombre,36,Urbana,No,8.0,4,Ocupada,4140.0,Sí
2007,Chiapas,Mujer,44,Rural,Sí,7.0,3,Ocupada,,Sí
2008,Guerrero,Mujer,65,Urbana,No,4.0,2,Ocupada,3210.0,Sí
2009,Veracruz de Ignacio de la Llave,Hombre,42,Urbana,No,11.0,4,Ocupada,11690.0,Sí
2010,México,Hombre,80,Urbana,No,13.0,7,No económicamente activa,0.0,Sí
2011,Puebla,Hombre,24,Urbana,No,11.0,2,Ocupada,9750.0,Sí
2012,Veracruz de Ignacio de la Llave,Hombre,33,Rural,No,6.0,6,Ocupada,13050.0,No
2013,Chiapas,Hombre,36,Urbana,Sí,6.0,3,Ocupada,12280.0,Sí
2014,Chiapas,Mujer,28,Urbana,No,8.0,4,Ocupada,11970.0,Sí
2015,Hidalgo,Hombre,35,Urbana,No,10.0,3,Desocupada,0.0,Sí
2016,Puebla,Mujer,43,Urbana,No,12.0,5,Ocupada,19150.0,Sí
2017,Ciudad de México,Hombre,45,Urbana,No,14.0,2,Ocupada,21160.0,Sí
2018,México,Mujer,25,Rural,No,14.0,4,Ocupada,13930.0,Sí
2019,Jalisco,Mujer,47,Urbana,No,8.0,3,No económicamente activa,0.0,Sí
2020,Veracruz de Ignacio de la Llave,Hombre,33,Urbana,No,12.0,5,Ocupada,,Sí
2021,Chiapas,Mujer,34,Rural,No,6.0,5,No económicamente activa,0.0,Sí
2022,Chiapas,Mujer,30,Urbana,No,10.0,4,No económicamente activa,0.0,Sí
2023,Baja California,Mujer,33,Urbana,No,10.0,5,Ocupada,16040.0,No
2024,Tabasco,Mujer,35,Rural,No,8.0,2,No económicamente activa,0.0,Sí
2025,Oaxaca,Mujer,22,Urbana,No,,8,No económicamente activa,0.0,Sí
2026,México,Mujer,39,Urbana,No,11.0,2,No económicamente activa,0.0,Sí
2027,San Luis Potosí,Hombre,92,Urbana,No,12.0,7,No económicamente activa,0.0,Sí
2028,Puebla,Mujer,42,Urbana,No,,7,Ocupada,29830.0,Sí
2029,Ciudad de México,Mujer,22,Urbana,No,7.0,2,Ocupada,10620.0,Sí
2030,Tamaulipas,Hombre,32,Urbana,No,10.0,2,Ocupada,4210.0,Sí
2031,México,Mujer,50,Urbana,No,11.0,6,No económicamente activa,0.0,Sí
2032,Jalisco,Mujer,64,Urbana,No,11.0,2,Desocupada,0.0,Sí
2033,Veracruz de Ignacio de la Llave,Mujer,32,Urbana,No,11.0,4,Ocupada,13440.0,Sí
2034,Michoacán de Ocampo,Hombre,16,Urbana,No,7.0,6,No económicamente activa,0.0,Sí
2035,Chihuahua,Mujer,32,Urbana,No,12.0,2,No económicamente activa,0.0,Sí
2036,México,Mujer,28,Urbana,No,14.0,2,Ocupada,4900.0,Sí
2037,Querétaro,Hombre,82,Urbana,No,10.0,2,No económicamente activa,0.0,Sí
2038,Tamaulipas,Mujer,32,Rural,No,6.0,3,No económicamente activa,0.0,No
2039,Puebla,Mujer,24,Urbana,No,5.0,3,Ocupada,3810.0,Sí
2040,Aguascalientes,Hombre,95,Urbana,No,9.0,2,No económicamente activa,0.0,Sí
2041,México,Mujer,33,Urbana,No,12.0,2,No económicamente activa,0.0,Sí
2042,Michoacán de Ocampo,Hombre,61,Urbana,No,7.0,2,No económicamente activa,0.0,Sí
2043,Guerrero,Hombre,45,Urbana,No,9.0,3,No económicamente activa,0.0,Sí
2044,Nuevo León,Hombre,51,Urbana,No,12.0,1,Ocupada,11660.0,Sí
2045,México,Mujer,54,Urbana,No,8.0,2,Ocupada,10520.0,Sí
2046,Veracruz de Ignacio de la Llave,Mujer,32,Rural,No,10.0,5,Ocupada,9560.0,Sí
2047,Querétaro,Hombre,50,Urbana,No,12.0,4,Ocupada,12630.0,Sí
2048,México,Hombre,21,Urbana,No,7.0,6,Ocupada,8710.0,Sí
2049,Puebla,Mujer,42,Rural,Sí,7.0,6,Ocupada,4430.0,Sí
2050,México,Hombre,38,Urbana,Sí,13.0,6,Ocupada,20500.0,Sí
2051,Tamaulipas,Mujer,31,Urbana,No,14.0,3,No económicamente activa,0.0,Sí
2052,Baja California,Hombre,41,Urbana,No,17.0,5,Ocupada,14440.0,Sí
2053,Zacatecas,Hombre,35,Urbana,No,11.0,1,No económicamente activa,0.0,Sí
2054,Coahuila de Zaragoza,Mujer,17,Urbana,No,7.0,1,No económicamente activa,0.0,Sí
2055,Baja California,Hombre,66,Urbana,No,14.0,4,Desocupada,0.0,No
2056,México,Mujer,28,Rural,No,10.0,4,Ocupada,2800.0,Sí
2057,Guanajuato,Mujer,57,Rural,No,7.0,3,Ocupada,3580.0,Sí
2058,México,Hombre,71,Urbana,No,16.0,3,Ocupada,9640.0,Sí
2059,Zacatecas,Hombre,26,Rural,No,7.0,3,Ocupada,5060.0,Sí
2060,Jalisco,Hombre,44,Urbana,No,10.0,3,Ocupada,,Sí
2061,Veracruz de Ignacio de la Llave,Hombre,39,Urbana,No,6.0,4,Ocupada,7020.0,Sí
2062,Sonora,Mujer,23,Urbana,No,13.0,4,Ocupada,18000.0,Sí
2063,México,Mujer,60,Urbana,No,10.0,7,Ocupada,6210.0,No
2064,Guerrero,Hombre,45,Urbana,No,9.0,4,Ocupada,5520.0,Sí
2065,Michoacán de Ocampo,Hombre,82,Urbana,No,5.0,3,No económicamente activa,0.0,Sí
2066,Puebla,Hombre,62,Rural,No,8.0,4,Ocupada,6210.0,Sí
2067,Nuevo León,Hombre,22,Urbana,No,10.0,5,Ocupada,1770.0,No
2068,Oaxaca,Hombre,24,Urbana,No,16.0,1,Ocupada,11510.0,Sí
2069,Tabasco,Hombre,34,Urbana,No,10.0,4,No económicamente activa,0.0,Sí
2070,Chihuahua,Hombre,22,Urbana,No,11.0,3,Ocupada,11160.0,Sí
2071,Nayarit,Mujer,59,Urbana,No,13.0,3,No económicamente activa,0.0,Sí
2072,Chiapas,Hombre,43,Rural,No,8.0,3,Ocupada,2570.0,Sí
2073,Jalisco,Hombre,60,Urbana,No,10.0,4,Ocupada,7830.0,Sí
2074,México,Mujer,73,Rural,No,9.0,5,No económicamente activa,0.0,Sí
2075,Puebla,Mujer,53,Urbana,No,11.0,2,No económicamente activa,0.0,Sí
2076,Ciudad de México,Mujer,17,Urbana,No,12.0,3,No económicamente activa,0.0,Sí
2077,México,Hombre,60,Urbana,No,12.0,5,Ocupada,28160.0,Sí
2078,Aguascalientes,Mujer,60,Urbana,No,7.0,4,No económicamente activa,0.0,Sí
2079,Veracruz de Ignacio de la Llave,Hombre,23,Urbana,No,9.0,2,Ocupada,15470.0,Sí
2080,Tabasco,Mujer,24,Urbana,No,14.0,3,Ocupada,12190.0,Sí
2081,San Luis Potosí,Mujer,31,Rural,No,8.0,2,Ocupada,5070.0,Sí
2082,Yucatán,Hombre,21,Urbana,No,9.0,2,Ocupada,19870.0,Sí
2083,Nuevo León,Hombre,40,Urbana,No,9.0,1,Ocupada,4050.0,Sí
2084,Puebla,Hombre,43,Rural,No,4.0,4,Ocupada,12760.0,Sí
2085,México,Hombre,68,Urbana,No,14.0,1,No económicamente activa,0.0,Sí
2086,Ciudad de México,Hombre,95,Urbana,No,10.0,3,No económicamente activa,0.0,Sí
2087,Oaxaca,Hombre,28,Urbana,No,12.0,6,No económicamente activa,0.0,Sí
2088,Guanajuato,Mujer,58,Rural,No,11.0,4,No económicamente activa,0.0,Sí
2089,Nayarit,Hombre,27,Urbana,No,5.0,4,Ocupada,3870.0,Sí
2090,Morelos,Mujer,41,Rural,No,6.0,6,No económicamente activa,0.0,Sí
2091,Ciudad de México,Hombre,89,Urbana,No,13.0,3,No económicamente activa,0.0,Sí
2092,Hidalgo,Mujer,23,Urbana,No,8.0,3,Ocupada,3710.0,Sí
2093,Morelos,Mujer,82,Urbana,No,7.0,2,No económicamente activa,0.0,Sí
2094,México,Hombre,32,Urbana,No,13.0,2,Ocupada,19930.0,Sí
2095,Veracruz de Ignacio de la Llave,Mujer,72,Urbana,No,10.0,5,No económicamente activa,0.0,Sí
2096,Coahuila de Zaragoza,Hombre,49,Urbana,No,14.0,3,No económicamente activa,0.0,Sí
2097,México,Mujer,57,Urbana,No,15.0,3,Ocupada,11170.0,Sí
2098,México,Hombre,68,Urbana,No,12.0,3,Ocupada,4070.0,Sí
2099,Chihuahua,Mujer,57,Urbana,No,6.0,2,No económicamente activa,0.0,Sí
2100,San Luis Potosí,Mujer,35,Urbana,No,,5,Ocupada,6080.0,Sí
2101,Yucatán,Hombre,27,Urbana,No,7.0,6,Desocupada,0.0,Sí
2102,México,Mujer,24,Rural,No,4.0,2,No económicamente activa,0.0,Sí
2103,México,Mujer,37,Urbana,No,11.0,6,Ocupada,16380.0,Sí
2104,Chihuahua,Hombre,31,Urbana,No,14.0,5,Ocupada,7300.0,Sí
2105,Puebla,Hombre,79,Urbana,No,11.0,3,Desocupada,0.0,Sí
2106,Quintana Roo,Hombre,30,Urbana,Sí,11.0,5,Ocupada,8360.0,Sí
2107,México,Hombre,36,Urbana,No,12.0,3,Ocupada,14390.0,No
2108,Jalisco,Hombre,95,Rural,No,7.0,5,No económicamente activa,0.0,Sí
2109,San Luis Potosí,Mujer,70,Rural,No,5.0,5,Desocupada,0.0,No
2110,Ciudad de México,Mujer,50,Urbana,No,8.0,4,No económicamente activa,0.0,Sí
2111,Puebla,Hombre,22,Urbana,No,6.0,6,Ocupada,7660.0,Sí
2112,Nuevo León,Hombre,48,Urbana,No,10.0,4,Ocupada,4820.0,Sí
2113,Aguascalientes,Mujer,22,Urbana,No,12.0,4,Ocupada,16240.0,Sí
2114,Tlaxcala,Hombre,95,Urbana,No,5.0,3,Ocupada,4230.0,Sí
2115,Chiapas,Hombre,41,Urbana,Sí,6.0,6,No económicamente activa,,No
2116,Nayarit,Hombre,51,Urbana,No,9.0,1,Ocupada,8490.0,Sí
2117,Coahuila de Zaragoza,Mujer,36,Urbana,No,9.0,1,No económicamente activa,0.0,Sí
2118,Nuevo León,Mujer,56,Urbana,No,10.0,3,No económicamente activa,0.0,Sí
2119,Querétaro,Mujer,58,Urbana,No,14.0,3,Ocupada,6880.0,Sí
2120,Chiapas,Mujer,20,Urbana,Sí,7.0,4,No económicamente activa,0.0,No
2121,Puebla,Mujer,63,Urbana,No,10.0,6,Ocupada,7100.0,Sí
2122,Ciudad de México,Mujer,64,Urbana,No,9.0,6,Ocupada,11210.0,Sí
2123,Nuevo León,Mujer,39,Urbana,No,2.0,2,No económicamente activa,0.0,No
2124,Coahuila de Zaragoza,Hombre,26,Urbana,No,13.0,2,No económicamente activa,0.0,No
2125,Nuevo León,Hombre,19,Urbana,No,12.0,2,Ocupada,6500.0,Sí
2126,Tamaulipas,Hombre,93,Rural,No,4.0,6,No económicamente activa,0.0,Sí
2127,Aguascalientes,Mujer,54,Urbana,No,9.0,3,No económicamente activa,0.0,Sí
2128,Durango,Hombre,22,Urbana,No,11.0,3,Ocupada,10600.0,Sí
2129,San Luis Potosí,Hombre,17,Urbana,No,11.0,1,No económicamente activa,0.0,Sí
2130,México,Hombre,53,Urbana,No,14.0,6,No económicamente activa,0.0,Sí
2131,Yucatán,Hombre,25,Urbana,No,7.0,5,Ocupada,6440.0,Sí
2132,Michoacán de Ocampo,Mujer,95,Urbana,No,9.0,5,No económicamente activa,0.0,Sí
2133,Tamaulipas,Mujer,28,Urbana,No,8.0,4,Ocupada,5990.0,Sí
2134,Guanajuato,Mujer,32,Rural,No,6.0,3,Ocupada,2740.0,Sí
2135,Guanajuato,Hombre,33,Rural,No,7.0,3,Ocupada,8520.0,Sí
2136,México,Mujer,56,Urbana,No,7.0,7,Ocupada,3350.0,Sí
2137,México,Hombre,47,Urbana,No,15.0,2,Ocupada,,Sí
2138,Ciudad de México,Mujer,61,Urbana,No,9.0,5,Desocupada,0.0,No
2139,Coahuila de Zaragoza,Mujer,22,Urbana,No,13.0,1,Ocupada,14780.0,No
2140,Tabasco,Mujer,46,Urbana,No,14.0,5,No económicamente activa,,Sí
2141,Coahuila de Zaragoza,Hombre,26,Urbana,No,11.0,5,Desocupada,0.0,No
2142,Nuevo León,Hombre,51,Urbana,No,9.0,2,Ocupada,7950.0,Sí
2143,Oaxaca,Mujer,57,Urbana,No,1.0,2,No económicamente activa,0.0,No
2144,Tamaulipas,Mujer,77,Urbana,No,10.0,7,No económicamente activa,0.0,Sí
2145,México,Hombre,46,Urbana,No,19.0,6,Ocupada,15310.0,Sí
2146,Ciudad de México,Mujer,33,Urbana,No,13.0,3,Ocupada,10740.0,Sí
2147,Michoacán de Ocampo,Hombre,22,Urbana,No,9.0,3,Desocupada,0.0,Sí
2148,Puebla,Hombre,43,Urbana,No,10.0,6,No económicamente activa,0.0,Sí
2149,Oaxaca,Mujer,77,Urbana,No,2.0,2,No económicamente activa,0.0,No
2150,Ciudad de México,Mujer,78,Urbana,No,13.0,3,No económicamente activa,0.0,Sí
2151,Morelos,Hombre,25,Urbana,No,15.0,3,Desocupada,0.0,Sí
2152,Sinaloa,Mujer,34,Urbana,No,11.0,4,Ocupada,12150.0,Sí
2153,Ciudad de México,Hombre,55,Urbana,No,15.0,2,No económicamente activa,0.0,Sí
2154,México,Mujer,39,Urbana,No,10.0,2,No económicamente activa,0.0,Sí
2155,Quintana Roo,Hombre,30,Rural,No,9.0,3,No económicamente activa,0.0,No
2156,Sinaloa,Mujer,82,Urbana,No,8.0,3,No económicamente activa,0.0,Sí
2157,Veracruz de Ignacio de la Llave,Hombre,64,Urbana,No,,4,Ocupada,11080.0,Sí
2158,Colima,Hombre,42,Urbana,No,15.0,2,Ocupada,,Sí
2159,México,Hombre,42,Urbana,No,10.0,6,No económicamente activa,0.0,Sí
2160,Yucatán,Hombre,55,Urbana,No,11.0,5,Ocupada,7620.0,Sí
2161,México,Mujer,65,Urbana,No,12.0,2,Ocupada,10970.0,Sí
2162,Ciudad de México,Mujer,24,Urbana,No,10.0,3,Ocupada,7950.0,Sí
2163,Chiapas,Hombre,56,Rural,No,7.0,4,Ocupada,5470.0,No
2164,México,Hombre,55,Rural,No,13.0,9,Ocupada,8670.0,Sí
2165,Tamaulipas,Mujer,31,Urbana,No,18.0,5,No económicamente activa,0.0,Sí
2166,México,Mujer,35,Urbana,No,11.0,2,No económicamente activa,0.0,No
2167,Chiapas,Hombre,82,Rural,Sí,0.0,7,Ocupada,3820.0,Sí
2168,Ciudad de México,Hombre,21,Urbana,No,11.0,6,Ocupada,9820.0,Sí
2169,Puebla,Mujer,26,Urbana,No,2.0,3,No económicamente activa,0.0,No
2170,Michoacán de Ocampo,Hombre,24,Rural,No,4.0,3,Ocupada,3260.0,Sí
2171,México,Hombre,72,Urbana,No,9.0,8,No económicamente activa,0.0,Sí
2172,Aguascalientes,Hombre,25,Rural,No,6.0,3,No económicamente activa,0.0,No
2173,Hidalgo,Hombre,39,Urbana,No,12.0,1,Ocupada,12590.0,No
2174,Jalisco,Mujer,50,Urbana,No,6.0,3,Desocupada,0.0,Sí
2175,Michoacán de Ocampo,Mujer,24,Rural,No,10.0,3,Ocupada,15830.0,Sí
2176,México,Hombre,17,Urbana,No,4.0,6,Ocupada,6810.0,No
2177,Tamaulipas,Hombre,24,Rural,No,10.0,3,Ocupada,11790.0,No
2178,Chiapas,Mujer,24,Urbana,No,9.0,5,Desocupada,0.0,Sí
2179,Ciudad de México,Mujer,33,Urbana,No,18.0,6,Ocupada,23460.0,Sí
2180,Veracruz de Ignacio de la Llave,Mujer,29,Urbana,No,12.0,5,No económicamente activa,0.0,Sí
2181,Puebla,Mujer,78,Urbana,No,8.0,3,Ocupada,,Sí
2182,Tamaulipas,Mujer,36,Rural,No,12.0,2,No económicamente activa,0.0,No
2183,Nuevo León,Mujer,21,Urbana,No,12.0,2,No económicamente activa,0.0,Sí
2184,Jalisco,Mujer,45,Urbana,No,12.0,5,No económicamente activa,0.0,Sí
2185,Ciudad de México,Mujer,87,Urbana,No,12.0,4,No económicamente activa,0.0,Sí
2186,Sinaloa,Hombre,87,Rural,No,7.0,5,No económicamente activa,0.0,Sí
2187,México,Hombre,40,Urbana,No,9.0,5,Ocupada,,Sí
2188,Ciudad de México,Mujer,26,Urbana,No,12.0,3,No económicamente activa,0.0,Sí
2189,México,Hombre,36,Urbana,No,12.0,2,Ocupada,4740.0,Sí
2190,Nuevo León,Mujer,18,Urbana,No,9.0,2,Ocupada,13970.0,Sí
2191,Jalisco,Hombre,71,Urbana,No,8.0,6,No económicamente activa,0.0,Sí
2192,Querétaro,Mujer,70,Urbana,No,11.0,4,No económicamente activa,0.0,Sí
2193,Nuevo León,Hombre,24,Urbana,No,8.0,3,No económicamente activa,0.0,Sí
2194,México,Mujer,39,Urbana,No,10.0,5,Ocupada,10080.0,Sí
2195,Coahuila de Zaragoza,Mujer,18,Urbana,No,8.0,4,No económicamente activa,0.0,Sí
2196,Chiapas,Hombre,34,Urbana,No,6.0,1,Ocupada,10300.0,Sí
2197,Querétaro,Mujer,39,Urbana,No,14.0,3,No económicamente activa,0.0,Sí
2198,Tamaulipas,Hombre,29,Urbana,No,8.0,4,Ocupada,6490.0,No
2199,Chiapas,Mujer,23,Rural,No,7.0,4,Ocupada,2250.0,Sí
2200,Zacatecas,Hombre,23,Rural,No,10.0,6,No económicamente activa,0.0,Sí
2201,Chihuahua,Hombre,59,Urbana,No,14.0,4,Ocupada,10930.0,Sí
2202,Nuevo León,Hombre,29,Urbana,No,9.0,3,Ocupada,9900.0,Sí
2203,Baja California,Mujer,19,Urbana,No,11.0,2,Ocupada,,No
2204,Coahuila de Zaragoza,Mujer,55,Urbana,No,4.0,4,Ocupada,6560.0,Sí
2205,México,Hombre,74,Urbana,No,12.0,3,Ocupada,6900.0,No
2206,México,Mujer,42,Urbana,No,9.0,4,Ocupada,22760.0,Sí
2207,Coahuila de Zaragoza,Hombre,33,Urbana,No,13.0,3,Ocupada,25390.0,Sí
2208,Quintana Roo,Mujer,57,Urbana,Sí,3.0,7,No económicamente activa,0.0,No
2209,Ciudad de México,Mujer,41,Urbana,No,11.0,2,Ocupada,13480.0,Sí
2210,Puebla,Hombre,37,Rural,No,13.0,2,Ocupada,8730.0,Sí
2211,Sinaloa,Hombre,43,Urbana,No,14.0,1,Ocupada,3030.0,Sí
2212,Nuevo León,Mujer,24,Urbana,No,13.0,3,No económicamente activa,0.0,Sí
2213,Nuevo León,Hombre,73,Urbana,No,12.0,3,No económicamente activa,0.0,Sí
2214,Veracruz de Ignacio de la Llave,Mujer,46,Urbana,No,13.0,2,No económicamente activa,0.0,Sí
2215,México,Hombre,19,Urbana,Sí,12.0,1,No económicamente activa,0.0,No
2216,Veracruz de Ignacio de la Llave,Hombre,26,Urbana,No,8.0,4,No económicamente activa,0.0,No
2217,México,Hombre,45,Rural,Sí,7.0,3,Ocupada,4300.0,Sí
2218,Coahuila de Zaragoza,Hombre,33,Urbana,No,10.0,3,Ocupada,,Sí
2219,Guanajuato,Mujer,53,Urbana,No,12.0,5,Ocupada,7300.0,Sí
2220,Baja California,Hombre,37,Urbana,No,13.0,6,Ocupada,12700.0,No
2221,México,Hombre,44,Rural,No,7.0,2,No económicamente activa,0.0,No
2222,Veracruz de Ignacio de la Llave,Mujer,51,Urbana,No,15.0,7,No económicamente activa,,Sí
2223,México,Hombre,41,Urbana,No,8.0,4,Ocupada,6160.0,Sí
2224,Jalisco,Hombre,47,Urbana,No,12.0,6,Ocupada,,Sí
2225,Tamaulipas,Hombre,70,Rural,No,9.0,5,No económicamente activa,0.0,Sí
2226,Zacatecas,Mujer,53,Urbana,No,13.0,4,No económicamente activa,0.0,Sí
2227,Guanajuato,Mujer,46,Urbana,No,6.0,4,No económicamente activa,0.0,Sí
2228,México,Hombre,42,Rural,No,14.0,4,Ocupada,14710.0,Sí
2229,Querétaro,Hombre,24,Urbana,No,6.0,3,Ocupada,4270.0,Sí
2230,México,Hombre,70,Rural,No,11.0,6,Ocupada,3660.0,Sí
2231,Tabasco,Hombre,45,Urbana,No,4.0,7,No económicamente activa,0.0,Sí
2232,Chiapas,Mujer,37,Urbana,No,8.0,3,Ocupada,7890.0,Sí
2233,Nayarit,Mujer,55,Urbana,No,11.0,4,No económicamente activa,0.0,Sí
2234,Chihuahua,Mujer,56,Urbana,No,13.0,2,Ocupada,,Sí
2235,Nuevo León,Hombre,44,Urbana,Sí,9.0,2,Ocupada,13650.0,Sí
2236,Baja California,Hombre,19,Urbana,No,12.0,3,Ocupada,4300.0,No
2237,Guerrero,Mujer,53,Urbana,No,10.0,4,No económicamente activa,0.0,Sí
2238,San Luis Potosí,Hombre,44,Urbana,No,8.0,1,Ocupada,4310.0,Sí
2239,Guerrero,Mujer,51,Rural,No,8.0,2,No económicamente activa,0.0,No
2240,México,Mujer,39,Urbana,No,13.0,2,Ocupada,16950.0,Sí
2241,Veracruz de Ignacio de la Llave,Mujer,43,Rural,No,7.0,6,No económicamente activa,0.0,Sí
2242,Morelos,Mujer,18,Rural,No,8.0,2,Ocupada,12250.0,Sí
2243,Quintana Roo,Mujer,21,Urbana,No,8.0,3,No económicamente activa,0.0,No
2244,Guanajuato,Mujer,47,Rural,No,7.0,3,No económicamente activa,0.0,Sí
2245,Durango,Mujer,38,Urbana,No,13.0,1,Ocupada,4700.0,Sí
2246,Veracruz de Ignacio de la Llave,Hombre,31,Urbana,No,9.0,4,Ocupada,9860.0,Sí
2247,Hidalgo,Mujer,65,Urbana,No,6.0,1,No económicamente activa,0.0,Sí
2248,Tabasco,Mujer,95,Rural,Sí,2.0,4,No económicamente activa,0.0,Sí
2249,México,Mujer,78,Rural,Sí,4.0,4,Ocupada,5450.0,Sí
2250,Coahuila de Zaragoza,Mujer,30,Urbana,No,11.0,3,Ocupada,7390.0,Sí
2251,Ciudad de México,Mujer,29,Urbana,No,12.0,5,Ocupada,2750.0,No
2252,México,Hombre,21,Rural,No,6.0,3,Ocupada,4110.0,No
2253,Jalisco,Hombre,95,Urbana,No,6.0,3,Ocupada,6750.0,Sí
2254,México,Mujer,61,Urbana,No,6.0,6,Ocupada,9970.0,Sí
2255,Durango,Hombre,53,Urbana,No,10.0,4,No económicamente activa,0.0,Sí
2256,Coahuila de Zaragoza,Mujer,40,Urbana,No,13.0,2,Ocupada,4460.0,Sí
2257,Veracruz de Ignacio de la Llave,Mujer,45,Rural,No,6.0,5,Ocupada,3010.0,Sí
2258,Coahuila de Zaragoza,Hombre,95,Urbana,No,7.0,5,Ocupada,5670.0,Sí
2259,Jalisco,Mujer,46,Urbana,No,12.0,1,No económicamente activa,0.0,Sí
2260,San Luis Potosí,Mujer,50,Urbana,No,13.0,2,No económicamente activa,0.0,Sí
2261,Jalisco,Hombre,20,Urbana,No,10.0,4,Ocupada,9300.0,Sí
2262,Jalisco,Mujer,44,Urbana,No,8.0,3,Ocupada,12380.0,Sí
2263,Sinaloa,Mujer,33,Rural,No,,4,No económicamente activa,0.0,Sí
2264,Jalisco,Hombre,95,Urbana,No,8.0,2,Ocupada,4290.0,No
2265,Nuevo León,Mujer,43,Urbana,No,9.0,4,No económicamente activa,0.0,Sí
2266,Veracruz de Ignacio de la Llave,Hombre,28,Urbana,No,15.0,2,Ocupada,16770.0,Sí
2267,Campeche,Mujer,30,Urbana,No,11.0,3,Ocupada,8160.0,Sí
2268,Jalisco,Hombre,30,Urbana,No,9.0,6,Desocupada,0.0,Sí
2269,Veracruz de Ignacio de la Llave,Mujer,18,Rural,No,6.0,6,No económicamente activa,0.0,Sí
2270,Guerrero,Hombre,95,Rural,No,10.0,3,Ocupada,11410.0,Sí
2271,Nuevo León,Mujer,38,Urbana,No,11.0,5,Ocupada,19240.0,Sí
2272,Querétaro,Mujer,36,Urbana,No,9.0,4,Ocupada,13940.0,Sí
2273,Campeche,Hombre,31,Urbana,No,8.0,2,No económicamente activa,0.0,Sí
2274,Veracruz de Ignacio de la Llave,Mujer,38,Urbana,No,8.0,4,Ocupada,8030.0,Sí
2275,Aguascalientes,Hombre,50,Urbana,No,7.0,2,Ocupada,4730.0,Sí
2276,Michoacán de Ocampo,Hombre,27,Urbana,No,13.0,5,No económicamente activa,,No
2277,Oaxaca,Mujer,56,Rural,No,4.0,4,Ocupada,,Sí
2278,Chiapas,Mujer,33,Urbana,No,10.0,1,Ocupada,9840.0,Sí
2279,México,Mujer,32,Urbana,No,12.0,4,No económicamente activa,0.0,Sí
2280,Jalisco,Hombre,26,Urbana,No,9.0,5,Ocupada,7420.0,Sí
2281,Coahuila de Zaragoza,Mujer,72,Urbana,No,11.0,5,No económicamente activa,0.0,Sí
2282,Nuevo León,Hombre,58,Urbana,No,11.0,4,Ocupada,7790.0,Sí
2283,Michoacán de Ocampo,Hombre,55,Urbana,No,11.0,2,Ocupada,5440.0,Sí
2284,Morelos,Mujer,35,Urbana,No,9.0,2,Ocupada,4340.0,Sí
2285,Sinaloa,Mujer,45,Urbana,No,11.0,10,No económicamente activa,0.0,No
2286,Zacatecas,Mujer,46,Rural,No,13.0,7,No económicamente activa,0.0,Sí
2287,Guanajuato,Mujer,29,Rural,No,12.0,4,Ocupada,18300.0,Sí
2288,México,Mujer,29,Urbana,No,15.0,5,Ocupada,15840.0,Sí
2289,Aguascalientes,Mujer,27,Urbana,No,12.0,6,Ocupada,22150.0,Sí
2290,Hidalgo,Mujer,21,Rural,Sí,11.0,2,Ocupada,8720.0,Sí
2291,Ciudad de México,Hombre,26,Urbana,No,9.0,3,Ocupada,7780.0,Sí
2292,México,Hombre,49,Urbana,No,11.0,1,No económicamente activa,0.0,Sí
2293,Coahuila de Zaragoza,Hombre,75,Urbana,No,8.0,3,Ocupada,13260.0,Sí
2294,Puebla,Hombre,39,Urbana,No,12.0,2,Ocupada,11020.0,No
2295,Veracruz de Ignacio de la Llave,Hombre,40,Urbana,No,4.0,6,No económicamente activa,,No
2296,Veracruz de Ignacio de la Llave,Hombre,25,Rural,No,9.0,2,Ocupada,5120.0,Sí
2297,Hidalgo,Hombre,49,Urbana,No,7.0,3,No económicamente activa,0.0,Sí
2298,México,Mujer,78,Urbana,No,6.0,2,Ocupada,4370.0,Sí
2299,Veracruz de Ignacio de la Llave,Mujer,29,Urbana,No,11.0,1,No económicamente activa,0.0,Sí
2300,Ciudad de México,Mujer,37,Urbana,No,13.0,2,No económicamente activa,0.0,No
2301,Oaxaca,Mujer,46,Rural,No,7.0,3,Ocupada,6730.0,No
2302,Ciudad de México,Hombre,82,Urbana,No,8.0,4,Ocupada,7380.0,Sí
2303,Yucatán,Hombre,95,Urbana,No,9.0,2,No económicamente activa,0.0,Sí
2304,Oaxaca,Hombre,84,Rural,No,3.0,1,No económicamente activa,0.0,Sí
2305,San Luis Potosí,Mujer,34,Urbana,No,12.0,5,No económicamente activa,0.0,Sí
2306,Puebla,Hombre,41,Urbana,No,12.0,3,No económicamente activa,0.0,Sí
2307,Puebla,Hombre,49,Urbana,No,12.0,5,Ocupada,6860.0,No
2308,Ciudad de México,Hombre,70,Urbana,No,11.0,3,Ocupada,9600.0,No
2309,Tabasco,Mujer,52,Urbana,No,11.0,3,Ocupada,10100.0,Sí
2310,Querétaro,Hombre,26,Urbana,No,11.0,5,Ocupada,16870.0,Sí
2311,Quintana Roo,Hombre,54,Rural,No,11.0,3,Ocupada,,Sí
2312,Yucatán,Hombre,44,Urbana,No,12.0,4,No económicamente activa,0.0,Sí
2313,Durango,Mujer,46,Urbana,Sí,5.0,4,No económicamente activa,0.0,Sí
2314,Guerrero,Mujer,23,Rural,Sí,8.0,7,Ocupada,7020.0,Sí
2315,México,Mujer,55,Rural,No,8.0,4,Ocupada,22800.0,Sí
2316,México,Hombre,25,Urbana,No,13.0,4,Ocupada,5990.0,No
2317,Chiapas,Mujer,45,Urbana,No,10.0,2,No económicamente activa,0.0,Sí
2318,Chihuahua,Hombre,68,Rural,Sí,5.0,5,Ocupada,4360.0,Sí
2319,Yucatán,Hombre,46,Rural,Sí,1.0,2,Ocupada,3020.0,Sí
2320,Campeche,Mujer,15,Urbana,Sí,6.0,3,No económicamente activa,0.0,Sí
2321,Veracruz de Ignacio de la Llave,Hombre,30,Rural,No,2.0,3,Ocupada,3170.0,No
2322,Baja California Sur,Mujer,24,Urbana,No,11.0,4,Ocupada,9150.0,Sí
2323,Nuevo León,Mujer,45,Urbana,No,14.0,2,Ocupada,4110.0,Sí
2324,Ciudad de México,Mujer,57,Urbana,No,13.0,1,No económicamente activa,0.0,Sí
2325,Tabasco,Mujer,19,Rural,No,13.0,2,No económicamente activa,0.0,Sí
2326,Nuevo León,Mujer,27,Urbana,No,9.0,3,No económicamente activa,0.0,Sí
2327,Tamaulipas,Hombre,31,Urbana,No,10.0,4,Ocupada,5520.0,Sí
2328,Chihuahua,Mujer,67,Urbana,No,7.0,2,No económicamente activa,0.0,Sí
2329,Puebla,Mujer,28,Rural,No,15.0,9,Ocupada,18460.0,Sí
2330,México,Mujer,27,Urbana,No,14.0,2,Ocupada,22900.0,Sí
2331,Sinaloa,Hombre,47,Urbana,No,14.0,6,No económicamente activa,0.0,Sí
2332,Jalisco,Hombre,61,Urbana,No,8.0,4,Ocupada,5330.0,Sí
2333,Jalisco,Hombre,88,Urbana,No,6.0,6,Ocupada,6330.0,Sí
2334,Veracruz de Ignacio de la Llave,Mujer,22,Urbana,No,16.0,3,Ocupada,15570.0,Sí
2335,San Luis Potosí,Mujer,38,Urbana,Sí,8.0,3,Ocupada,11020.0,Sí
2336,Baja California,Mujer,65,Urbana,No,11.0,5,No económicamente activa,0.0,Sí
2337,Nuevo León,Hombre,37,Urbana,No,8.0,3,Ocupada,13920.0,Sí
2338,Baja California,Mujer,29,Urbana,No,12.0,3,No económicamente activa,0.0,Sí
2339,México,Hombre,45,Urbana,No,14.0,2,Ocupada,24550.0,Sí
2340,Michoacán de Ocampo,Mujer,95,Rural,No,0.0,5,No económicamente activa,0.0,No
2341,Ciudad de México,Mujer,29,Urbana,No,15.0,5,No económicamente activa,0.0,Sí
2342,Sonora,Mujer,33,Urbana,No,10.0,6,Ocupada,5740.0,Sí
2343,Michoacán de Ocampo,Mujer,18,Rural,No,7.0,4,No económicamente activa,0.0,Sí
2344,Ciudad de México,Mujer,17,Urbana,No,12.0,3,No económicamente activa,0.0,Sí
2345,Michoacán de Ocampo,Hombre,19,Urbana,No,11.0,2,Ocupada,11990.0,Sí
2346,Tlaxcala,Hombre,23,Urbana,No,7.0,2,Ocupada,6510.0,Sí
2347,Oaxaca,Hombre,29,Urbana,No,10.0,3,Ocupada,5780.0,Sí
2348,Veracruz de Ignacio de la Llave,Mujer,29,Urbana,No,5.0,4,Ocupada,5480.0,Sí
2349,Sinaloa,Hombre,35,Urbana,No,17.0,5,Ocupada,12710.0,Sí
2350,Jalisco,Hombre,32,Urbana,No,9.0,2,Ocupada,9050.0,No
2351,San Luis Potosí,Mujer,41,Rural,No,8.0,4,No económicamente activa,0.0,No
2352,Michoacán de Ocampo,Mujer,26,Urbana,No,9.0,2,Ocupada,6120.0,Sí
2353,Guanajuato,Mujer,46,Urbana,No,15.0,4,Ocupada,3490.0,Sí
2354,México,Hombre,33,Rural,No,8.0,6,Ocupada,5700.0,Sí
2355,Michoacán de Ocampo,Mujer,28,Urbana,No,17.0,2,No económicamente activa,0.0,Sí
2356,Jalisco,Mujer,46,Urbana,No,11.0,3,Desocupada,0.0,Sí
2357,Michoacán de Ocampo,Mujer,73,Urbana,No,0.0,2,No económicamente activa,0.0,No
2358,Michoacán de Ocampo,Mujer,95,Rural,No,5.0,3,No económicamente activa,0.0,No
2359,México,Hombre,21,Urbana,No,,3,Ocupada,12120.0,Sí
2360,Nuevo León,Hombre,20,Urbana,No,9.0,3,Ocupada,4860.0,No
2361,Ciudad de México,Mujer,35,Urbana,No,18.0,4,No económicamente activa,0.0,No
2362,Oaxaca,Mujer,33,Urbana,No,10.0,4,Ocupada,4810.0,Sí
2363,Ciudad de México,Hombre,20,Urbana,No,16.0,1,Desocupada,0.0,Sí
2364,México,Hombre,37,Urbana,No,10.0,5,No económicamente activa,0.0,No
2365,México,Mujer,66,Urbana,No,10.0,4,Ocupada,5460.0,Sí
2366,Guerrero,Mujer,44,Rural,No,11.0,5,No económicamente activa,0.0,Sí
2367,Quintana Roo,Hombre,95,Urbana,No,8.0,4,No económicamente activa,0.0,Sí
2368,México,Mujer,36,Urbana,No,12.0,2,Ocupada,8140.0,No
2369,Guerrero,Hombre,28,Rural,No,6.0,5,No económicamente activa,0.0,Sí
2370,Zacatecas,Mujer,25,Urbana,No,14.0,3,Ocupada,,Sí
2371,Puebla,Mujer,44,Urbana,No,9.0,3,Ocupada,5800.0,No
2372,Veracruz de Ignacio de la Llave,Mujer,57,Rural,No,6.0,1,Ocupada,2520.0,Sí
2373,Michoacán de Ocampo,Hombre,95,Rural,No,8.0,1,Ocupada,3060.0,Sí
2374,Ciudad de México,Hombre,34,Urbana,No,15.0,6,Ocupada,12800.0,Sí
2375,Michoacán de Ocampo,Mujer,18,Rural,No,5.0,4,No económicamente activa,0.0,Sí
2376,Hidalgo,Hombre,72,Urbana,No,8.0,2,No económicamente activa,0.0,Sí
2377,México,Hombre,45,Urbana,No,15.0,5,No económicamente activa,0.0,Sí
2378,Morelos,Mujer,29,Rural,No,9.0,3,No económicamente activa,0.0,No
2379,Veracruz de Ignacio de la Llave,Hombre,74,Rural,Sí,5.0,3,No económicamente activa,0.0,Sí
2380,Tamaulipas,Mujer,19,Urbana,No,10.0,1,No económicamente activa,0.0,Sí
2381,Coahuila de Zaragoza,Mujer,22,Urbana,No,15.0,5,Ocupada,10440.0,Sí
2382,Tabasco,Mujer,70,Rural,No,3.0,6,Ocupada,3010.0,Sí
2383,Hidalgo,Hombre,28,Urbana,No,12.0,3,No económicamente activa,0.0,Sí
2384,Morelos,Hombre,52,Urbana,No,8.0,2,No económicamente activa,0.0,Sí
2385,Guanajuato,Hombre,33,Urbana,No,19.0,4,Ocupada,12090.0,Sí
2386,Ciudad de México,Mujer,43,Urbana,No,9.0,4,No económicamente activa,0.0,Sí
2387,Jalisco,Hombre,42,Urbana,No,9.0,4,Desocupada,0.0,Sí
2388,Tabasco,Mujer,48,Rural,No,5.0,8,No económicamente activa,0.0,No
2389,Oaxaca,Hombre,83,Urbana,Sí,11.0,2,No económicamente activa,,No
2390,Puebla,Hombre,20,Urbana,No,9.0,1,No económicamente activa,0.0,Sí
2391,Guerrero,Mujer,85,Urbana,No,10.0,3,No económicamente activa,0.0,Sí
2392,Puebla,Mujer,82,Urbana,No,8.0,3,No económicamente activa,0.0,Sí
2393,Oaxaca,Hombre,35,Urbana,No,10.0,4,No económicamente activa,0.0,Sí
2394,Veracruz de Ignacio de la Llave,Hombre,25,Rural,No,3.0,1,Ocupada,10630.0,Sí
2395,Chiapas,Mujer,48,Rural,Sí,4.0,4,No económicamente activa,0.0,Sí
2396,Tabasco,Hombre,22,Urbana,No,10.0,2,No económicamente activa,0.0,Sí
2397,Baja California,Hombre,88,Urbana,No,7.0,2,Ocupada,8340.0,No
2398,Puebla,Mujer,42,Urbana,Sí,9.0,2,Ocupada,10220.0,Sí
2399,Sinaloa,Mujer,38,Urbana,No,13.0,2,Ocupada,,Sí
2400,Tlaxcala,Hombre,56,Urbana,No,10.0,4,Ocupada,6510.0,Sí
2401,Guanajuato,Hombre,26,Urbana,No,7.0,5,No económicamente activa,0.0,Sí
2402,Nayarit,Hombre,51,Urbana,No,12.0,6,Ocupada,4920.0,Sí
2403,Guanajuato,Hombre,45,Urbana,No,15.0,5,Desocupada,0.0,Sí
2404,Querétaro,Hombre,33,Urbana,No,17.0,4,Ocupada,9310.0,Sí
2405,Michoacán de Ocampo,Hombre,41,Urbana,No,12.0,4,Ocupada,7800.0,No
2406,Morelos,Mujer,29,Urbana,No,22.0,3,No económicamente activa,0.0,Sí
2407,Puebla,Mujer,36,Rural,No,11.0,2,No económicamente activa,0.0,Sí
2408,Jalisco,Hombre,83,Rural,No,11.0,5,Ocupada,11260.0,Sí
2409,México,Hombre,35,Urbana,No,14.0,4,Ocupada,4550.0,Sí
2410,Guanajuato,Hombre,71,Urbana,No,11.0,2,Ocupada,4160.0,Sí
2411,Guerrero,Mujer,19,Rural,No,12.0,8,Ocupada,2480.0,Sí
2412,Querétaro,Hombre,40,Rural,No,7.0,9,Ocupada,4770.0,Sí
2413,Tlaxcala,Mujer,36,Rural,No,9.0,4,No económicamente activa,0.0,Sí
2414,México,Hombre,49,Urbana,No,7.0,3,Ocupada,15930.0,Sí
2415,México,Mujer,27,Urbana,No,8.0,7,Ocupada,4090.0,Sí
2416,Jalisco,Hombre,36,Urbana,No,8.0,2,No económicamente activa,0.0,Sí
2417,Sonora,Mujer,26,Urbana,No,10.0,5,Ocupada,6760.0,No
2418,Puebla,Mujer,50,Urbana,No,8.0,4,No económicamente activa,0.0,Sí
2419,Coahuila de Zaragoza,Hombre,41,Urbana,No,14.0,2,Ocupada,9580.0,Sí
2420,Aguascalientes,Mujer,27,Urbana,No,8.0,3,No económicamente activa,0.0,Sí
2421,Veracruz de Ignacio de la Llave,Hombre,23,Urbana,No,10.0,5,Ocupada,3890.0,Sí
2422,Oaxaca,Mujer,60,Urbana,No,13.0,2,No económicamente activa,0.0,Sí
2423,Tabasco,Mujer,70,Rural,No,5.0,4,No económicamente activa,0.0,Sí
2424,México,Mujer,38,Urbana,No,10.0,3,No económicamente activa,0.0,No
2425,Ciudad de México,Hombre,27,Urbana,No,10.0,2,Ocupada,6660.0,No
2426,Sonora,Mujer,24,Urbana,No,13.0,2,Desocupada,0.0,Sí
2427,Guanajuato,Mujer,32,Urbana,No,13.0,2,Ocupada,10240.0,Sí
2428,México,Mujer,46,Urbana,No,4.0,3,No económicamente activa,0.0,Sí
2429,Yucatán,Mujer,20,Rural,Sí,9.0,4,No económicamente activa,0.0,Sí
2430,Tamaulipas,Mujer,82,Urbana,No,9.0,2,No económicamente activa,0.0,No
2431,Puebla,Mujer,31,Urbana,No,13.0,3,No económicamente activa,0.0,Sí
2432,México,Hombre,41,Urbana,No,9.0,4,Ocupada,3660.0,Sí
2433,Tamaulipas,Mujer,28,Urbana,No,10.0,5,Ocupada,7940.0,Sí
2434,Coahuila de Zaragoza,Hombre,58,Urbana,No,5.0,4,Ocupada,2960.0,No
2435,Veracruz de Ignacio de la Llave,Mujer,60,Urbana,No,11.0,4,No económicamente activa,,Sí
2436,Yucatán,Mujer,74,Urbana,No,12.0,3,No económicamente activa,0.0,Sí
2437,Ciudad de México,Hombre,30,Urbana,No,10.0,4,Ocupada,25400.0,Sí
2438,Guanajuato,Hombre,22,Rural,No,8.0,3,Ocupada,2550.0,Sí
2439,Veracruz de Ignacio de la Llave,Mujer,72,Rural,No,5.0,4,No económicamente activa,0.0,No
2440,Oaxaca,Mujer,42,Rural,No,7.0,5,Ocupada,1620.0,No
2441,México,Hombre,41,Urbana,No,14.0,1,No económicamente activa,0.0,Sí
2442,Nayarit,Hombre,53,Urbana,No,8.0,2,Ocupada,7680.0,Sí
2443,México,Mujer,42,Urbana,No,9.0,6,No económicamente activa,0.0,Sí
2444,Sonora,Hombre,50,Urbana,No,11.0,1,Ocupada,2480.0,Sí
2445,Guanajuato,Hombre,42,Urbana,No,11.0,2,Ocupada,17900.0,Sí
2446,Jalisco,Hombre,82,Urbana,No,14.0,2,No económicamente activa,0.0,Sí
2447,Coahuila de Zaragoza,Hombre,25,Urbana,No,17.0,4,No económicamente activa,0.0,Sí
2448,Chihuahua,Hombre,53,Urbana,No,15.0,3,Ocupada,13410.0,Sí
2449,Chihuahua,Hombre,55,Urbana,No,13.0,5,Ocupada,9550.0,Sí
2450,Querétaro,Mujer,58,Urbana,No,6.0,5,Ocupada,4730.0,Sí
2451,Ciudad de México,Mujer,28,Urbana,No,10.0,3,Ocupada,,Sí
2452,Veracruz de Ignacio de la Llave,Mujer,34,Rural,No,8.0,4,Ocupada,4850.0,Sí
2453,México,Hombre,36,Urbana,No,8.0,5,Ocupada,9860.0,No
2454,Sinaloa,Mujer,36,Urbana,No,10.0,3,Ocupada,8650.0,Sí
2455,Puebla,Hombre,68,Urbana,No,6.0,3,No económicamente activa,0.0,No
2456,Jalisco,Hombre,86,Urbana,No,7.0,4,No económicamente activa,0.0,No
2457,Baja California,Mujer,34,Urbana,No,8.0,4,Ocupada,11890.0,Sí
2458,Michoacán de Ocampo,Hombre,28,Urbana,No,10.0,2,Ocupada,9160.0,Sí
2459,Guanajuato,Mujer,39,Urbana,No,10.0,6,No económicamente activa,0.0,Sí
2460,Nuevo León,Mujer,45,Urbana,No,12.0,2,No económicamente activa,0.0,No
2461,Ciudad de México,Mujer,39,Urbana,No,16.0,2,No económicamente activa,0.0,Sí
2462,México,Hombre,95,Urbana,No,12.0,2,Ocupada,7690.0,No
2463,Ciudad de México,Mujer,33,Urbana,No,15.0,6,Ocupada,5350.0,Sí
2464,Sonora,Hombre,36,Urbana,No,11.0,3,Ocupada,7010.0,Sí
2465,Baja California,Hombre,32,Urbana,No,13.0,3,Ocupada,7660.0,Sí
2466,Aguascalientes,Hombre,66,Urbana,No,8.0,4,No económicamente activa,0.0,Sí
2467,Jalisco,Hombre,55,Urbana,No,8.0,3,Ocupada,5420.0,Sí
2468,Oaxaca,Hombre,22,Rural,No,6.0,5,Ocupada,9080.0,Sí
2469,Michoacán de Ocampo,Hombre,63,Urbana,No,7.0,5,No económicamente activa,0.0,Sí
2470,Coahuila de Zaragoza,Mujer,46,Urbana,No,16.0,4,No económicamente activa,0.0,Sí
2471,Baja California,Mujer,53,Urbana,No,11.0,4,Ocupada,16080.0,Sí
2472,Nuevo León,Mujer,43,Urbana,No,11.0,4,No económicamente activa,0.0,Sí
2473,Hidalgo,Mujer,20,Urbana,No,12.0,6,Ocupada,8010.0,Sí
2474,Querétaro,Mujer,42,Urbana,No,12.0,4,No económicamente activa,0.0,Sí
2475,Chiapas,Hombre,28,Rural,Sí,3.0,5,Ocupada,670.0,Sí
2476,México,Mujer,30,Urbana,No,14.0,3,Ocupada,16740.0,Sí
2477,Baja California,Hombre,29,Urbana,No,11.0,7,Ocupada,12250.0,Sí
2478,Tabasco,Hombre,47,Urbana,No,10.0,1,Ocupada,5260.0,Sí
2479,Jalisco,Mujer,25,Urbana,No,18.0,3,Ocupada,10340.0,Sí
2480,Nuevo León,Hombre,20,Urbana,No,11.0,2,Ocupada,8100.0,Sí
2481,Puebla,Hombre,86,Rural,No,5.0,4,Ocupada,2660.0,No
2482,Querétaro,Hombre,52,Urbana,No,13.0,7,Ocupada,19510.0,No
2483,Chihuahua,Mujer,43,Urbana,No,12.0,3,Ocupada,9790.0,Sí
2484,San Luis Potosí,Hombre,57,Urbana,No,7.0,4,Ocupada,4190.0,Sí
2485,Nuevo León,Hombre,53,Urbana,No,10.0,4,Ocupada,13210.0,Sí
2486,Puebla,Mujer,60,Urbana,No,8.0,7,Ocupada,5950.0,Sí
2487,México,Mujer,73,Urbana,No,11.0,4,Ocupada,7760.0,No
2488,Jalisco,Mujer,19,Urbana,No,12.0,1,No económicamente activa,0.0,No
2489,México,Mujer,80,Urbana,No,9.0,3,No económicamente activa,0.0,Sí
2490,Guerrero,Mujer,22,Urbana,Sí,2.0,2,Ocupada,7810.0,Sí
2491,Ciudad de México,Mujer,41,Urbana,No,14.0,5,No económicamente activa,0.0,Sí
2492,Puebla,Hombre,36,Urbana,No,12.0,2,Ocupada,9400.0,Sí
2493,México,Hombre,20,Urbana,No,10.0,3,Ocupada,16100.0,Sí
2494,Jalisco,Hombre,62,Urbana,No,14.0,1,Ocupada,9620.0,Sí
2495,Baja California,Mujer,40,Urbana,No,14.0,1,Ocupada,13050.0,Sí
2496,Tabasco,Hombre,26,Rural,No,9.0,4,Ocupada,4650.0,No
2497,Guanajuato,Hombre,57,Rural,No,6.0,3,Ocupada,2970.0,Sí
2498,México,Hombre,63,Urbana,No,12.0,3,Ocupada,14960.0,Sí
2499,Chiapas,Hombre,95,Urbana,Sí,0.0,4,Ocupada,6120.0,Sí
2500,Puebla,Hombre,60,Urbana,No,9.0,2,Ocupada,4550.0,Sí
2501,Ciudad de México,Hombre,34,Urbana,No,13.0,6,Ocupada,23880.0,Sí
2502,Nuevo León,Hombre,46,Urbana,No,10.0,7,Ocupada,9600.0,No
2503,Baja California,Mujer,30,Rural,No,8.0,6,Ocupada,10740.0,Sí
2504,México,Mujer,22,Urbana,No,7.0,3,Ocupada,12340.0,Sí
2505,Jalisco,Hombre,33,Urbana,No,16.0,3,Ocupada,6990.0,Sí
2506,Colima,Hombre,26,Urbana,No,15.0,4,Ocupada,6770.0,Sí
2507,México,Hombre,29,Urbana,No,15.0,4,Ocupada,13980.0,Sí
2508,México,Mujer,36,Urbana,No,9.0,4,Ocupada,9820.0,Sí
2509,Campeche,Hombre,73,Rural,No,1.0,4,Ocupada,2370.0,Sí
2510,Colima,Mujer,25,Urbana,No,13.0,3,Ocupada,5220.0,Sí
2511,Guanajuato,Mujer,35,Urbana,No,9.0,2,No económicamente activa,0.0,Sí
2512,México,Mujer,35,Urbana,No,9.0,3,No económicamente activa,0.0,Sí
2513,Tamaulipas,Hombre,69,Urbana,No,8.0,4,No económicamente activa,0.0,Sí
2514,Guanajuato,Mujer,38,Urbana,No,12.0,5,No económicamente activa,0.0,Sí
2515,Sonora,Hombre,49,Urbana,No,10.0,4,Desocupada,0.0,Sí
2516,Yucatán,Mujer,75,Urbana,Sí,7.0,6,No económicamente activa,0.0,Sí
2517,Chiapas,Mujer,63,Rural,Sí,0.0,2,No económicamente activa,0.0,Sí
2518,Jalisco,Hombre,28,Urbana,No,11.0,5,Ocupada,10580.0,No
2519,Veracruz de Ignacio de la Llave,Hombre,59,Urbana,No,14.0,4,No económicamente activa,0.0,Sí
2520,Puebla,Mujer,20,Urbana,No,8.0,4,Desocupada,0.0,Sí
2521,México,Hombre,54,Urbana,No,14.0,2,No económicamente activa,0.0,Sí
2522,Chiapas,Hombre,51,Urbana,No,7.0,5,Ocupada,9560.0,Sí
2523,Sinaloa,Mujer,31,Urbana,No,13.0,5,No económicamente activa,0.0,Sí
2524,Baja California,Mujer,58,Urbana,No,14.0,6,No económicamente activa,0.0,Sí
2525,México,Hombre,20,Urbana,No,10.0,4,Ocupada,22260.0,Sí
2526,Chiapas,Mujer,31,Urbana,No,14.0,3,No económicamente activa,0.0,Sí
2527,México,Hombre,21,Urbana,No,13.0,3,Desocupada,0.0,No
2528,Jalisco,Mujer,45,Urbana,No,12.0,6,Ocupada,4010.0,Sí
2529,México,Mujer,35,Urbana,No,4.0,8,Ocupada,1890.0,No
2530,Hidalgo,Mujer,78,Urbana,No,9.0,4,No económicamente activa,0.0,Sí
2531,Sonora,Mujer,79,Urbana,No,6.0,4,Ocupada,4410.0,Sí
2532,Michoacán de Ocampo,Hombre,66,Rural,No,4.0,6,No económicamente activa,0.0,No
2533,Chihuahua,Mujer,84,Urbana,No,14.0,4,Ocupada,9410.0,Sí
2534,Veracruz de Ignacio de la Llave,Mujer,25,Rural,No,6.0,5,No económicamente activa,0.0,Sí
2535,México,Mujer,20,Urbana,No,7.0,2,Ocupada,2640.0,No
2536,Ciudad de México,Hombre,95,Urbana,No,7.0,3,Ocupada,3150.0,Sí
2537,Jalisco,Hombre,31,Urbana,No,10.0,2,Ocupada,7970.0,Sí
2538,Nuevo León,Hombre,42,Urbana,No,9.0,5,Ocupada,8750.0,Sí
2539,Yucatán,Mujer,68,Urbana,No,5.0,2,No económicamente activa,0.0,Sí
2540,México,Hombre,35,Urbana,No,15.0,5,Ocupada,6040.0,Sí
2541,Guerrero,Mujer,51,Urbana,No,12.0,2,No económicamente activa,0.0,Sí
2542,Sonora,Hombre,37,Urbana,No,10.0,4,Ocupada,18480.0,Sí
2543,Morelos,Hombre,40,Urbana,No,10.0,5,No económicamente activa,0.0,Sí
2544,Veracruz de Ignacio de la Llave,Mujer,46,Urbana,No,10.0,4,No económicamente activa,0.0,Sí
2545,Puebla,Mujer,24,Urbana,No,10.0,6,Ocupada,10130.0,Sí
2546,Puebla,Mujer,21,Urbana,No,6.0,2,Desocupada,0.0,Sí
2547,Nuevo León,Mujer,38,Urbana,No,7.0,5,Ocupada,6330.0,Sí
2548,México,Mujer,38,Urbana,No,12.0,3,No económicamente activa,0.0,No
2549,Baja California Sur,Hombre,58,Urbana,No,15.0,2,Ocupada,17250.0,Sí
2550,Nayarit,Hombre,25,Urbana,No,8.0,3,Ocupada,13540.0,Sí
2551,Puebla,Mujer,52,Urbana,No,13.0,4,Ocupada,12410.0,Sí
2552,México,Mujer,32,Urbana,No,6.0,2,Ocupada,8300.0,No
2553,México,Hombre,51,Urbana,No,13.0,2,Ocupada,4920.0,Sí
2554,Jalisco,Hombre,35,Rural,No,8.0,4,Ocupada,4330.0,Sí
2555,Puebla,Mujer,22,Urbana,Sí,9.0,2,Ocupada,13550.0,Sí
2556,Jalisco,Mujer,33,Urbana,No,13.0,4,No económicamente activa,0.0,Sí
2557,Coahuila de Zaragoza,Hombre,22,Urbana,No,12.0,5,Ocupada,11820.0,Sí
2558,Jalisco,Mujer,43,Rural,No,13.0,5,No económicamente activa,0.0,Sí
2559,Jalisco,Hombre,58,Urbana,No,11.0,3,Ocupada,8500.0,Sí
2560,Sinaloa,Mujer,73,Rural,No,11.0,6,No económicamente activa,0.0,Sí
2561,Veracruz de Ignacio de la Llave,Mujer,95,Rural,No,8.0,3,No económicamente activa,0.0,Sí
2562,México,Hombre,95,Urbana,No,8.0,5,Ocupada,4550.0,Sí
2563,Tlaxcala,Mujer,55,Urbana,No,14.0,4,No económicamente activa,0.0,Sí
2564,México,Mujer,73,Urbana,No,9.0,3,No económicamente activa,,Sí
2565,México,Mujer,44,Rural,No,2.0,4,Ocupada,3510.0,No
2566,Chiapas,Mujer,67,Rural,Sí,1.0,6,No económicamente activa,0.0,Sí
2567,Morelos,Mujer,92,Urbana,No,3.0,2,No económicamente activa,0.0,Sí
2568,Querétaro,Hombre,54,Rural,No,12.0,2,Ocupada,10060.0,Sí
2569,Nuevo León,Mujer,30,Urbana,No,7.0,2,Ocupada,8800.0,Sí
2570,Tabasco,Mujer,77,Urbana,No,7.0,1,No económicamente activa,0.0,Sí
2571,Veracruz de Ignacio de la Llave,Hombre,80,Rural,Sí,0.0,6,Ocupada,3270.0,Sí
2572,Ciudad de México,Hombre,53,Urbana,No,13.0,4,Desocupada,0.0,Sí
2573,México,Mujer,49,Urbana,Sí,9.0,3,No económicamente activa,0.0,Sí
2574,México,Mujer,64,Urbana,No,11.0,3,Ocupada,11760.0,Sí
2575,Nuevo León,Hombre,47,Urbana,No,12.0,3,Ocupada,11420.0,Sí
2576,Jalisco,Mujer,80,Rural,No,3.0,3,No económicamente activa,0.0,No
2577,Puebla,Mujer,35,Urbana,No,9.0,3,No económicamente activa,0.0,Sí
2578,México,Hombre,43,Urbana,No,11.0,2,Ocupada,8340.0,Sí
2579,Veracruz de Ignacio de la Llave,Mujer,69,Urbana,No,9.0,4,No económicamente activa,0.0,No
2580,Jalisco,Hombre,27,Urbana,No,9.0,4,Desocupada,0.0,Sí
2581,Veracruz de Ignacio de la Llave,Hombre,28,Urbana,No,12.0,2,Ocupada,4610.0,No
2582,México,Hombre,32,Urbana,No,12.0,3,Ocupada,7290.0,Sí
2583,Sonora,Mujer,59,Urbana,No,14.0,4,Ocupada,18760.0,Sí
2584,Michoacán de Ocampo,Mujer,32,Urbana,No,12.0,5,Ocupada,6940.0,No
2585,Zacatecas,Mujer,50,Rural,No,11.0,7,No económicamente activa,0.0,Sí
2586,Querétaro,Hombre,28,Urbana,No,13.0,6,Ocupada,10700.0,Sí
2587,Puebla,Mujer,61,Urbana,No,5.0,4,Ocupada,7240.0,Sí
2588,Oaxaca,Hombre,17,Urbana,No,10.0,2,No económicamente activa,0.0,Sí
2589,México,Hombre,61,Urbana,No,9.0,3,Ocupada,5580.0,No
2590,Ciudad de México,Mujer,73,Urbana,No,9.0,6,No económicamente activa,0.0,Sí
2591,Ciudad de México,Hombre,21,Urbana,No,11.0,2,Ocupada,6020.0,Sí
2592,Oaxaca,Mujer,28,Urbana,No,11.0,2,No económicamente activa,0.0,Sí
2593,Baja California,Hombre,29,Urbana,No,10.0,3,Ocupada,6070.0,Sí
2594,Guanajuato,Hombre,64,Rural,No,9.0,5,Ocupada,10990.0,Sí
2595,Nuevo León,Hombre,50,Urbana,No,17.0,2,No económicamente activa,0.0,Sí
2596,Chihuahua,Hombre,73,Urbana,No,11.0,7,No económicamente activa,0.0,Sí
2597,Chihuahua,Mujer,52,Urbana,No,13.0,3,No económicamente activa,0.0,Sí
2598,Nuevo León,Mujer,21,Rural,Sí,8.0,4,Ocupada,7110.0,Sí
2599,San Luis Potosí,Hombre,20,Rural,No,5.0,3,Ocupada,9040.0,Sí
2600,Querétaro,Mujer,62,Urbana,No,9.0,4,No económicamente activa,0.0,Sí
2601,Querétaro,Hombre,49,Urbana,No,9.0,3,Ocupada,6620.0,Sí
2602,Chiapas,Hombre,31,Urbana,No,11.0,6,Desocupada,,No
2603,Aguascalientes,Hombre,36,Urbana,No,15.0,2,Ocupada,,Sí
2604,Puebla,Mujer,41,Urbana,No,5.0,8,Ocupada,9120.0,Sí
2605,Oaxaca,Hombre,61,Urbana,No,10.0,6,Ocupada,4450.0,Sí
2606,Ciudad de México,Mujer,49,Urbana,No,11.0,5,No económicamente activa,0.0,Sí
2607,Guerrero,Hombre,41,Urbana,Sí,8.0,2,Ocupada,10840.0,Sí
2608,Chiapas,Mujer,47,Urbana,No,4.0,3,No económicamente activa,0.0,Sí
2609,Baja California,Mujer,64,Urbana,No,14.0,3,No económicamente activa,0.0,No
2610,México,Hombre,64,Urbana,No,15.0,2,Ocupada,6590.0,No
2611,Michoacán de Ocampo,Mujer,41,Urbana,No,9.0,3,Desocupada,0.0,Sí
2612,Guanajuato,Hombre,55,Urbana,No,11.0,3,Ocupada,7760.0,Sí
2613,México,Hombre,49,Urbana,No,12.0,4,Ocupada,4510.0,Sí
2614,México,Hombre,45,Urbana,No,12.0,1,Ocupada,10390.0,Sí
2615,México,Mujer,60,Rural,No,13.0,6,No económicamente activa,0.0,Sí
2616,Zacatecas,Mujer,46,Urbana,No,7.0,4,No económicamente activa,0.0,Sí
2617,Veracruz de Ignacio de la Llave,Hombre,27,Rural,No,7.0,5,Desocupada,0.0,No
2618,Veracruz de Ignacio de la Llave,Mujer,29,Rural,No,7.0,7,Ocupada,3850.0,Sí
2619,Veracruz de Ignacio de la Llave,Hombre,37,Rural,Sí,8.0,5,Ocupada,9850.0,Sí
2620,México,Hombre,32,Rural,No,14.0,5,No económicamente activa,0.0,No
2621,Oaxaca,Hombre,95,Rural,No,11.0,2,No económicamente activa,0.0,Sí
2622,México,Mujer,53,Urbana,No,8.0,3,Ocupada,9500.0,Sí
2623,México,Mujer,50,Urbana,No,11.0,1,Ocupada,8380.0,Sí
2624,Baja California,Mujer,42,Urbana,No,10.0,5,No económicamente activa,0.0,Sí
2625,Guanajuato,Mujer,24,Urbana,No,10.0,6,No económicamente activa,,Sí
2626,Durango,Mujer,17,Rural,No,7.0,6,No económicamente activa,0.0,Sí
2627,Colima,Mujer,37,Urbana,No,13.0,3,Ocupada,10210.0,Sí
2628,Jalisco,Hombre,25,Urbana,No,13.0,4,Ocupada,9890.0,Sí
2629,San Luis Potosí,Hombre,29,Urbana,No,11.0,3,Ocupada,8880.0,Sí
2630,Guanajuato,Mujer,33,Urbana,No,13.0,1,No económicamente activa,0.0,Sí
2631,México,Hombre,27,Rural,No,12.0,2,Ocupada,4950.0,Sí
2632,México,Mujer,41,Urbana,No,13.0,4,No económicamente activa,0.0,Sí
2633,México,Mujer,81,Urbana,No,5.0,4,Ocupada,8670.0,Sí
2634,Nuevo León,Hombre,35,Urbana,No,14.0,3,Ocupada,12640.0,Sí
2635,San Luis Potosí,Mujer,86,Rural,No,,6,No económicamente activa,0.0,Sí
2636,México,Mujer,51,Urbana,No,12.0,4,No económicamente activa,0.0,No
2637,Chihuahua,Mujer,53,Urbana,No,10.0,4,No económicamente activa,,Sí
2638,Sonora,Mujer,38,Urbana,No,10.0,4,Desocupada,0.0,Sí
2639,Querétaro,Mujer,21,Urbana,No,12.0,4,No económicamente activa,0.0,Sí
2640,México,Mujer,32,Urbana,No,13.0,4,No económicamente activa,0.0,Sí
2641,Jalisco,Mujer,95,Urbana,No,8.0,3,Ocupada,8470.0,Sí
2642,México,Hombre,26,Urbana,No,12.0,3,Ocupada,13250.0,Sí
2643,Ciudad de México,Hombre,48,Urbana,No,11.0,3,Ocupada,13490.0,Sí
2644,Michoacán de Ocampo,Mujer,95,Rural,Sí,0.0,5,No económicamente activa,0.0,No
2645,Baja California,Hombre,95,Urbana,No,11.0,5,Ocupada,9740.0,Sí
2646,Hidalgo,Hombre,40,Rural,No,7.0,5,Ocupada,4060.0,Sí
2647,México,Mujer,32,Urbana,No,9.0,2,Ocupada,5910.0,Sí
2648,Puebla,Hombre,88,Urbana,No,7.0,3,No económicamente activa,0.0,Sí
2649,Durango,Hombre,47,Urbana,No,12.0,4,Ocupada,12270.0,Sí
2650,Morelos,Hombre,20,Urbana,No,10.0,5,Ocupada,7020.0,Sí
2651,Sonora,Mujer,33,Urbana,No,14.0,4,Ocupada,25950.0,Sí
2652,Chiapas,Hombre,95,Rural,No,3.0,2,No económicamente activa,0.0,Sí
2653,Tabasco,Hombre,50,Rural,No,6.0,6,Ocupada,7210.0,Sí
2654,Tabasco,Hombre,43,Rural,No,7.0,4,Ocupada,4230.0,Sí
2655,Ciudad de México,Mujer,16,Urbana,No,13.0,5,Ocupada,12210.0,Sí
2656,Veracruz de Ignacio de la Llave,Mujer,50,Rural,No,8.0,5,Ocupada,4980.0,Sí
2657,Veracruz de Ignacio de la Llave,Hombre,28,Rural,No,8.0,6,Ocupada,10840.0,No
2658,Oaxaca,Hombre,48,Urbana,No,10.0,2,No económicamente activa,0.0,Sí
2659,Chiapas,Hombre,38,Rural,Sí,6.0,5,Ocupada,7930.0,Sí
2660,México,Hombre,34,Urbana,No,8.0,3,Ocupada,5990.0,No
2661,Guanajuato,Hombre,41,Urbana,No,4.0,3,Ocupada,6740.0,Sí
2662,Querétaro,Hombre,95,Rural,No,2.0,2,No económicamente activa,0.0,No
2663,Querétaro,Mujer,95,Urbana,Sí,6.0,2,No económicamente activa,0.0,Sí
2664,Coahuila de Zaragoza,Hombre,62,Urbana,No,6.0,4,Ocupada,9740.0,Sí
2665,Jalisco,Hombre,25,Urbana,No,10.0,4,Desocupada,0.0,Sí
2666,Chihuahua,Hombre,24,Urbana,No,13.0,4,Ocupada,6870.0,Sí
2667,Jalisco,Mujer,47,Urbana,No,10.0,4,Ocupada,13480.0,No
2668,Michoacán de Ocampo,Mujer,30,Urbana,No,8.0,3,No económicamente activa,0.0,Sí
2669,Chihuahua,Hombre,31,Urbana,No,9.0,7,No económicamente activa,0.0,Sí
2670,Tlaxcala,Mujer,34,Rural,No,12.0,6,No económicamente activa,0.0,No
2671,México,Hombre,38,Rural,No,12.0,4,Ocupada,4070.0,No
2672,Sinaloa,Mujer,33,Rural,No,8.0,3,Ocupada,6290.0,Sí
2673,Tabasco,Hombre,61,Urbana,No,10.0,6,Ocupada,10280.0,Sí
2674,Tabasco,Hombre,66,Rural,No,5.0,3,No económicamente activa,0.0,Sí
2675,Sinaloa,Hombre,46,Urbana,No,5.0,4,Ocupada,3300.0,Sí
2676,Hidalgo,Mujer,56,Urbana,Sí,8.0,5,No económicamente activa,0.0,Sí
2677,Oaxaca,Mujer,56,Urbana,No,13.0,2,Ocupada,13160.0,Sí
2678,Hidalgo,Mujer,29,Rural,Sí,6.0,4,No económicamente activa,0.0,Sí
2679,Ciudad de México,Hombre,33,Urbana,No,12.0,7,Ocupada,8530.0,Sí
2680,Chiapas,Mujer,95,Rural,No,6.0,6,No económicamente activa,0.0,Sí
2681,Ciudad de México,Mujer,29,Urbana,No,18.0,2,No económicamente activa,0.0,Sí
2682,Chiapas,Mujer,32,Rural,No,5.0,6,No económicamente activa,0.0,No
2683,Sonora,Hombre,89,Urbana,No,12.0,6,Ocupada,4320.0,Sí
2684,Veracruz de Ignacio de la Llave,Hombre,35,Rural,No,6.0,5,Ocupada,3850.0,Sí
2685,México,Mujer,30,Rural,No,16.0,6,No económicamente activa,0.0,Sí
2686,Tamaulipas,Mujer,63,Urbana,No,4.0,2,No económicamente activa,0.0,No
2687,Nayarit,Mujer,15,Urbana,No,5.0,2,No económicamente activa,0.0,Sí
2688,Oaxaca,Mujer,23,Rural,Sí,7.0,4,No económicamente activa,0.0,Sí
2689,Jalisco,Mujer,25,Urbana,No,12.0,6,Ocupada,9930.0,Sí
2690,Veracruz de Ignacio de la Llave,Mujer,34,Urbana,No,13.0,4,Ocupada,9960.0,Sí
2691,Tamaulipas,Hombre,35,Urbana,No,13.0,2,Ocupada,13000.0,Sí
2692,Sinaloa,Hombre,31,Urbana,No,15.0,5,Ocupada,14550.0,No
2693,Nuevo León,Hombre,66,Urbana,No,12.0,2,No económicamente activa,0.0,Sí
2694,Chiapas,Hombre,60,Urbana,Sí,4.0,1,Ocupada,5230.0,Sí
2695,Hidalgo,Mujer,26,Urbana,No,12.0,3,Ocupada,8270.0,Sí
2696,Ciudad de México,Mujer,35,Urbana,No,16.0,7,No económicamente activa,0.0,Sí
2697,Oaxaca,Hombre,32,Urbana,Sí,8.0,4,Ocupada,7520.0,Sí
2698,México,Mujer,57,Urbana,No,13.0,4,No económicamente activa,0.0,No
2699,Tamaulipas,Hombre,60,Urbana,No,8.0,2,No económicamente activa,0.0,Sí
2700,Nuevo León,Mujer,36,Urbana,No,13.0,3,Ocupada,19370.0,Sí
2701,Ciudad de México,Hombre,62,Urbana,No,10.0,2,Ocupada,5790.0,No
2702,Jalisco,Hombre,61,Urbana,No,9.0,6,No económicamente activa,0.0,No
2703,México,Mujer,29,Urbana,No,9.0,2,Ocupada,6970.0,Sí
2704,Guanajuato,Hombre,76,Urbana,No,8.0,2,No económicamente activa,0.0,Sí
2705,México,Hombre,72,Urbana,No,9.0,4,No económicamente activa,0.0,Sí
2706,Michoacán de Ocampo,Mujer,35,Rural,No,15.0,3,Ocupada,6240.0,Sí
2707,Nuevo León,Hombre,43,Urbana,No,5.0,3,No económicamente activa,0.0,No
2708,Chihuahua,Hombre,30,Urbana,No,10.0,3,Ocupada,5760.0,No
2709,Guerrero,Hombre,53,Rural,No,4.0,5,Ocupada,1350.0,Sí
2710,Sinaloa,Hombre,42,Urbana,No,8.0,2,Ocupada,11640.0,Sí
2711,México,Mujer,68,Urbana,No,11.0,4,Ocupada,6570.0,Sí
2712,México,Mujer,57,Urbana,No,9.0,2,Ocupada,8290.0,Sí
2713,Michoacán de Ocampo,Mujer,88,Rural,No,9.0,1,No económicamente activa,0.0,Sí
2714,México,Hombre,24,Urbana,No,13.0,2,Ocupada,8640.0,No
2715,México,Mujer,32,Urbana,No,8.0,5,Ocupada,7590.0,Sí
2716,Michoacán de Ocampo,Hombre,36,Urbana,No,6.0,3,Ocupada,4760.0,Sí
2717,Sonora,Mujer,95,Urbana,No,12.0,1,No económicamente activa,0.0,Sí
2718,Quintana Roo,Mujer,33,Urbana,No,14.0,5,No económicamente activa,0.0,Sí
2719,Durango,Hombre,34,Rural,Sí,7.0,2,Ocupada,2920.0,Sí
2720,Ciudad de México,Mujer,40,Urbana,No,9.0,2,Ocupada,3330.0,Sí
2721,Querétaro,Mujer,73,Urbana,No,14.0,6,No económicamente activa,0.0,Sí
2722,Quintana Roo,Mujer,42,Urbana,No,17.0,6,Ocupada,12310.0,Sí
2723,Chihuahua,Mujer,21,Rural,No,8.0,2,Ocupada,10410.0,Sí
2724,Michoacán de Ocampo,Mujer,31,Urbana,No,15.0,5,Ocupada,9100.0,Sí
2725,Nuevo León,Hombre,95,Urbana,No,8.0,4,Ocupada,6120.0,Sí
2726,México,Mujer,40,Urbana,No,14.0,2,No económicamente activa,0.0,Sí
2727,Ciudad de México,Mujer,48,Urbana,No,10.0,3,Ocupada,9510.0,Sí
2728,Ciudad de México,Hombre,56,Urbana,No,16.0,4,Ocupada,11870.0,Sí
2729,Ciudad de México,Mujer,95,Urbana,No,8.0,3,No económicamente activa,0.0,Sí
2730,Sonora,Mujer,23,Urbana,No,12.0,3,No económicamente activa,0.0,Sí
2731,Zacatecas,Mujer,95,Rural,No,7.0,7,No económicamente activa,0.0,Sí
2732,Quintana Roo,Hombre,73,Urbana,No,9.0,7,No económicamente activa,0.0,Sí
2733,Sonora,Hombre,21,Rural,No,14.0,4,Ocupada,8420.0,Sí
2734,Guerrero,Mujer,24,Urbana,No,8.0,2,No económicamente activa,,Sí
2735,Guanajuato,Mujer,21,Urbana,No,6.0,1,Ocupada,8330.0,Sí
2736,México,Hombre,54,Urbana,No,14.0,1,Ocupada,3130.0,Sí
2737,Ciudad de México,Mujer,70,Urbana,No,9.0,4,No económicamente activa,0.0,Sí
2738,Michoacán de Ocampo,Hombre,46,Urbana,No,7.0,4,Ocupada,6540.0,Sí
2739,Ciudad de México,Hombre,47,Urbana,No,10.0,2,Ocupada,7180.0,Sí
2740,Jalisco,Hombre,22,Urbana,No,8.0,2,Ocupada,13390.0,Sí
2741,Chiapas,Hombre,47,Urbana,Sí,9.0,6,Ocupada,8160.0,Sí
2742,Nuevo León,Hombre,19,Urbana,No,18.0,5,Ocupada,16830.0,Sí
2743,Nuevo León,Hombre,33,Urbana,No,15.0,1,Ocupada,13510.0,Sí
2744,Yucatán,Mujer,47,Urbana,No,,4,No económicamente activa,0.0,No
2745,Quintana Roo,Hombre,32,Rural,No,8.0,1,Ocupada,4210.0,Sí
2746,Jalisco,Hombre,40,Urbana,No,11.0,1,Ocupada,2310.0,Sí
2747,Querétaro,Hombre,28,Urbana,No,14.0,2,Ocupada,13430.0,Sí
2748,San Luis Potosí,Mujer,70,Rural,No,3.0,4,No económicamente activa,0.0,Sí
2749,Oaxaca,Hombre,22,Rural,Sí,5.0,5,No económicamente activa,0.0,Sí
2750,Tabasco,Hombre,36,Rural,No,9.0,4,No económicamente activa,0.0,Sí
2751,Ciudad de México,Mujer,26,Urbana,No,9.0,5,No económicamente activa,0.0,No
2752,Chihuahua,Mujer,46,Urbana,No,6.0,3,No económicamente activa,0.0,Sí
2753,Sonora,Hombre,25,Urbana,No,12.0,5,No económicamente activa,0.0,Sí
2754,Ciudad de México,Hombre,67,Urbana,No,10.0,3,Ocupada,10340.0,Sí
2755,Tlaxcala,Mujer,95,Urbana,No,9.0,2,Ocupada,15830.0,Sí
2756,Nuevo León,Hombre,48,Urbana,No,10.0,5,Ocupada,9030.0,Sí
2757,Michoacán de Ocampo,Hombre,63,Urbana,No,10.0,8,Ocupada,6560.0,Sí
2758,Michoacán de Ocampo,Hombre,30,Urbana,No,10.0,3,No económicamente activa,0.0,Sí
2759,Nuevo León,Hombre,47,Urbana,No,11.0,6,Ocupada,7480.0,Sí
2760,México,Hombre,53,Urbana,No,7.0,4,Ocupada,5320.0,No
2761,Veracruz de Ignacio de la Llave,Hombre,53,Urbana,No,10.0,3,Ocupada,4370.0,Sí
2762,Guanajuato,Mujer,30,Urbana,No,10.0,4,Ocupada,12610.0,No
2763,Hidalgo,Hombre,29,Urbana,No,9.0,2,Ocupada,7630.0,Sí
2764,Quintana Roo,Hombre,69,Rural,No,8.0,4,Ocupada,3550.0,Sí
2765,México,Mujer,46,Urbana,No,11.0,2,No económicamente activa,0.0,Sí
2766,Ciudad de México,Mujer,36,Urbana,No,15.0,5,No económicamente activa,,Sí
2767,Baja California Sur,Hombre,95,Urbana,No,11.0,5,Ocupada,12460.0,Sí
2768,Oaxaca,Hombre,95,Rural,Sí,8.0,4,No económicamente activa,,Sí
2769,Puebla,Mujer,37,Rural,No,13.0,3,Ocupada,4380.0,Sí
2770,Morelos,Mujer,68,Urbana,No,8.0,3,No económicamente activa,0.0,Sí
2771,Nuevo León,Mujer,47,Urbana,No,10.0,4,Ocupada,9320.0,Sí
2772,México,Hombre,66,Urbana,No,10.0,4,No económicamente activa,0.0,Sí
2773,Nuevo León,Hombre,40,Urbana,No,13.0,4,No económicamente activa,0.0,Sí
2774,Chiapas,Mujer,63,Rural,No,6.0,3,Ocupada,4160.0,No
2775,Guanajuato,Hombre,35,Urbana,No,9.0,5,Ocupada,14690.0,No
2776,Zacatecas,Hombre,56,Urbana,No,8.0,8,Ocupada,9620.0,Sí
2777,Yucatán,Hombre,61,Urbana,No,5.0,3,Ocupada,2630.0,Sí
2778,Chihuahua,Mujer,41,Urbana,No,9.0,2,Ocupada,6290.0,No
2779,Nuevo León,Hombre,61,Urbana,No,12.0,3,No económicamente activa,0.0,Sí
2780,Guanajuato,Mujer,64,Urbana,No,10.0,4,Ocupada,,Sí
2781,Nuevo León,Mujer,45,Urbana,No,17.0,4,No económicamente activa,0.0,Sí
2782,Veracruz de Ignacio de la Llave,Mujer,33,Urbana,No,7.0,5,Ocupada,18000.0,Sí
2783,Guerrero,Mujer,27,Rural,No,7.0,1,No económicamente activa,0.0,Sí
2784,Tlaxcala,Mujer,19,Rural,No,5.0,4,No económicamente activa,0.0,Sí
2785,Ciudad de México,Mujer,41,Urbana,No,6.0,2,Ocupada,5600.0,Sí
2786,Ciudad de México,Mujer,95,Urbana,No,5.0,2,No económicamente activa,0.0,Sí
2787,Chihuahua,Mujer,45,Urbana,No,12.0,2,Ocupada,7980.0,No
2788,Sonora,Hombre,42,Urbana,No,13.0,1,Ocupada,4290.0,Sí
2789,Sonora,Hombre,17,Urbana,No,11.0,1,Ocupada,7140.0,Sí
2790,Veracruz de Ignacio de la Llave,Mujer,72,Rural,No,3.0,3,Ocupada,3710.0,Sí
2791,México,Mujer,33,Urbana,No,9.0,3,No económicamente activa,0.0,Sí
2792,Ciudad de México,Mujer,33,Urbana,No,12.0,8,No económicamente activa,0.0,No
2793,San Luis Potosí,Mujer,45,Rural,No,5.0,2,Ocupada,2520.0,No
2794,Durango,Mujer,30,Urbana,No,8.0,4,No económicamente activa,0.0,No
2795,Oaxaca,Mujer,95,Urbana,No,3.0,2,No económicamente activa,0.0,Sí
2796,Guerrero,Hombre,17,Rural,No,10.0,3,No económicamente activa,0.0,Sí
2797,Michoacán de Ocampo,Hombre,31,Urbana,Sí,8.0,1,Ocupada,2620.0,Sí
2798,Ciudad de México,Mujer,27,Urbana,No,16.0,3,No económicamente activa,0.0,Sí
2799,México,Mujer,57,Rural,No,8.0,5,No económicamente activa,0.0,No
2800,México,Hombre,69,Rural,No,6.0,7,Ocupada,8430.0,Sí
2801,Chiapas,Hombre,67,Rural,No,4.0,4,Ocupada,4920.0,Sí
2802,Chihuahua,Hombre,27,Urbana,No,10.0,2,Ocupada,16470.0,Sí
2803,Sonora,Hombre,48,Urbana,No,5.0,5,Ocupada,10130.0,Sí
2804,México,Mujer,28,Urbana,No,12.0,5,Ocupada,20710.0,Sí
2805,San Luis Potosí,Mujer,50,Urbana,No,12.0,3,Ocupada,3710.0,Sí
2806,Tabasco,Mujer,63,Urbana,No,6.0,3,No económicamente activa,0.0,Sí
2807,Veracruz de Ignacio de la Llave,Mujer,72,Rural,No,10.0,9,Ocupada,13120.0,Sí
2808,Puebla,Mujer,44,Urbana,No,8.0,4,No económicamente activa,0.0,Sí
2809,México,Mujer,45,Rural,No,11.0,3,No económicamente activa,0.0,Sí
2810,Guerrero,Hombre,62,Urbana,No,10.0,4,Ocupada,12430.0,Sí
2811,México,Hombre,95,Urbana,No,13.0,2,No económicamente activa,0.0,No
2812,Baja California,Mujer,27,Urbana,No,12.0,6,No económicamente activa,0.0,Sí
2813,Guerrero,Mujer,61,Urbana,No,5.0,2,No económicamente activa,0.0,Sí
2814,Quintana Roo,Hombre,62,Urbana,No,14.0,2,Ocupada,18060.0,Sí
2815,Tabasco,Hombre,28,Rural,No,11.0,1,No económicamente activa,0.0,Sí
2816,Puebla,Hombre,35,Urbana,No,7.0,6,Ocupada,5240.0,Sí
2817,Yucatán,Mujer,69,Urbana,No,12.0,2,No económicamente activa,0.0,Sí
2818,Chihuahua,Hombre,70,Urbana,No,7.0,6,No económicamente activa,0.0,Sí
2819,Baja California,Mujer,36,Urbana,No,11.0,4,Ocupada,12660.0,Sí
2820,San Luis Potosí,Mujer,32,Urbana,No,14.0,6,Ocupada,10420.0,Sí
2821,Sonora,Hombre,31,Urbana,No,14.0,5,Ocupada,,Sí
2822,Baja California,Hombre,37,Urbana,No,7.0,5,Ocupada,6200.0,Sí
2823,Sonora,Mujer,70,Urbana,No,7.0,2,No económicamente activa,0.0,Sí
2824,Sinaloa,Hombre,27,Urbana,No,13.0,6,Ocupada,7290.0,Sí
2825,Puebla,Hombre,30,Urbana,No,12.0,2,Ocupada,11510.0,Sí
2826,Baja California Sur,Mujer,21,Urbana,No,13.0,2,No económicamente activa,0.0,Sí
2827,Nuevo León,Hombre,54,Urbana,No,10.0,4,Ocupada,20870.0,Sí
2828,Veracruz de Ignacio de la Llave,Mujer,20,Urbana,No,14.0,5,No económicamente activa,0.0,Sí
2829,México,Mujer,63,Urbana,No,15.0,3,No económicamente activa,0.0,Sí
2830,San Luis Potosí,Mujer,38,Urbana,No,8.0,4,Ocupada,12390.0,Sí
2831,Chihuahua,Hombre,52,Urbana,No,11.0,2,Ocupada,12460.0,Sí
2832,Jalisco,Mujer,57,Rural,No,12.0,4,No económicamente activa,0.0,Sí
2833,Jalisco,Hombre,20,Urbana,No,12.0,1,Ocupada,11510.0,Sí
2834,Jalisco,Hombre,19,Rural,No,6.0,6,No económicamente activa,0.0,Sí
2835,Oaxaca,Mujer,47,Urbana,No,14.0,2,No económicamente activa,0.0,Sí
2836,Veracruz de Ignacio de la Llave,Hombre,95,Rural,No,6.0,5,No económicamente activa,0.0,Sí
2837,Sonora,Mujer,42,Urbana,No,12.0,6,No económicamente activa,0.0,No
2838,Sonora,Hombre,48,Urbana,No,13.0,2,Ocupada,3350.0,Sí
2839,Nayarit,Hombre,69,Urbana,Sí,8.0,3,No económicamente activa,0.0,Sí
2840,Chiapas,Mujer,19,Urbana,No,14.0,4,Ocupada,32910.0,Sí
2841,Baja California,Mujer,64,Rural,No,5.0,6,No económicamente activa,0.0,Sí
2842,Baja California,Hombre,37,Urbana,No,12.0,3,Ocupada,9720.0,Sí
2843,Guanajuato,Mujer,39,Rural,No,13.0,4,Ocupada,13070.0,Sí
2844,Veracruz de Ignacio de la Llave,Mujer,84,Urbana,No,10.0,2,No económicamente activa,0.0,Sí
2845,Guanajuato,Mujer,81,Urbana,No,,6,No económicamente activa,0.0,Sí
2846,Nayarit,Mujer,36,Rural,No,10.0,6,Ocupada,4200.0,Sí
2847,Baja California,Mujer,26,Urbana,No,9.0,9,No económicamente activa,0.0,Sí
2848,Aguascalientes,Hombre,34,Urbana,No,15.0,2,Ocupada,,Sí
2849,México,Mujer,32,Rural,No,15.0,4,Ocupada,,Sí
2850,Chihuahua,Hombre,21,Urbana,No,15.0,4,Ocupada,20550.0,Sí
2851,Hidalgo,Mujer,50,Rural,No,5.0,2,Ocupada,8050.0,No
2852,Michoacán de Ocampo,Mujer,21,Urbana,No,13.0,5,Ocupada,14730.0,Sí
2853,Chiapas,Hombre,32,Urbana,No,17.0,3,Ocupada,10800.0,Sí
2854,Baja California,Hombre,37,Rural,No,8.0,3,Ocupada,8420.0,Sí
2855,Veracruz de Ignacio de la Llave,Hombre,53,Urbana,No,3.0,4,No económicamente activa,0.0,Sí
2856,Aguascalientes,Mujer,94,Urbana,No,6.0,2,No económicamente activa,0.0,Sí
2857,México,Mujer,30,Rural,No,10.0,3,No económicamente activa,0.0,No
2858,Ciudad de México,Mujer,32,Urbana,No,16.0,6,No económicamente activa,0.0,Sí
2859,Sonora,Mujer,20,Urbana,No,7.0,6,No económicamente activa,0.0,Sí
2860,Quintana Roo,Mujer,36,Urbana,Sí,8.0,3,Ocupada,15450.0,No
2861,México,Mujer,43,Urbana,No,8.0,4,No económicamente activa,0.0,Sí
2862,México,Mujer,80,Urbana,No,10.0,2,No económicamente activa,0.0,Sí
2863,Tabasco,Mujer,26,Urbana,No,12.0,2,Ocupada,11400.0,Sí
2864,Veracruz de Ignacio de la Llave,Hombre,40,Urbana,No,11.0,6,Ocupada,5970.0,Sí
2865,México,Hombre,31,Urbana,No,12.0,2,Ocupada,5830.0,Sí
2866,Chihuahua,Mujer,35,Urbana,No,15.0,8,Ocupada,8750.0,Sí
2867,Ciudad de México,Hombre,23,Urbana,No,12.0,2,Ocupada,,Sí
2868,México,Hombre,19,Urbana,No,11.0,7,No económicamente activa,,Sí
2869,Aguascalientes,Mujer,24,Rural,No,11.0,4,No económicamente activa,0.0,Sí
2870,Tlaxcala,Hombre,41,Urbana,No,18.0,3,Ocupada,35550.0,Sí
2871,Tamaulipas,Hombre,22,Urbana,No,11.0,4,Ocupada,,Sí
2872,Michoacán de Ocampo,Hombre,23,Urbana,No,12.0,2,Ocupada,6480.0,Sí
2873,Veracruz de Ignacio de la Llave,Mujer,32,Rural,No,8.0,4,No económicamente activa,0.0,No
2874,Coahuila de Zaragoza,Mujer,29,Urbana,No,13.0,2,Ocupada,11310.0,Sí
2875,Chihuahua,Mujer,28,Urbana,No,14.0,5,No económicamente activa,0.0,Sí
2876,Jalisco,Mujer,47,Urbana,No,9.0,3,Ocupada,8510.0,Sí
2877,Guanajuato,Hombre,31,Urbana,No,9.0,2,Ocupada,11250.0,Sí
2878,Veracruz de Ignacio de la Llave,Mujer,19,Urbana,No,15.0,5,Ocupada,27820.0,Sí
2879,Guanajuato,Mujer,53,Urbana,No,10.0,2,No económicamente activa,0.0,Sí
2880,Morelos,Mujer,30,Urbana,No,9.0,4,No económicamente activa,0.0,Sí
2881,Chiapas,Hombre,30,Urbana,No,6.0,5,No económicamente activa,0.0,No
2882,México,Hombre,30,Urbana,No,14.0,1,No económicamente activa,0.0,No
2883,Guanajuato,Mujer,68,Urbana,No,11.0,4,Ocupada,7160.0,Sí
2884,Puebla,Hombre,90,Urbana,No,1.0,4,Ocupada,8380.0,Sí
2885,Sinaloa,Hombre,45,Urbana,No,5.0,4,Ocupada,,Sí
2886,México,Mujer,49,Rural,No,7.0,5,Ocupada,3030.0,Sí
2887,Tabasco,Hombre,28,Rural,No,15.0,6,No económicamente activa,0.0,Sí
2888,Baja California,Mujer,32,Urbana,No,7.0,4,Ocupada,19930.0,Sí
2889,Tamaulipas,Hombre,27,Urbana,No,16.0,1,Ocupada,34760.0,Sí
2890,Nayarit,Mujer,29,Urbana,No,,4,No económicamente activa,0.0,No
2891,Guanajuato,Hombre,48,Rural,No,7.0,5,Ocupada,1150.0,No
2892,Sonora,Hombre,35,Urbana,No,8.0,2,No económicamente activa,0.0,Sí
2893,México,Mujer,42,Urbana,No,12.0,2,No económicamente activa,0.0,Sí
2894,Oaxaca,Mujer,32,Urbana,No,9.0,2,No económicamente activa,0.0,Sí
2895,Coahuila de Zaragoza,Mujer,65,Urbana,No,8.0,6,Ocupada,12600.0,Sí
2896,Puebla,Hombre,44,Urbana,No,10.0,5,Ocupada,7820.0,Sí
2897,Jalisco,Mujer,21,Urbana,No,11.0,3,Ocupada,15520.0,Sí
2898,México,Hombre,67,Urbana,No,9.0,4,Ocupada,7870.0,Sí
2899,Morelos,Mujer,38,Urbana,Sí,11.0,4,No económicamente activa,0.0,Sí
2900,Chiapas,Mujer,26,Urbana,Sí,9.0,3,Ocupada,10930.0,Sí
2901,Puebla,Mujer,22,Urbana,No,12.0,4,Ocupada,,Sí
2902,Veracruz de Ignacio de la Llave,Hombre,21,Rural,Sí,3.0,6,Ocupada,4160.0,Sí
2903,México,Mujer,22,Urbana,No,7.0,4,Desocupada,0.0,No
2904,Sinaloa,Hombre,37,Rural,No,4.0,5,Ocupada,9610.0,Sí
2905,Guanajuato,Mujer,30,Urbana,No,10.0,6,Ocupada,5230.0,Sí
2906,Hidalgo,Mujer,31,Rural,Sí,8.0,1,No económicamente activa,0.0,Sí
2907,Puebla,Hombre,31,Rural,No,8.0,3,Ocupada,8710.0,Sí
2908,Jalisco,Mujer,46,Urbana,No,10.0,5,Ocupada,18670.0,Sí
2909,Chiapas,Hombre,22,Rural,Sí,1.0,5,Ocupada,3220.0,Sí
2910,Guanajuato,Mujer,89,Urbana,No,14.0,4,Desocupada,0.0,Sí
2911,Tamaulipas,Hombre,28,Rural,No,11.0,1,Ocupada,9050.0,Sí
2912,México,Hombre,91,Urbana,No,12.0,2,No económicamente activa,0.0,Sí
2913,México,Hombre,33,Urbana,No,9.0,3,Ocupada,8130.0,Sí
2914,Ciudad de México,Mujer,47,Urbana,No,6.0,3,Ocupada,3350.0,Sí
2915,Baja California,Mujer,60,Urbana,No,11.0,2,No económicamente activa,0.0,Sí
2916,Durango,Hombre,59,Urbana,No,7.0,3,Ocupada,25960.0,No
2917,Jalisco,Mujer,42,Urbana,No,6.0,5,Ocupada,3580.0,No
2918,Nayarit,Hombre,24,Rural,No,14.0,3,Ocupada,2110.0,Sí
2919,Oaxaca,Mujer,34,Rural,No,9.0,4,No económicamente activa,0.0,Sí
2920,Chihuahua,Mujer,51,Urbana,No,10.0,3,Ocupada,10840.0,Sí
2921,Puebla,Hombre,59,Urbana,No,9.0,2,Ocupada,10220.0,Sí
2922,Baja California,Mujer,69,Rural,No,5.0,5,No económicamente activa,0.0,No
2923,Jalisco,Mujer,54,Rural,No,7.0,4,No económicamente activa,0.0,Sí
2924,Yucatán,Hombre,21,Urbana,No,5.0,6,Ocupada,6340.0,Sí
2925,Jalisco,Mujer,70,Urbana,No,3.0,6,No económicamente activa,0.0,Sí
2926,Tabasco,Hombre,76,Rural,No,7.0,8,No económicamente activa,0.0,Sí
2927,Nuevo León,Mujer,26,Urbana,No,8.0,3,No económicamente activa,0.0,Sí
2928,Jalisco,Hombre,22,Urbana,No,10.0,3,Ocupada,8390.0,Sí
2929,México,Mujer,43,Urbana,No,9.0,1,Ocupada,16820.0,Sí
2930,México,Hombre,21,Urbana,No,13.0,3,No económicamente activa,0.0,No
2931,Guerrero,Hombre,80,Rural,No,10.0,3,No económicamente activa,0.0,Sí
2932,Guanajuato,Mujer,24,Rural,No,5.0,4,No económicamente activa,0.0,Sí
2933,Durango,Hombre,27,Urbana,No,14.0,8,Desocupada,0.0,Sí
2934,Tabasco,Mujer,43,Urbana,No,11.0,5,Ocupada,13520.0,Sí
2935,Chihuahua,Hombre,37,Urbana,No,9.0,7,No económicamente activa,0.0,Sí
2936,México,Mujer,92,Urbana,No,3.0,3,Ocupada,,Sí
2937,Ciudad de México,Hombre,29,Urbana,No,13.0,5,Ocupada,9640.0,Sí
2938,Hidalgo,Hombre,53,Urbana,No,13.0,4,Ocupada,6300.0,Sí
2939,Yucatán,Mujer,44,Urbana,No,11.0,4,Ocupada,5890.0,Sí
2940,Ciudad de México,Mujer,41,Urbana,No,10.0,1,No económicamente activa,,Sí
2941,Jalisco,Mujer,37,Urbana,No,12.0,3,Ocupada,4830.0,Sí
2942,México,Hombre,45,Urbana,No,11.0,4,Ocupada,6940.0,Sí
2943,Quintana Roo,Hombre,40,Rural,No,13.0,8,Ocupada,9800.0,Sí
2944,Quintana Roo,Mujer,34,Rural,Sí,8.0,4,Ocupada,6250.0,Sí
2945,Chihuahua,Hombre,40,Urbana,No,3.0,5,Ocupada,3960.0,Sí
2946,México,Hombre,46,Urbana,No,9.0,2,Ocupada,2930.0,Sí
2947,Oaxaca,Mujer,43,Rural,No,7.0,2,No económicamente activa,0.0,No
2948,Sonora,Hombre,37,Urbana,No,7.0,3,Ocupada,11210.0,Sí
2949,Oaxaca,Hombre,68,Rural,Sí,5.0,5,Ocupada,5910.0,Sí
2950,Sinaloa,Mujer,23,Urbana,No,6.0,1,Ocupada,4440.0,Sí
2951,Coahuila de Zaragoza,Hombre,46,Urbana,No,15.0,3,Ocupada,25740.0,Sí
2952,Sonora,Hombre,95,Rural,No,7.0,6,No económicamente activa,0.0,Sí
2953,Oaxaca,Hombre,33,Rural,Sí,9.0,2,Ocupada,3470.0,No
2954,Zacatecas,Hombre,39,Urbana,No,9.0,1,No económicamente activa,0.0,No
2955,Chihuahua,Mujer,53,Urbana,No,5.0,5,No económicamente activa,0.0,No
2956,Puebla,Mujer,57,Urbana,No,11.0,4,Ocupada,8440.0,Sí
2957,Zacatecas,Mujer,93,Urbana,No,9.0,5,No económicamente activa,0.0,Sí
2958,México,Hombre,45,Rural,No,10.0,3,Ocupada,5680.0,Sí
2959,Chiapas,Mujer,21,Rural,No,4.0,5,Ocupada,1890.0,Sí
2960,México,Hombre,31,Urbana,No,11.0,3,Ocupada,5710.0,No
2961,Jalisco,Hombre,33,Urbana,No,13.0,3,No económicamente activa,0.0,Sí
2962,San Luis Potosí,Mujer,32,Urbana,No,10.0,2,Ocupada,10530.0,Sí
2963,Jalisco,Hombre,35,Urbana,No,10.0,3,No económicamente activa,0.0,Sí
2964,Jalisco,Hombre,44,Rural,No,11.0,5,Ocupada,5490.0,Sí
2965,Tabasco,Mujer,45,Urbana,No,7.0,4,Ocupada,8420.0,Sí
2966,México,Mujer,38,Urbana,No,10.0,4,Ocupada,,Sí
2967,Oaxaca,Hombre,21,Rural,Sí,4.0,5,Ocupada,4290.0,Sí
2968,Veracruz de Ignacio de la Llave,Hombre,51,Urbana,No,10.0,8,Ocupada,5470.0,Sí
2969,Tabasco,Mujer,28,Rural,Sí,1.0,2,No económicamente activa,0.0,No
2970,Hidalgo,Hombre,57,Urbana,No,13.0,3,Ocupada,8700.0,Sí
2971,Jalisco,Mujer,49,Urbana,No,9.0,3,Ocupada,6790.0,Sí
2972,Querétaro,Hombre,31,Urbana,No,19.0,5,Ocupada,,Sí
2973,Michoacán de Ocampo,Mujer,35,Urbana,No,9.0,5,No económicamente activa,0.0,Sí
2974,Veracruz de Ignacio de la Llave,Mujer,42,Urbana,No,11.0,3,Ocupada,5730.0,Sí
2975,Guerrero,Mujer,79,Urbana,Sí,6.0,4,Ocupada,6160.0,Sí
2976,San Luis Potosí,Hombre,43,Rural,No,4.0,4,No económicamente activa,0.0,Sí
2977,Yucatán,Mujer,21,Urbana,No,12.0,1,No económicamente activa,0.0,Sí
2978,Guanajuato,Hombre,45,Urbana,No,13.0,1,Ocupada,17640.0,Sí
2979,Tamaulipas,Hombre,23,Urbana,No,11.0,2,Ocupada,10600.0,Sí
2980,Sinaloa,Mujer,41,Urbana,No,7.0,6,Ocupada,3870.0,No
2981,Baja California,Hombre,46,Urbana,No,18.0,3,Ocupada,,Sí
2982,Chihuahua,Hombre,37,Urbana,No,13.0,2,Ocupada,25260.0,Sí
2983,San Luis Potosí,Mujer,24,Urbana,No,10.0,6,Ocupada,12570.0,Sí
2984,Sinaloa,Hombre,48,Urbana,No,9.0,3,Ocupada,16790.0,No
2985,Baja California,Hombre,90,Rural,No,7.0,3,Ocupada,10670.0,Sí
2986,Chiapas,Hombre,26,Rural,No,9.0,3,Ocupada,5640.0,Sí
2987,Michoacán de Ocampo,Hombre,30,Urbana,No,14.0,4,Ocupada,10580.0,Sí
2988,Chiapas,Mujer,33,Urbana,No,10.0,3,No económicamente activa,0.0,Sí
2989,Sonora,Mujer,29,Urbana,No,10.0,2,No económicamente activa,0.0,Sí
2990,Puebla,Hombre,49,Urbana,No,10.0,2,Ocupada,3390.0,No
2991,Ciudad de México,Mujer,65,Urbana,No,11.0,2,No económicamente activa,0.0,Sí
2992,Puebla,Hombre,28,Urbana,No,14.0,3,Ocupada,22690.0,Sí
2993,México,Mujer,54,Urbana,Sí,11.0,4,No económicamente activa,0.0,Sí
2994,Puebla,Hombre,56,Rural,Sí,6.0,2,Ocupada,4000.0,Sí
2995,Sonora,Mujer,95,Urbana,No,10.0,5,Ocupada,5900.0,Sí
2996,Hidalgo,Hombre,20,Rural,No,3.0,3,Ocupada,3530.0,No
2997,Ciudad de México,Hombre,95,Urbana,No,13.0,4,Ocupada,7440.0,Sí
2998,México,Hombre,41,Urbana,No,17.0,4,Ocupada,13550.0,Sí
2999,Hidalgo,Mujer,34,Urbana,No,12.0,2,No económicamente activa,0.0,Sí
3000,Nayarit,Hombre,37,Rural,No,11.0,6,Ocupada,5920.0,No
3001,Querétaro,Hombre,26,Urbana,No,9.0,4,Ocupada,12170.0,Sí
3002,Jalisco,Hombre,36,Urbana,No,14.0,2,Ocupada,5790.0,Sí
3003,Sonora,Hombre,24,Rural,No,13.0,3,Ocupada,3470.0,Sí
3004,Veracruz de Ignacio de la Llave,Mujer,50,Urbana,No,13.0,5,Ocupada,21300.0,Sí
3005,Durango,Hombre,80,Urbana,No,7.0,1,No económicamente activa,,No
3006,Veracruz de Ignacio de la Llave,Hombre,23,Rural,No,4.0,7,Ocupada,3720.0,Sí
3007,México,Hombre,34,Urbana,No,14.0,3,Ocupada,8800.0,Sí
3008,México,Mujer,35,Urbana,No,6.0,5,No económicamente activa,0.0,Sí
3009,México,Hombre,90,Urbana,No,8.0,4,Ocupada,9410.0,Sí
3010,Chiapas,Hombre,37,Rural,Sí,4.0,6,Ocupada,2430.0,Sí
3011,Ciudad de México,Mujer,60,Urbana,No,13.0,1,Ocupada,13450.0,Sí
3012,Tabasco,Mujer,54,Urbana,No,9.0,2,Desocupada,0.0,Sí
3013,Nuevo León,Mujer,50,Urbana,No,14.0,2,Ocupada,9570.0,Sí
3014,Guerrero,Hombre,52,Rural,Sí,9.0,2,No económicamente activa,0.0,Sí
3015,Chiapas,Hombre,56,Rural,Sí,5.0,4,Ocupada,6520.0,No
3016,Chihuahua,Mujer,41,Urbana,No,10.0,4,Ocupada,30640.0,No
3017,Hidalgo,Hombre,33,Rural,No,8.0,6,Ocupada,5300.0,Sí
3018,México,Hombre,95,Urbana,No,8.0,2,Ocupada,6620.0,Sí
3019,Tlaxcala,Mujer,25,Rural,No,10.0,3,No económicamente activa,0.0,Sí
3020,Nuevo León,Hombre,35,Urbana,No,14.0,2,Ocupada,9220.0,No
3021,Puebla,Mujer,51,Urbana,No,14.0,6,No económicamente activa,0.0,Sí
3022,Ciudad de México,Mujer,33,Urbana,No,13.0,3,Ocupada,10810.0,Sí
3023,Guanajuato,Mujer,59,Urbana,No,12.0,3,Ocupada,13410.0,Sí
3024,Chiapas,Hombre,22,Rural,Sí,0.0,2,No económicamente activa,0.0,Sí
3025,Guanajuato,Mujer,29,Urbana,No,4.0,3,No económicamente activa,0.0,Sí
3026,Michoacán de Ocampo,Mujer,89,Rural,No,10.0,3,No económicamente activa,0.0,Sí
3027,Querétaro,Mujer,31,Urbana,No,13.0,2,No económicamente activa,0.0,No
3028,Sonora,Hombre,32,Urbana,No,10.0,5,No económicamente activa,,Sí
3029,Jalisco,Mujer,53,Urbana,No,8.0,3,Ocupada,7380.0,Sí
3030,Jalisco,Mujer,40,Rural,No,8.0,3,No económicamente activa,0.0,Sí
3031,Jalisco,Hombre,30,Urbana,No,12.0,4,Ocupada,13410.0,Sí
3032,Zacatecas,Mujer,49,Rural,No,18.0,5,No económicamente activa,0.0,Sí
3033,Jalisco,Mujer,61,Urbana,No,9.0,1,Ocupada,1680.0,Sí
3034,Nayarit,Mujer,28,Rural,No,9.0,5,Ocupada,6200.0,Sí
3035,Ciudad de México,Hombre,18,Urbana,No,19.0,4,No económicamente activa,0.0,Sí
3036,Tlaxcala,Hombre,95,Urbana,No,9.0,4,No económicamente activa,0.0,Sí
3037,Puebla,Mujer,26,Urbana,No,11.0,1,No económicamente activa,0.0,Sí
3038,Guanajuato,Mujer,36,Urbana,No,10.0,2,Ocupada,17400.0,Sí
3039,Jalisco,Mujer,77,Urbana,No,7.0,4,No económicamente activa,0.0,Sí
3040,Michoacán de Ocampo,Mujer,68,Rural,No,6.0,6,No económicamente activa,0.0,Sí
3041,Veracruz de Ignacio de la Llave,Mujer,65,Rural,No,6.0,6,Ocupada,3910.0,Sí
3042,Veracruz de Ignacio de la Llave,Mujer,28,Urbana,No,12.0,5,Ocupada,13110.0,Sí
3043,Veracruz de Ignacio de la Llave,Hombre,57,Rural,No,6.0,2,No económicamente activa,0.0,Sí
3044,Tabasco,Mujer,40,Urbana,No,12.0,2,Ocupada,10540.0,Sí
3045,Baja California,Hombre,26,Urbana,No,7.0,3,Ocupada,7970.0,No
3046,Baja California,Hombre,22,Urbana,No,12.0,3,Ocupada,9010.0,No
3047,Puebla,Mujer,86,Rural,No,11.0,2,Ocupada,16080.0,Sí
3048,Jalisco,Mujer,37,Urbana,No,9.0,4,Ocupada,5920.0,Sí
3049,Ciudad de México,Hombre,73,Urbana,No,7.0,6,No económicamente activa,0.0,Sí
3050,Michoacán de Ocampo,Hombre,95,Rural,No,3.0,4,Ocupada,2810.0,Sí
3051,México,Mujer,30,Urbana,No,11.0,5,No económicamente activa,0.0,No
3052,Chiapas,Hombre,53,Rural,No,1.0,5,Ocupada,4620.0,Sí
3053,México,Hombre,26,Urbana,No,17.0,3,Ocupada,16830.0,No
3054,Jalisco,Hombre,57,Urbana,No,13.0,4,Ocupada,,Sí
3055,México,Mujer,54,Urbana,No,17.0,4,No económicamente activa,0.0,Sí
3056,Michoacán de Ocampo,Mujer,27,Urbana,No,12.0,2,No económicamente activa,0.0,Sí
3057,Oaxaca,Hombre,50,Rural,Sí,,4,Ocupada,3810.0,Sí
3058,Chiapas,Hombre,52,Rural,No,4.0,2,Ocupada,5700.0,Sí
3059,Coahuila de Zaragoza,Hombre,28,Urbana,No,14.0,2,Ocupada,9130.0,Sí
3060,Jalisco,Hombre,20,Urbana,No,8.0,1,Ocupada,1860.0,Sí
3061,Hidalgo,Hombre,16,Urbana,No,11.0,4,No económicamente activa,0.0,Sí
3062,Jalisco,Hombre,91,Urbana,No,6.0,1,Ocupada,6810.0,Sí
3063,Nuevo León,Mujer,29,Urbana,No,11.0,4,Ocupada,11420.0,Sí
3064,Jalisco,Hombre,28,Urbana,No,15.0,3,Ocupada,8610.0,Sí
3065,Baja California Sur,Hombre,45,Urbana,No,15.0,3,Ocupada,20000.0,Sí
3066,Quintana Roo,Hombre,29,Urbana,No,15.0,1,Ocupada,23290.0,Sí
3067,México,Hombre,94,Urbana,No,9.0,6,Ocupada,10510.0,Sí
3068,Tlaxcala,Hombre,47,Urbana,No,8.0,3,Ocupada,13750.0,Sí
3069,Nuevo León,Hombre,51,Urbana,No,11.0,3,Ocupada,14640.0,Sí
3070,Nayarit,Hombre,54,Urbana,No,5.0,3,Ocupada,4320.0,Sí
3071,México,Mujer,44,Urbana,No,11.0,4,Ocupada,7060.0,Sí
3072,Sonora,Hombre,30,Urbana,No,11.0,4,Ocupada,5560.0,Sí
3073,Puebla,Mujer,36,Urbana,No,9.0,4,No económicamente activa,0.0,Sí
3074,Coahuila de Zaragoza,Hombre,28,Urbana,No,12.0,3,Ocupada,,Sí
3075,Morelos,Mujer,36,Urbana,No,14.0,4,No económicamente activa,0.0,Sí
3076,Quintana Roo,Hombre,24,Urbana,No,11.0,4,Desocupada,0.0,Sí
3077,Guanajuato,Mujer,50,Urbana,No,7.0,1,No económicamente activa,0.0,Sí
3078,Coahuila de Zaragoza,Mujer,54,Urbana,No,7.0,5,Ocupada,7650.0,Sí
3079,Tabasco,Hombre,95,Urbana,No,12.0,2,No económicamente activa,0.0,Sí
3080,Ciudad de México,Hombre,42,Urbana,No,18.0,2,Ocupada,13140.0,Sí
3081,Chiapas,Hombre,24,Urbana,No,14.0,4,Ocupada,13500.0,Sí
3082,Ciudad de México,Mujer,32,Urbana,No,12.0,3,Ocupada,7460.0,No
3083,Jalisco,Hombre,66,Rural,No,10.0,8,No económicamente activa,0.0,Sí
3084,Sonora,Mujer,37,Urbana,No,14.0,6,Ocupada,11260.0,Sí
3085,Querétaro,Mujer,42,Rural,No,4.0,5,No económicamente activa,0.0,No
3086,Baja California,Mujer,22,Urbana,No,11.0,3,Ocupada,13110.0,Sí
3087,Puebla,Hombre,56,Rural,No,10.0,4,Ocupada,7280.0,Sí
3088,Jalisco,Mujer,40,Urbana,No,10.0,3,Ocupada,6030.0,Sí
3089,Tamaulipas,Hombre,27,Urbana,No,13.0,5,Ocupada,24430.0,Sí
3090,Guanajuato,Mujer,18,Rural,No,11.0,5,Ocupada,9010.0,Sí
3091,Nuevo León,Hombre,89,Urbana,No,12.0,4,No económicamente activa,0.0,Sí
3092,Durango,Hombre,52,Urbana,No,10.0,2,Ocupada,10010.0,No
3093,México,Mujer,19,Urbana,No,12.0,4,No económicamente activa,0.0,Sí
3094,Guerrero,Hombre,57,Rural,Sí,8.0,2,Ocupada,4380.0,Sí
3095,Guanajuato,Mujer,29,Rural,No,9.0,4,No económicamente activa,0.0,Sí
3096,San Luis Potosí,Mujer,87,Urbana,No,11.0,2,No económicamente activa,0.0,Sí
3097,Michoacán de Ocampo,Hombre,92,Urbana,No,4.0,2,No económicamente activa,0.0,Sí
3098,Sinaloa,Hombre,44,Rural,No,9.0,7,No económicamente activa,0.0,Sí
3099,Michoacán de Ocampo,Hombre,35,Rural,No,9.0,5,Desocupada,0.0,No
3100,Guanajuato,Hombre,24,Rural,No,12.0,5,Ocupada,,Sí
3101,Ciudad de México,Mujer,26,Urbana,No,12.0,8,Ocupada,6970.0,Sí
3102,Quintana Roo,Hombre,32,Urbana,No,11.0,5,Ocupada,5960.0,Sí
3103,Nuevo León,Mujer,45,Urbana,No,9.0,3,No económicamente activa,0.0,Sí
3104,Ciudad de México,Mujer,91,Urbana,Sí,7.0,1,Ocupada,12640.0,Sí
3105,Nuevo León,Hombre,54,Urbana,No,12.0,7,Ocupada,13800.0,Sí
3106,Guanajuato,Hombre,22,Urbana,No,12.0,1,Ocupada,8420.0,Sí
3107,Querétaro,Hombre,29,Rural,No,13.0,6,Ocupada,14270.0,Sí
3108,Veracruz de Ignacio de la Llave,Mujer,36,Urbana,No,6.0,1,Ocupada,6550.0,Sí
3109,Michoacán de Ocampo,Hombre,59,Rural,No,7.0,3,Ocupada,1480.0,No
3110,Ciudad de México,Hombre,44,Urbana,No,13.0,3,Ocupada,13990.0,Sí
3111,Coahuila de Zaragoza,Hombre,93,Urbana,No,7.0,2,No económicamente activa,0.0,Sí
3112,Baja California Sur,Hombre,29,Urbana,No,11.0,3,No económicamente activa,0.0,Sí
3113,Zacatecas,Mujer,49,Urbana,No,0.0,4,Ocupada,9620.0,Sí
3114,Jalisco,Hombre,42,Urbana,No,10.0,5,Ocupada,14820.0,Sí
3115,Guerrero,Hombre,68,Rural,Sí,0.0,4,No económicamente activa,0.0,Sí
3116,Baja California,Hombre,43,Urbana,No,9.0,5,No económicamente activa,0.0,Sí
3117,Tamaulipas,Mujer,22,Urbana,No,11.0,4,Ocupada,13420.0,Sí
3118,Jalisco,Mujer,38,Urbana,No,15.0,3,Ocupada,7470.0,Sí
3119,Chiapas,Mujer,42,Rural,No,12.0,2,Ocupada,7830.0,Sí
3120,Zacatecas,Hombre,50,Urbana,No,11.0,2,Ocupada,8610.0,Sí
3121,Oaxaca,Hombre,61,Rural,No,8.0,5,Ocupada,4620.0,Sí
3122,Hidalgo,Mujer,44,Urbana,No,7.0,3,No económicamente activa,0.0,Sí
3123,Campeche,Hombre,66,Rural,No,9.0,1,Ocupada,7460.0,Sí
3124,México,Mujer,26,Urbana,No,15.0,5,No económicamente activa,0.0,Sí
3125,México,Mujer,72,Urbana,No,11.0,3,No económicamente activa,0.0,Sí
3126,Chiapas,Hombre,63,Rural,Sí,6.0,3,Ocupada,17570.0,Sí
3127,Michoacán de Ocampo,Mujer,31,Urbana,No,11.0,2,No económicamente activa,0.0,Sí
3128,Chiapas,Hombre,87,Rural,No,4.0,1,No económicamente activa,0.0,Sí
3129,Veracruz de Ignacio de la Llave,Hombre,39,Rural,No,5.0,3,Desocupada,0.0,Sí
3130,Nuevo León,Hombre,69,Urbana,No,12.0,3,No económicamente activa,0.0,Sí
3131,Sinaloa,Hombre,36,Urbana,No,14.0,3,Desocupada,0.0,No
3132,Baja California,Hombre,49,Urbana,No,9.0,2,Ocupada,6920.0,Sí
3133,Yucatán,Hombre,39,Urbana,No,8.0,4,No económicamente activa,0.0,Sí
3134,México,Mujer,54,Rural,No,9.0,2,Ocupada,7290.0,Sí
3135,Guanajuato,Mujer,23,Urbana,No,13.0,2,No económicamente activa,0.0,Sí
3136,Nuevo León,Mujer,34,Urbana,No,5.0,5,No económicamente activa,0.0,Sí
3137,México,Mujer,48,Urbana,No,10.0,1,No económicamente activa,0.0,Sí
3138,Oaxaca,Hombre,61,Rural,Sí,0.0,4,Ocupada,5860.0,Sí
3139,Puebla,Hombre,38,Urbana,No,7.0,4,Ocupada,11270.0,No
3140,Veracruz de Ignacio de la Llave,Hombre,44,Urbana,No,13.0,7,Ocupada,11450.0,Sí
3141,Campeche,Hombre,33,Urbana,No,17.0,3,Ocupada,14850.0,Sí
3142,Michoacán de Ocampo,Mujer,34,Urbana,No,13.0,3,No económicamente activa,0.0,Sí
3143,Baja California,Hombre,44,Urbana,No,9.0,3,Ocupada,,Sí
3144,Campeche,Mujer,22,Urbana,No,5.0,4,Ocupada,12830.0,Sí
3145,Colima,Mujer,29,Urbana,No,11.0,4,No económicamente activa,0.0,No
3146,Coahuila de Zaragoza,Mujer,95,Urbana,No,7.0,3,No económicamente activa,0.0,Sí
3147,Veracruz de Ignacio de la Llave,Hombre,29,Rural,Sí,5.0,4,Desocupada,0.0,Sí
3148,Baja California,Mujer,61,Urbana,No,13.0,4,Ocupada,3810.0,Sí
3149,Chiapas,Hombre,79,Urbana,No,4.0,4,Ocupada,7790.0,Sí
3150,Oaxaca,Mujer,71,Rural,Sí,0.0,3,No económicamente activa,0.0,Sí
3151,Ciudad de México,Mujer,78,Urbana,No,10.0,3,No económicamente activa,0.0,No
3152,Durango,Hombre,49,Rural,Sí,9.0,6,Ocupada,23380.0,Sí
3153,Michoacán de Ocampo,Mujer,26,Rural,No,5.0,4,Ocupada,2580.0,Sí
3154,Jalisco,Hombre,33,Urbana,No,14.0,3,Ocupada,25960.0,Sí
3155,Veracruz de Ignacio de la Llave,Mujer,24,Urbana,No,8.0,3,Ocupada,5460.0,Sí
3156,Michoacán de Ocampo,Mujer,20,Urbana,No,13.0,3,No económicamente activa,0.0,Sí
3157,Michoacán de Ocampo,Mujer,16,Rural,No,10.0,6,No económicamente activa,0.0,Sí
3158,Ciudad de México,Hombre,17,Urbana,No,17.0,2,No económicamente activa,0.0,Sí
3159,Tlaxcala,Mujer,63,Urbana,No,7.0,4,Desocupada,0.0,Sí
3160,Quintana Roo,Hombre,54,Urbana,No,13.0,8,Ocupada,11080.0,Sí
3161,México,Mujer,49,Urbana,No,10.0,4,No económicamente activa,0.0,No
3162,Oaxaca,Hombre,38,Urbana,No,9.0,3,Desocupada,0.0,No
3163,Puebla,Hombre,43,Urbana,No,14.0,3,Ocupada,6160.0,No
3164,Tabasco,Hombre,72,Urbana,No,7.0,5,No económicamente activa,0.0,Sí
3165,Colima,Mujer,31,Rural,No,6.0,6,Ocupada,7150.0,Sí
3166,Puebla,Hombre,21,Urbana,No,9.0,1,Ocupada,20810.0,Sí
3167,Veracruz de Ignacio de la Llave,Hombre,41,Urbana,No,10.0,3,Ocupada,3270.0,Sí
3168,Hidalgo,Hombre,35,Rural,No,7.0,7,Ocupada,5030.0,Sí
3169,Guanajuato,Hombre,25,Urbana,No,13.0,1,Ocupada,14860.0,Sí
3170,Chiapas,Mujer,55,Rural,No,10.0,4,No económicamente activa,0.0,Sí
3171,Guerrero,Mujer,37,Rural,No,7.0,2,Ocupada,3030.0,Sí
3172,Yucatán,Mujer,23,Urbana,No,13.0,2,No económicamente activa,0.0,Sí
3173,México,Mujer,34,Urbana,No,6.0,2,Desocupada,0.0,Sí
3174,Nuevo León,Hombre,81,Urbana,No,12.0,4,No económicamente activa,0.0,Sí
3175,Puebla,Mujer,60,Rural,No,10.0,4,Ocupada,6170.0,Sí
3176,Jalisco,Mujer,55,Urbana,No,12.0,5,Desocupada,0.0,Sí
3177,Chiapas,Mujer,95,Rural,No,4.0,5,No económicamente activa,0.0,Sí
3178,Guanajuato,Mujer,41,Rural,No,13.0,7,Ocupada,12970.0,Sí
3179,Guanajuato,Hombre,64,Urbana,No,5.0,5,Ocupada,11420.0,Sí
3180,Guanajuato,Hombre,42,Urbana,No,7.0,4,Ocupada,13680.0,No
3181,Sonora,Hombre,30,Urbana,No,13.0,5,Ocupada,6380.0,Sí
3182,Guanajuato,Hombre,44,Rural,No,11.0,3,Ocupada,5390.0,Sí
3183,Michoacán de Ocampo,Mujer,56,Urbana,No,7.0,2,No económicamente activa,0.0,Sí
3184,México,Hombre,31,Urbana,No,11.0,4,Ocupada,13150.0,Sí
3185,Chiapas,Mujer,50,Rural,No,8.0,3,No económicamente activa,0.0,Sí
3186,Puebla,Mujer,44,Urbana,No,10.0,2,Ocupada,6860.0,Sí
3187,Oaxaca,Mujer,36,Urbana,Sí,9.0,4,Ocupada,7300.0,No
3188,Nuevo León,Mujer,26,Urbana,No,12.0,3,No económicamente activa,0.0,Sí
3189,Jalisco,Mujer,62,Rural,No,13.0,3,No económicamente activa,0.0,Sí
3190,México,Mujer,27,Urbana,No,14.0,5,No económicamente activa,0.0,Sí
3191,Ciudad de México,Mujer,44,Urbana,No,6.0,4,No económicamente activa,0.0,Sí
3192,Michoacán de Ocampo,Mujer,67,Urbana,No,8.0,3,Ocupada,6770.0,Sí
3193,Michoacán de Ocampo,Hombre,53,Urbana,No,10.0,7,No económicamente activa,0.0,Sí
3194,Durango,Mujer,34,Rural,No,6.0,1,No económicamente activa,0.0,Sí
3195,Zacatecas,Hombre,21,Rural,No,7.0,4,Ocupada,5020.0,Sí
3196,Ciudad de México,Hombre,47,Urbana,No,13.0,6,Ocupada,7350.0,Sí
3197,Ciudad de México,Mujer,32,Urbana,No,10.0,1,Ocupada,7940.0,Sí
3198,Oaxaca,Mujer,17,Rural,No,5.0,4,No económicamente activa,0.0,Sí
3199,Ciudad de México,Hombre,51,Urbana,No,13.0,8,Ocupada,6970.0,Sí
3200,México,Hombre,35,Urbana,No,11.0,3,Ocupada,9710.0,Sí
3201,México,Hombre,37,Urbana,No,11.0,7,No económicamente activa,0.0,Sí
3202,Guerrero,Mujer,51,Rural,Sí,7.0,4,No económicamente activa,0.0,Sí
3203,Puebla,Mujer,20,Rural,No,7.0,4,Ocupada,6430.0,Sí
3204,Guerrero,Hombre,95,Urbana,No,6.0,2,No económicamente activa,0.0,Sí
3205,Colima,Mujer,61,Rural,No,9.0,5,No económicamente activa,,Sí
3206,Aguascalientes,Mujer,52,Urbana,No,12.0,4,Ocupada,11270.0,Sí
3207,Tabasco,Hombre,62,Urbana,No,6.0,4,Ocupada,5250.0,Sí
3208,Querétaro,Mujer,47,Rural,No,16.0,4,No económicamente activa,0.0,No
3209,Ciudad de México,Mujer,23,Urbana,No,17.0,5,No económicamente activa,0.0,Sí
3210,Jalisco,Hombre,45,Urbana,No,13.0,1,Ocupada,11400.0,Sí
3211,Veracruz de Ignacio de la Llave,Mujer,43,Urbana,No,10.0,1,No económicamente activa,0.0,Sí
3212,Veracruz de Ignacio de la Llave,Mujer,25,Urbana,No,8.0,3,Ocupada,9210.0,Sí
3213,Sonora,Mujer,61,Urbana,No,14.0,3,Ocupada,12310.0,Sí
3214,Jalisco,Mujer,84,Urbana,No,13.0,1,No económicamente activa,0.0,Sí
3215,Guanajuato,Hombre,95,Rural,No,5.0,4,Ocupada,2460.0,Sí
3216,Quintana Roo,Mujer,34,Urbana,No,7.0,2,No económicamente activa,0.0,Sí
3217,Tabasco,Mujer,31,Urbana,No,12.0,3,No económicamente activa,0.0,Sí
3218,Yucatán,Mujer,25,Urbana,No,,3,No económicamente activa,0.0,Sí
3219,México,Hombre,28,Urbana,No,9.0,2,Ocupada,8100.0,No
3220,Michoacán de Ocampo,Mujer,23,Urbana,No,14.0,2,No económicamente activa,0.0,Sí
3221,Baja California,Hombre,43,Urbana,No,12.0,4,Ocupada,16730.0,Sí
3222,San Luis Potosí,Mujer,41,Urbana,No,10.0,3,No económicamente activa,0.0,Sí
3223,México,Mujer,60,Rural,No,15.0,2,Ocupada,6510.0,Sí
3224,San Luis Potosí,Hombre,20,Urbana,No,13.0,1,Ocupada,9140.0,Sí
3225,Michoacán de Ocampo,Mujer,79,Rural,Sí,7.0,4,No económicamente activa,0.0,Sí
3226,Coahuila de Zaragoza,Mujer,34,Urbana,No,9.0,3,Ocupada,2700.0,Sí
3227,Veracruz de Ignacio de la Llave,Hombre,24,Urbana,No,9.0,5,Ocupada,7000.0,No
3228,Tamaulipas,Mujer,29,Urbana,No,11.0,2,No económicamente activa,0.0,Sí
3229,Jalisco,Mujer,45,Urbana,No,12.0,5,No económicamente activa,0.0,Sí
3230,Oaxaca,Mujer,65,Rural,No,,6,No económicamente activa,0.0,No
3231,Jalisco,Hombre,31,Urbana,No,12.0,6,No económicamente activa,0.0,Sí
3232,Morelos,Hombre,53,Urbana,No,18.0,3,Ocupada,9200.0,Sí
3233,Sinaloa,Hombre,28,Urbana,No,8.0,1,No económicamente activa,0.0,Sí
3234,Ciudad de México,Mujer,21,Urbana,No,10.0,3,No económicamente activa,0.0,No
3235,México,Hombre,22,Urbana,No,14.0,4,Ocupada,3830.0,Sí
3236,Jalisco,Hombre,36,Urbana,No,11.0,3,Ocupada,17560.0,Sí
3237,Ciudad de México,Hombre,36,Urbana,No,14.0,3,Desocupada,0.0,Sí
3238,Quintana Roo,Mujer,78,Urbana,No,10.0,4,Ocupada,11340.0,Sí
3239,Guerrero,Mujer,64,Rural,Sí,1.0,3,Ocupada,4370.0,Sí
3240,Ciudad de México,Hombre,31,Urbana,No,15.0,4,Ocupada,9920.0,Sí
3241,Tamaulipas,Mujer,19,Urbana,No,12.0,3,Ocupada,7850.0,Sí
3242,Michoacán de Ocampo,Hombre,44,Rural,No,9.0,2,No económicamente activa,0.0,Sí
3243,Veracruz de Ignacio de la Llave,Hombre,30,Rural,No,9.0,4,Ocupada,8840.0,Sí
3244,Puebla,Hombre,38,Urbana,No,8.0,4,Ocupada,7770.0,No
3245,Oaxaca,Hombre,55,Rural,Sí,6.0,3,No económicamente activa,0.0,Sí
3246,Veracruz de Ignacio de la Llave,Hombre,38,Urbana,No,10.0,3,Ocupada,19450.0,No
3247,Chiapas,Hombre,35,Urbana,No,8.0,5,Ocupada,8490.0,Sí
3248,Puebla,Mujer,95,Rural,No,8.0,2,Desocupada,0.0,Sí
3249,Sonora,Hombre,44,Rural,No,7.0,2,Ocupada,2790.0,No
3250,México,Mujer,25,Urbana,No,14.0,2,Ocupada,7440.0,Sí
3251,Yucatán,Mujer,68,Urbana,No,12.0,4,No económicamente activa,0.0,No
3252,Sinaloa,Mujer,48,Rural,No,11.0,5,Ocupada,4270.0,Sí
3253,San Luis Potosí,Mujer,26,Rural,No,16.0,4,No económicamente activa,0.0,No
3254,Jalisco,Mujer,33,Urbana,No,9.0,3,Ocupada,4700.0,Sí
3255,México,Mujer,95,Urbana,Sí,8.0,4,No económicamente activa,0.0,Sí
3256,Tlaxcala,Mujer,19,Rural,No,11.0,4,Ocupada,3340.0,Sí
3257,Jalisco,Hombre,45,Urbana,No,9.0,4,Ocupada,23980.0,Sí
3258,Quintana Roo,Hombre,33,Urbana,No,11.0,7,Ocupada,9920.0,Sí
3259,México,Mujer,95,Urbana,No,8.0,3,No económicamente activa,0.0,Sí
3260,Guerrero,Hombre,50,Rural,Sí,11.0,2,Ocupada,9120.0,Sí
3261,México,Hombre,80,Rural,Sí,4.0,3,Ocupada,6380.0,No
3262,Sonora,Mujer,33,Urbana,No,15.0,4,No económicamente activa,0.0,Sí
3263,Veracruz de Ignacio de la Llave,Mujer,25,Urbana,No,6.0,2,Ocupada,4810.0,Sí
3264,Quintana Roo,Mujer,20,Urbana,No,9.0,4,Ocupada,10880.0,Sí
3265,México,Mujer,60,Urbana,No,7.0,2,No económicamente activa,0.0,Sí
3266,Coahuila de Zaragoza,Mujer,57,Urbana,No,14.0,5,Ocupada,5760.0,Sí
3267,Jalisco,Hombre,52,Urbana,No,8.0,3,Ocupada,4350.0,Sí
3268,Tamaulipas,Mujer,39,Urbana,No,9.0,4,No económicamente activa,0.0,No
3269,Guerrero,Hombre,52,Urbana,Sí,5.0,5,Ocupada,15760.0,Sí
3270,Hidalgo,Hombre,36,Urbana,No,8.0,3,No económicamente activa,0.0,Sí
3271,Jalisco,Hombre,30,Urbana,No,14.0,5,Ocupada,11590.0,Sí
3272,Veracruz de Ignacio de la Llave,Mujer,27,Rural,No,7.0,2,Ocupada,4460.0,Sí
3273,Michoacán de Ocampo,Mujer,34,Rural,No,13.0,3,No económicamente activa,0.0,Sí
3274,Chiapas,Hombre,69,Rural,Sí,7.0,5,Ocupada,3890.0,Sí
3275,Oaxaca,Mujer,58,Rural,No,5.0,6,No económicamente activa,0.0,Sí
3276,Jalisco,Hombre,24,Urbana,No,16.0,1,Ocupada,10170.0,Sí
3277,Puebla,Hombre,41,Urbana,No,15.0,1,Ocupada,8930.0,Sí
3278,México,Mujer,83,Urbana,No,5.0,3,No económicamente activa,,Sí
3279,Durango,Mujer,47,Urbana,No,15.0,2,No económicamente activa,0.0,Sí
3280,México,Mujer,52,Urbana,No,5.0,5,Ocupada,5150.0,Sí
3281,Aguascalientes,Hombre,37,Urbana,No,12.0,3,No económicamente activa,,Sí
3282,México,Mujer,41,Urbana,No,10.0,2,No económicamente activa,0.0,Sí
3283,Yucatán,Mujer,41,Urbana,No,15.0,3,Ocupada,10760.0,Sí
3284,Jalisco,Hombre,39,Urbana,No,12.0,5,Ocupada,9460.0,Sí
3285,Durango,Mujer,34,Rural,No,11.0,5,Ocupada,6270.0,Sí
3286,Chihuahua,Hombre,45,Urbana,No,6.0,1,Ocupada,3460.0,Sí
3287,Guanajuato,Mujer,35,Urbana,No,7.0,2,Ocupada,6940.0,Sí
3288,Jalisco,Mujer,41,Urbana,No,9.0,3,Ocupada,5090.0,No
3289,Oaxaca,Mujer,40,Rural,Sí,5.0,5,No económicamente activa,0.0,Sí
3290,Coahuila de Zaragoza,Hombre,34,Urbana,No,15.0,3,Ocupada,8540.0,Sí
3291,Baja California,Mujer,44,Urbana,No,13.0,4,No económicamente activa,0.0,Sí
3292,Coahuila de Zaragoza,Hombre,32,Urbana,No,9.0,6,Ocupada,12760.0,No
3293,Sinaloa,Hombre,33,Urbana,No,10.0,4,Ocupada,33480.0,Sí
3294,Sinaloa,Hombre,46,Urbana,No,21.0,3,Ocupada,17200.0,Sí
3295,México,Hombre,49,Rural,No,12.0,3,Ocupada,28060.0,Sí
3296,Chiapas,Mujer,52,Rural,No,9.0,1,No económicamente activa,0.0,No
3297,México,Mujer,35,Urbana,No,14.0,3,Ocupada,27700.0,Sí
3298,Morelos,Hombre,51,Urbana,No,13.0,4,Ocupada,9680.0,Sí
3299,Jalisco,Mujer,48,Urbana,No,9.0,5,No económicamente activa,0.0,Sí
3300,Yucatán,Hombre,83,Urbana,No,6.0,5,No económicamente activa,0.0,Sí
3301,Chihuahua,Mujer,57,Urbana,No,10.0,4,Ocupada,7270.0,Sí
3302,Tamaulipas,Mujer,32,Urbana,No,9.0,4,No económicamente activa,0.0,Sí
3303,Guerrero,Mujer,58,Urbana,No,10.0,7,Ocupada,5840.0,Sí
3304,San Luis Potosí,Hombre,51,Urbana,No,7.0,2,Ocupada,9400.0,Sí
3305,Jalisco,Mujer,95,Urbana,No,3.0,3,No económicamente activa,0.0,Sí
3306,México,Hombre,76,Urbana,No,16.0,3,Desocupada,0.0,Sí
3307,Veracruz de Ignacio de la Llave,Mujer,49,Urbana,No,10.0,6,No económicamente activa,0.0,Sí
3308,Durango,Hombre,52,Urbana,No,,3,Ocupada,13540.0,Sí
3309,Sonora,Mujer,60,Urbana,No,14.0,10,No económicamente activa,0.0,Sí
3310,Puebla,Mujer,60,Urbana,No,9.0,4,Ocupada,7580.0,Sí
3311,Jalisco,Hombre,40,Urbana,No,9.0,6,No económicamente activa,0.0,No
3312,Baja California,Hombre,49,Urbana,No,16.0,3,Ocupada,11900.0,Sí
3313,Guerrero,Mujer,81,Urbana,No,7.0,3,No económicamente activa,0.0,Sí
3314,Yucatán,Hombre,55,Urbana,No,13.0,5,Ocupada,16080.0,Sí
3315,Quintana Roo,Mujer,81,Urbana,No,11.0,1,No económicamente activa,0.0,Sí
3316,Ciudad de México,Mujer,80,Urbana,No,8.0,4,No económicamente activa,0.0,Sí
3317,Aguascalientes,Mujer,54,Urbana,No,8.0,9,Ocupada,5260.0,Sí
3318,Chihuahua,Mujer,65,Urbana,No,10.0,3,No económicamente activa,0.0,Sí
3319,Baja California Sur,Hombre,95,Urbana,No,7.0,5,No económicamente activa,0.0,Sí
3320,Jalisco,Mujer,19,Urbana,No,8.0,4,Desocupada,0.0,Sí
3321,Chihuahua,Hombre,40,Urbana,No,8.0,6,Ocupada,10540.0,Sí
3322,Coahuila de Zaragoza,Hombre,25,Urbana,No,12.0,3,Ocupada,11460.0,No
3323,Guanajuato,Hombre,27,Urbana,No,11.0,3,Ocupada,8650.0,Sí
3324,Nuevo León,Hombre,45,Urbana,No,8.0,3,Ocupada,12650.0,Sí
3325,Ciudad de México,Mujer,25,Urbana,No,12.0,4,No económicamente activa,0.0,No
3326,Zacatecas,Hombre,44,Rural,No,14.0,9,No económicamente activa,0.0,No
3327,Jalisco,Hombre,36,Urbana,No,7.0,5,Ocupada,3580.0,Sí
3328,Jalisco,Mujer,33,Rural,No,6.0,2,Ocupada,1750.0,Sí
3329,Oaxaca,Hombre,26,Rural,No,7.0,4,Ocupada,3440.0,Sí
3330,Aguascalientes,Hombre,78,Urbana,No,7.0,4,Ocupada,,Sí
3331,Hidalgo,Mujer,48,Urbana,No,7.0,5,Ocupada,8350.0,Sí
3332,Yucatán,Hombre,28,Rural,No,11.0,4,Ocupada,5050.0,Sí
3333,Chihuahua,Hombre,50,Urbana,No,11.0,3,Ocupada,4290.0,Sí
3334,Jalisco,Hombre,18,Urbana,No,7.0,4,No económicamente activa,0.0,Sí
3335,Tamaulipas,Hombre,20,Urbana,No,14.0,6,Desocupada,0.0,Sí
3336,Nuevo León,Hombre,40,Rural,No,9.0,4,Ocupada,6010.0,Sí
3337,Guerrero,Hombre,42,Urbana,No,4.0,4,Ocupada,4520.0,Sí
3338,Veracruz de Ignacio de la Llave,Hombre,54,Urbana,No,9.0,4,Ocupada,7530.0,Sí
3339,Sonora,Mujer,95,Urbana,No,6.0,3,No económicamente activa,0.0,Sí
3340,México,Mujer,76,Urbana,No,8.0,2,No económicamente activa,0.0,Sí
3341,Veracruz de Ignacio de la Llave,Mujer,21,Urbana,No,11.0,2,Ocupada,8020.0,Sí
3342,San Luis Potosí,Hombre,30,Urbana,No,9.0,3,Ocupada,5870.0,Sí
3343,Guerrero,Mujer,58,Urbana,No,10.0,3,No económicamente activa,0.0,Sí
3344,Jalisco,Mujer,39,Urbana,No,9.0,3,No económicamente activa,0.0,Sí
3345,Veracruz de Ignacio de la Llave,Hombre,80,Urbana,No,7.0,2,No económicamente activa,0.0,Sí
3346,Puebla,Mujer,27,Urbana,No,10.0,1,Ocupada,7790.0,Sí
3347,Nayarit,Hombre,45,Urbana,No,14.0,4,Ocupada,12230.0,Sí
3348,Michoacán de Ocampo,Mujer,43,Rural,No,9.0,6,No económicamente activa,,Sí
3349,Sinaloa,Hombre,19,Urbana,No,14.0,3,No económicamente activa,0.0,Sí
3350,Puebla,Mujer,51,Urbana,No,8.0,2,No económicamente activa,0.0,Sí
3351,San Luis Potosí,Mujer,95,Urbana,No,8.0,2,Ocupada,2510.0,Sí
3352,Michoacán de Ocampo,Mujer,79,Urbana,No,9.0,1,Ocupada,15690.0,Sí
3353,Tlaxcala,Hombre,44,Urbana,No,10.0,5,Ocupada,6600.0,Sí
3354,Oaxaca,Mujer,24,Urbana,No,7.0,2,No económicamente activa,0.0,Sí
3355,Baja California Sur,Mujer,51,Urbana,No,8.0,2,Ocupada,5940.0,Sí
3356,Hidalgo,Hombre,35,Rural,No,14.0,5,Ocupada,11140.0,Sí
3357,México,Hombre,44,Urbana,No,8.0,2,No económicamente activa,0.0,Sí
3358,Tlaxcala,Hombre,25,Urbana,No,9.0,2,Ocupada,5120.0,Sí
3359,Oaxaca,Hombre,33,Rural,No,11.0,4,Ocupada,6640.0,Sí
3360,Oaxaca,Mujer,82,Rural,No,4.0,5,No económicamente activa,0.0,Sí
3361,Sinaloa,Mujer,45,Rural,No,9.0,6,No económicamente activa,0.0,Sí
3362,Morelos,Hombre,66,Urbana,No,4.0,6,No económicamente activa,0.0,Sí
3363,Puebla,Mujer,62,Urbana,No,8.0,2,Ocupada,9670.0,Sí
3364,San Luis Potosí,Mujer,29,Rural,No,6.0,4,Ocupada,5910.0,Sí
3365,Campeche,Mujer,75,Urbana,No,5.0,1,No económicamente activa,0.0,Sí
3366,Tlaxcala,Hombre,39,Urbana,No,12.0,6,Ocupada,12910.0,Sí
3367,Aguascalientes,Hombre,73,Urbana,No,13.0,7,Ocupada,18380.0,Sí
3368,Guerrero,Mujer,34,Rural,No,10.0,5,No económicamente activa,0.0,Sí
3369,Chiapas,Mujer,25,Urbana,No,10.0,4,Ocupada,8820.0,Sí
3370,Guanajuato,Mujer,25,Urbana,No,10.0,4,No económicamente activa,0.0,Sí
3371,México,Hombre,22,Urbana,No,8.0,3,No económicamente activa,0.0,Sí
3372,Durango,Hombre,18,Urbana,No,11.0,5,Ocupada,5290.0,Sí
3373,Baja California,Mujer,55,Urbana,Sí,5.0,5,No económicamente activa,0.0,Sí
3374,Chiapas,Mujer,34,Rural,Sí,6.0,4,Ocupada,3610.0,Sí
3375,México,Mujer,54,Urbana,No,10.0,4,No económicamente activa,0.0,No
3376,México,Mujer,50,Urbana,No,15.0,6,No económicamente activa,0.0,No
3377,Campeche,Hombre,61,Urbana,No,13.0,8,Ocupada,5000.0,Sí
3378,Veracruz de Ignacio de la Llave,Hombre,68,Rural,No,10.0,5,No económicamente activa,0.0,Sí
3379,Querétaro,Mujer,74,Urbana,No,6.0,3,Ocupada,8490.0,No
3380,Hidalgo,Mujer,95,Urbana,No,7.0,2,No económicamente activa,0.0,Sí
3381,Chiapas,Hombre,29,Urbana,No,10.0,4,Ocupada,6570.0,Sí
3382,Guanajuato,Hombre,34,Rural,No,11.0,6,Ocupada,18710.0,Sí
3383,Veracruz de Ignacio de la Llave,Hombre,29,Urbana,No,14.0,8,Ocupada,4890.0,Sí
3384,Jalisco,Mujer,32,Urbana,No,11.0,4,Ocupada,6730.0,Sí
3385,Oaxaca,Mujer,45,Rural,Sí,5.0,6,Ocupada,4390.0,Sí
3386,México,Mujer,60,Urbana,No,2.0,1,No económicamente activa,0.0,No
3387,Campeche,Mujer,36,Urbana,No,15.0,3,Ocupada,12310.0,Sí
3388,México,Mujer,61,Urbana,No,11.0,3,Ocupada,11190.0,Sí
3389,Oaxaca,Mujer,18,Urbana,No,15.0,4,No económicamente activa,0.0,Sí
3390,Guerrero,Hombre,22,Rural,No,9.0,4,Ocupada,11380.0,Sí
3391,Veracruz de Ignacio de la Llave,Mujer,34,Urbana,No,7.0,3,Ocupada,3810.0,Sí
3392,Michoacán de Ocampo,Hombre,24,Urbana,No,17.0,3,Ocupada,12130.0,Sí
3393,Guerrero,Mujer,25,Urbana,No,10.0,2,Ocupada,13050.0,Sí
3394,Chiapas,Mujer,22,Urbana,No,10.0,1,No económicamente activa,0.0,Sí
3395,Tabasco,Hombre,51,Urbana,No,11.0,4,Ocupada,8370.0,Sí
3396,Jalisco,Mujer,55,Urbana,No,12.0,3,Desocupada,0.0,Sí
3397,Jalisco,Hombre,37,Urbana,No,14.0,4,Ocupada,27060.0,Sí
3398,Durango,Mujer,33,Urbana,No,13.0,8,Ocupada,6560.0,Sí
3399,Sinaloa,Mujer,50,Urbana,No,9.0,2,No económicamente activa,0.0,Sí
3400,Puebla,Mujer,52,Urbana,No,12.0,1,No económicamente activa,0.0,Sí
3401,Colima,Hombre,31,Urbana,No,,3,No económicamente activa,0.0,Sí
3402,Oaxaca,Mujer,34,Urbana,No,16.0,3,Ocupada,17970.0,Sí
3403,México,Hombre,27,Urbana,No,10.0,4,No económicamente activa,0.0,Sí
3404,Chiapas,Mujer,63,Urbana,No,10.0,4,No económicamente activa,0.0,Sí
3405,Puebla,Hombre,44,Urbana,No,13.0,2,Ocupada,6990.0,Sí
3406,Nuevo León,Mujer,34,Urbana,No,15.0,3,No económicamente activa,0.0,Sí
3407,Sinaloa,Hombre,45,Urbana,No,9.0,4,No económicamente activa,0.0,Sí
3408,Guanajuato,Hombre,32,Urbana,No,15.0,2,No económicamente activa,0.0,Sí
3409,Campeche,Hombre,31,Rural,Sí,8.0,2,Ocupada,2740.0,Sí
3410,Yucatán,Hombre,31,Urbana,No,10.0,2,Ocupada,13670.0,Sí
3411,Tabasco,Mujer,66,Urbana,No,15.0,3,Ocupada,8700.0,Sí
3412,Tabasco,Mujer,48,Rural,No,3.0,8,Ocupada,5230.0,Sí
3413,Nuevo León,Mujer,35,Urbana,No,9.0,1,No económicamente activa,0.0,Sí
3414,México,Hombre,53,Urbana,No,5.0,5,Ocupada,11630.0,Sí
3415,Quintana Roo,Mujer,58,Rural,Sí,5.0,6,Ocupada,8030.0,Sí
3416,Ciudad de México,Mujer,51,Urbana,No,12.0,2,No económicamente activa,0.0,Sí
3417,Querétaro,Mujer,22,Urbana,No,9.0,5,Ocupada,3610.0,Sí
3418,Yucatán,Hombre,30,Urbana,No,16.0,7,Ocupada,10170.0,Sí
3419,Aguascalientes,Mujer,38,Urbana,No,13.0,4,Ocupada,7780.0,Sí
3420,Tlaxcala,Hombre,61,Urbana,No,17.0,2,Ocupada,7660.0,Sí
3421,Quintana Roo,Hombre,85,Urbana,No,9.0,2,Desocupada,0.0,Sí
3422,Guanajuato,Mujer,47,Urbana,No,10.0,4,Ocupada,6190.0,Sí
3423,Chiapas,Mujer,27,Rural,No,5.0,2,No económicamente activa,0.0,Sí
3424,Sinaloa,Mujer,22,Urbana,No,15.0,3,Ocupada,25570.0,Sí
3425,San Luis Potosí,Hombre,66,Urbana,No,10.0,2,No económicamente activa,0.0,Sí
3426,Yucatán,Mujer,19,Rural,No,13.0,4,No económicamente activa,0.0,Sí
3427,Chiapas,Hombre,73,Rural,Sí,3.0,2,Ocupada,3330.0,Sí
3428,San Luis Potosí,Mujer,31,Urbana,No,13.0,4,No económicamente activa,0.0,Sí
3429,Jalisco,Mujer,22,Urbana,No,11.0,2,No económicamente activa,0.0,Sí
3430,Jalisco,Hombre,95,Rural,No,5.0,8,No económicamente activa,0.0,Sí
3431,Jalisco,Mujer,31,Urbana,No,12.0,4,No económicamente activa,0.0,Sí
3432,Hidalgo,Mujer,32,Urbana,No,9.0,2,Ocupada,8980.0,No
3433,Hidalgo,Hombre,61,Rural,No,10.0,2,No económicamente activa,0.0,Sí
3434,Morelos,Mujer,57,Urbana,No,11.0,3,Ocupada,5670.0,Sí
3435,San Luis Potosí,Hombre,25,Urbana,No,5.0,4,No económicamente activa,0.0,Sí
3436,México,Hombre,94,Urbana,No,,6,No económicamente activa,0.0,Sí
3437,Tamaulipas,Mujer,33,Urbana,No,9.0,5,Ocupada,4450.0,No
3438,México,Mujer,54,Urbana,No,6.0,4,No económicamente activa,0.0,No
3439,Hidalgo,Mujer,36,Urbana,No,11.0,5,No económicamente activa,0.0,Sí
3440,Ciudad de México,Hombre,26,Urbana,No,15.0,1,Ocupada,,Sí
3441,Puebla,Hombre,94,Rural,No,10.0,4,Ocupada,,Sí
3442,Morelos,Hombre,40,Rural,No,8.0,6,No económicamente activa,0.0,Sí
3443,Ciudad de México,Mujer,28,Urbana,No,14.0,3,Ocupada,36140.0,Sí
3444,Sinaloa,Hombre,40,Rural,No,7.0,2,Ocupada,7000.0,Sí
3445,México,Hombre,63,Urbana,No,14.0,5,Ocupada,27050.0,Sí
3446,Chiapas,Mujer,59,Urbana,No,,4,No económicamente activa,0.0,Sí
3447,Colima,Hombre,41,Urbana,No,11.0,3,Ocupada,7170.0,Sí
3448,Veracruz de Ignacio de la Llave,Mujer,22,Urbana,No,16.0,2,Ocupada,13920.0,No
3449,Chihuahua,Mujer,66,Urbana,No,10.0,2,No económicamente activa,0.0,Sí
3450,Jalisco,Mujer,46,Urbana,No,15.0,3,No económicamente activa,0.0,Sí
3451,Puebla,Hombre,50,Urbana,No,7.0,2,Ocupada,7230.0,Sí
3452,Guanajuato,Mujer,38,Urbana,No,10.0,4,Ocupada,10950.0,No
3453,Baja California,Mujer,45,Urbana,No,3.0,6,Ocupada,5270.0,Sí
3454,Ciudad de México,Mujer,42,Urbana,No,11.0,4,Ocupada,,Sí
3455,Nayarit,Hombre,23,Rural,No,8.0,3,Ocupada,4420.0,Sí
3456,Baja California,Mujer,38,Rural,No,13.0,2,Desocupada,0.0,Sí
3457,Hidalgo,Hombre,33,Urbana,No,10.0,7,Ocupada,13950.0,No
3458,Ciudad de México,Hombre,24,Urbana,No,12.0,2,Ocupada,10430.0,Sí
3459,Jalisco,Hombre,43,Urbana,No,10.0,4,Ocupada,14220.0,Sí
3460,Ciudad de México,Mujer,49,Urbana,No,11.0,5,Ocupada,18710.0,Sí
3461,Chiapas,Hombre,44,Rural,Sí,7.0,7,Ocupada,27260.0,Sí
3462,Guanajuato,Mujer,39,Urbana,No,12.0,3,Ocupada,29150.0,Sí
3463,México,Mujer,22,Urbana,No,11.0,5,No económicamente activa,0.0,No
3464,Coahuila de Zaragoza,Mujer,40,Urbana,No,11.0,3,Ocupada,5800.0,Sí
3465,Veracruz de Ignacio de la Llave,Hombre,31,Rural,Sí,10.0,5,Ocupada,3050.0,Sí
3466,Veracruz de Ignacio de la Llave,Hombre,30,Urbana,No,13.0,4,Ocupada,14280.0,Sí
3467,Sinaloa,Hombre,25,Urbana,No,11.0,3,Ocupada,15330.0,Sí
3468,Hidalgo,Mujer,17,Rural,No,10.0,5,Ocupada,16430.0,Sí
3469,Colima,Hombre,27,Urbana,No,16.0,5,Ocupada,9120.0,Sí
3470,Jalisco,Mujer,32,Urbana,No,9.0,7,Ocupada,11780.0,Sí
3471,México,Mujer,48,Urbana,No,7.0,3,Ocupada,4920.0,Sí
3472,Nuevo León,Mujer,34,Urbana,No,18.0,5,No económicamente activa,0.0,Sí
3473,México,Hombre,34,Urbana,No,10.0,1,Ocupada,14440.0,Sí
3474,Michoacán de Ocampo,Hombre,20,Urbana,No,10.0,3,Ocupada,12780.0,Sí
3475,Nuevo León,Hombre,87,Urbana,No,9.0,2,No económicamente activa,0.0,Sí
3476,Guerrero,Mujer,62,Urbana,No,7.0,3,No económicamente activa,0.0,Sí
3477,Veracruz de Ignacio de la Llave,Mujer,31,Urbana,No,8.0,2,No económicamente activa,0.0,No
3478,Michoacán de Ocampo,Mujer,19,Rural,No,8.0,5,No económicamente activa,0.0,No
3479,Nuevo León,Mujer,18,Urbana,No,16.0,8,No económicamente activa,0.0,Sí
3480,San Luis Potosí,Mujer,40,Rural,No,7.0,4,No económicamente activa,0.0,Sí
3481,Tamaulipas,Mujer,71,Urbana,No,7.0,2,Desocupada,0.0,Sí
3482,Guerrero,Mujer,95,Rural,No,7.0,4,No económicamente activa,0.0,Sí
3483,Nuevo León,Hombre,39,Urbana,No,13.0,2,Ocupada,8090.0,Sí
3484,México,Mujer,76,Urbana,No,10.0,3,No económicamente activa,0.0,Sí
3485,Tamaulipas,Mujer,54,Urbana,No,9.0,1,No económicamente activa,0.0,No
3486,Coahuila de Zaragoza,Hombre,39,Urbana,No,14.0,5,Ocupada,,Sí
3487,Tabasco,Hombre,35,Urbana,No,14.0,5,Ocupada,9760.0,Sí
3488,Nuevo León,Hombre,50,Urbana,No,10.0,4,Ocupada,4490.0,Sí
3489,Nuevo León,Hombre,26,Rural,No,7.0,4,Ocupada,5530.0,Sí
3490,Morelos,Hombre,42,Rural,No,9.0,1,Ocupada,3490.0,Sí
3491,México,Hombre,35,Urbana,No,15.0,3,Ocupada,16490.0,Sí
3492,Guanajuato,Mujer,34,Urbana,No,6.0,2,Ocupada,6350.0,Sí
3493,Michoacán de Ocampo,Hombre,27,Urbana,No,13.0,5,No económicamente activa,0.0,Sí
3494,Colima,Mujer,31,Urbana,No,12.0,1,No económicamente activa,0.0,Sí
3495,San Luis Potosí,Mujer,42,Urbana,No,14.0,3,No económicamente activa,0.0,Sí
3496,México,Mujer,47,Urbana,No,14.0,3,Ocupada,10700.0,Sí
3497,Jalisco,Hombre,71,Urbana,No,8.0,2,No económicamente activa,0.0,Sí
3498,Veracruz de Ignacio de la Llave,Mujer,65,Urbana,No,12.0,4,No económicamente activa,0.0,Sí
3499,Morelos,Mujer,53,Urbana,No,13.0,4,Ocupada,12310.0,Sí
3500,México,Hombre,38,Urbana,No,10.0,8,No económicamente activa,0.0,Sí
3501,Jalisco,Mujer,27,Urbana,No,19.0,3,No económicamente activa,0.0,Sí
3502,Chihuahua,Mujer,39,Urbana,No,14.0,2,No económicamente activa,0.0,Sí
3503,Sonora,Hombre,43,Urbana,No,8.0,2,Ocupada,3930.0,Sí
3504,Tamaulipas,Mujer,26,Urbana,No,4.0,4,Ocupada,11050.0,Sí
3505,Michoacán de Ocampo,Hombre,83,Rural,No,5.0,6,Desocupada,0.0,No
3506,Guanajuato,Hombre,34,Urbana,No,16.0,2,Ocupada,10080.0,Sí
3507,Ciudad de México,Mujer,55,Urbana,No,11.0,1,No económicamente activa,0.0,Sí
3508,Querétaro,Hombre,59,Urbana,No,9.0,2,Ocupada,5320.0,No
3509,Chihuahua,Mujer,37,Urbana,No,5.0,6,Ocupada,3000.0,Sí
3510,Oaxaca,Hombre,26,Urbana,No,6.0,3,Ocupada,16070.0,Sí
3511,Aguascalientes,Hombre,34,Urbana,No,13.0,2,Ocupada,10770.0,Sí
3512,Puebla,Hombre,35,Urbana,No,11.0,4,Ocupada,6310.0,Sí
3513,Nayarit,Hombre,23,Rural,No,12.0,5,No económicamente activa,0.0,Sí
3514,Chiapas,Hombre,31,Rural,Sí,,4,Ocupada,2460.0,Sí
3515,Chihuahua,Mujer,56,Urbana,No,11.0,3,Ocupada,11780.0,Sí
3516,Jalisco,Hombre,53,Urbana,No,12.0,2,Ocupada,11610.0,Sí
3517,Colima,Hombre,62,Urbana,No,13.0,6,Ocupada,,Sí
3518,Michoacán de Ocampo,Hombre,72,Urbana,No,9.0,2,No económicamente activa,0.0,Sí
3519,Michoacán de Ocampo,Mujer,24,Urbana,No,13.0,4,No económicamente activa,0.0,Sí
3520,Ciudad de México,Mujer,42,Urbana,No,13.0,4,No económicamente activa,0.0,Sí
3521,Nuevo León,Hombre,78,Urbana,No,6.0,1,No económicamente activa,0.0,Sí
3522,Jalisco,Mujer,57,Urbana,No,10.0,5,No económicamente activa,0.0,Sí
3523,Guanajuato,Hombre,47,Rural,No,7.0,5,Ocupada,8020.0,Sí
3524,Sinaloa,Hombre,33,Rural,No,17.0,2,Ocupada,10310.0,Sí
3525,Michoacán de Ocampo,Hombre,66,Urbana,No,5.0,3,Ocupada,4200.0,Sí
3526,Ciudad de México,Hombre,92,Urbana,No,7.0,5,No económicamente activa,0.0,Sí
3527,Ciudad de México,Mujer,74,Urbana,No,10.0,6,Ocupada,20070.0,Sí
3528,Ciudad de México,Mujer,28,Urbana,No,12.0,5,No económicamente activa,0.0,Sí
3529,Yucatán,Hombre,95,Urbana,No,10.0,1,Ocupada,6640.0,Sí
3530,Aguascalientes,Mujer,23,Urbana,No,13.0,2,No económicamente activa,0.0,Sí
3531,San Luis Potosí,Mujer,27,Urbana,No,12.0,4,Ocupada,11660.0,No
3532,México,Hombre,61,Urbana,No,9.0,1,No económicamente activa,0.0,Sí
3533,Guanajuato,Hombre,34,Urbana,No,8.0,2,No económicamente activa,0.0,No
3534,San Luis Potosí,Hombre,35,Rural,No,7.0,2,Ocupada,4860.0,Sí
3535,Chihuahua,Mujer,29,Urbana,No,11.0,3,Ocupada,7100.0,Sí
3536,Querétaro,Hombre,40,Urbana,No,7.0,3,Ocupada,7430.0,Sí
3537,Puebla,Hombre,23,Urbana,No,10.0,4,Ocupada,13310.0,Sí
3538,Oaxaca,Mujer,35,Rural,Sí,6.0,3,Ocupada,2550.0,No
3539,México,Hombre,36,Urbana,No,10.0,2,Ocupada,3460.0,Sí
3540,Nayarit,Mujer,31,Urbana,No,13.0,2,Ocupada,11390.0,Sí
3541,Tabasco,Hombre,56,Urbana,No,13.0,4,No económicamente activa,0.0,Sí
3542,México,Hombre,28,Urbana,No,13.0,4,Ocupada,10440.0,Sí
3543,Sonora,Mujer,50,Urbana,No,13.0,2,Ocupada,5970.0,Sí
3544,Guanajuato,Mujer,25,Urbana,No,12.0,6,No económicamente activa,0.0,Sí
3545,México,Mujer,55,Urbana,No,13.0,3,No económicamente activa,0.0,No
3546,Baja California,Hombre,91,Urbana,No,13.0,3,Ocupada,5370.0,Sí
3547,Coahuila de Zaragoza,Hombre,28,Urbana,No,12.0,3,No económicamente activa,0.0,No
3548,Ciudad de México,Hombre,41,Urbana,No,12.0,2,Ocupada,11810.0,Sí
3549,Nuevo León,Hombre,30,Urbana,No,13.0,2,No económicamente activa,0.0,Sí
3550,Tamaulipas,Hombre,27,Urbana,No,11.0,5,No económicamente activa,0.0,Sí
3551,Nuevo León,Mujer,44,Urbana,No,8.0,6,Ocupada,11550.0,Sí
3552,Chiapas,Mujer,57,Urbana,Sí,6.0,3,Ocupada,6370.0,Sí
3553,Jalisco,Hombre,45,Urbana,No,15.0,2,Ocupada,6780.0,Sí
3554,México,Mujer,26,Urbana,No,12.0,6,Ocupada,9850.0,Sí
3555,Morelos,Hombre,50,Rural,No,11.0,4,No económicamente activa,0.0,Sí
3556,Michoacán de Ocampo,Mujer,24,Rural,No,8.0,4,Ocupada,9910.0,Sí
3557,Zacatecas,Hombre,46,Urbana,No,7.0,3,Ocupada,,Sí
3558,Chiapas,Mujer,19,Rural,No,8.0,5,Ocupada,10210.0,Sí
3559,Tlaxcala,Mujer,29,Urbana,No,12.0,2,No económicamente activa,0.0,Sí
3560,Puebla,Mujer,26,Urbana,No,11.0,2,Ocupada,10790.0,No
3561,Guerrero,Mujer,67,Urbana,No,9.0,4,Ocupada,11110.0,Sí
3562,Baja California,Hombre,22,Urbana,No,12.0,3,Ocupada,10590.0,Sí
3563,Zacatecas,Mujer,23,Urbana,No,15.0,6,No económicamente activa,0.0,Sí
3564,Coahuila de Zaragoza,Mujer,27,Urbana,No,8.0,4,Ocupada,6120.0,Sí
3565,Guanajuato,Mujer,94,Urbana,No,6.0,5,No económicamente activa,0.0,Sí
3566,México,Mujer,46,Rural,No,12.0,6,No económicamente activa,,Sí
3567,Guanajuato,Hombre,22,Urbana,No,15.0,2,Ocupada,30180.0,Sí
3568,Chiapas,Mujer,59,Urbana,No,8.0,2,No económicamente activa,0.0,Sí
3569,Veracruz de Ignacio de la Llave,Mujer,56,Urbana,No,11.0,4,No económicamente activa,0.0,Sí
3570,Jalisco,Hombre,19,Urbana,No,13.0,2,No económicamente activa,0.0,Sí
3571,San Luis Potosí,Mujer,38,Urbana,No,9.0,3,Ocupada,7350.0,Sí
3572,Tlaxcala,Hombre,37,Urbana,No,13.0,4,Ocupada,10210.0,Sí
3573,Veracruz de Ignacio de la Llave,Mujer,41,Urbana,No,15.0,2,No económicamente activa,0.0,Sí
3574,Ciudad de México,Mujer,65,Urbana,No,16.0,3,Ocupada,8580.0,Sí
3575,Puebla,Mujer,57,Urbana,No,11.0,2,Ocupada,4620.0,Sí
3576,México,Mujer,42,Urbana,No,8.0,7,Ocupada,10450.0,Sí
3577,Guanajuato,Hombre,40,Urbana,No,10.0,8,Ocupada,8370.0,Sí
3578,Chiapas,Hombre,94,Urbana,No,5.0,6,No económicamente activa,0.0,Sí
3579,Jalisco,Mujer,55,Urbana,No,8.0,3,No económicamente activa,0.0,Sí
3580,Sinaloa,Mujer,48,Urbana,No,8.0,3,No económicamente activa,0.0,Sí
3581,Veracruz de Ignacio de la Llave,Hombre,49,Rural,No,5.0,4,Ocupada,3390.0,Sí
3582,Veracruz de Ignacio de la Llave,Hombre,72,Rural,Sí,0.0,6,No económicamente activa,0.0,No
3583,Querétaro,Mujer,37,Rural,No,9.0,6,Ocupada,1940.0,Sí
3584,Guanajuato,Mujer,63,Urbana,No,8.0,5,No económicamente activa,0.0,No
3585,Tlaxcala,Mujer,44,Urbana,No,8.0,2,Ocupada,3550.0,Sí
3586,Hidalgo,Mujer,52,Urbana,No,10.0,3,Ocupada,8720.0,Sí
3587,Guerrero,Hombre,88,Urbana,No,10.0,1,Desocupada,0.0,Sí
3588,Hidalgo,Hombre,17,Rural,No,10.0,6,No económicamente activa,0.0,Sí
3589,Jalisco,Mujer,21,Urbana,No,13.0,2,Ocupada,6300.0,Sí
3590,Querétaro,Hombre,31,Urbana,No,13.0,3,Ocupada,18340.0,Sí
3591,Guanajuato,Hombre,20,Urbana,No,12.0,4,Ocupada,8750.0,Sí
3592,Tabasco,Mujer,25,Rural,No,9.0,1,Ocupada,19480.0,Sí
3593,Michoacán de Ocampo,Hombre,44,Urbana,No,9.0,4,Ocupada,7060.0,Sí
3594,Nuevo León,Mujer,30,Urbana,No,7.0,2,Ocupada,5850.0,Sí
3595,Oaxaca,Hombre,70,Urbana,No,5.0,3,No económicamente activa,,No
3596,Sinaloa,Hombre,26,Rural,No,9.0,4,Desocupada,0.0,Sí
3597,Michoacán de Ocampo,Hombre,36,Urbana,No,12.0,2,Ocupada,5300.0,Sí
3598,México,Mujer,43,Urbana,No,8.0,4,No económicamente activa,0.0,Sí
3599,Zacatecas,Mujer,24,Rural,No,11.0,4,No económicamente activa,0.0,Sí
3600,Michoacán de Ocampo,Mujer,36,Rural,No,9.0,5,Ocupada,6780.0,Sí
3601,México,Mujer,54,Urbana,No,11.0,5,Ocupada,11150.0,Sí
3602,Baja California,Hombre,28,Urbana,No,9.0,4,No económicamente activa,0.0,Sí
3603,Durango,Hombre,23,Urbana,No,14.0,3,Ocupada,8690.0,Sí
3604,Querétaro,Mujer,41,Urbana,No,13.0,2,Ocupada,15660.0,Sí
3605,México,Hombre,35,Urbana,No,9.0,4,Ocupada,8420.0,No
3606,México,Hombre,51,Rural,No,8.0,3,Ocupada,5070.0,No
3607,Oaxaca,Hombre,27,Urbana,No,7.0,3,Ocupada,6860.0,Sí
3608,Campeche,Hombre,72,Urbana,No,9.0,4,Ocupada,6220.0,Sí
3609,México,Hombre,24,Urbana,No,12.0,4,Ocupada,7840.0,Sí
3610,México,Hombre,34,Rural,No,9.0,4,Ocupada,6630.0,Sí
3611,México,Hombre,42,Rural,No,10.0,5,Desocupada,0.0,Sí
3612,Oaxaca,Mujer,91,Rural,Sí,0.0,1,No económicamente activa,0.0,Sí
3613,Guerrero,Mujer,33,Urbana,No,10.0,3,Ocupada,4700.0,Sí
3614,Baja California,Mujer,95,Urbana,No,5.0,1,No económicamente activa,0.0,Sí
3615,Nuevo León,Mujer,20,Urbana,No,15.0,3,No económicamente activa,0.0,Sí
3616,Jalisco,Mujer,36,Urbana,No,12.0,5,Ocupada,5500.0,Sí
3617,Aguascalientes,Hombre,19,Rural,No,11.0,3,No económicamente activa,,No
3618,Ciudad de México,Hombre,47,Urbana,No,15.0,4,Ocupada,4680.0,Sí
3619,Michoacán de Ocampo,Mujer,42,Urbana,No,9.0,3,No económicamente activa,0.0,No
3620,Guerrero,Mujer,32,Urbana,No,13.0,4,No económicamente activa,0.0,No
3621,San Luis Potosí,Mujer,93,Urbana,No,8.0,4,No económicamente activa,0.0,Sí
3622,Chihuahua,Mujer,31,Urbana,No,13.0,4,Ocupada,,Sí
3623,Querétaro,Mujer,23,Rural,No,13.0,4,No económicamente activa,,Sí
3624,Hidalgo,Hombre,53,Urbana,No,10.0,3,Ocupada,7550.0,Sí
3625,Aguascalientes,Mujer,45,Urbana,No,10.0,5,No económicamente activa,0.0,Sí
3626,México,Mujer,53,Urbana,No,9.0,1,Ocupada,17430.0,Sí
3627,Guanajuato,Hombre,21,Urbana,No,11.0,2,Ocupada,4430.0,Sí
3628,Guanajuato,Hombre,32,Urbana,No,8.0,4,Ocupada,4820.0,Sí
3629,México,Hombre,72,Urbana,No,9.0,5,No económicamente activa,0.0,Sí
3630,Yucatán,Hombre,58,Urbana,No,8.0,3,Ocupada,3110.0,Sí
3631,Michoacán de Ocampo,Hombre,53,Urbana,No,13.0,3,Ocupada,9290.0,Sí
3632,Puebla,Mujer,38,Urbana,No,4.0,3,No económicamente activa,0.0,Sí
3633,Sinaloa,Mujer,27,Urbana,No,10.0,3,Ocupada,5860.0,Sí
3634,México,Mujer,20,Urbana,No,8.0,4,Ocupada,7330.0,Sí
3635,Coahuila de Zaragoza,Hombre,20,Urbana,No,14.0,5,Ocupada,9790.0,Sí
3636,Ciudad de México,Mujer,39,Urbana,No,10.0,5,No económicamente activa,0.0,Sí
3637,México,Mujer,31,Urbana,No,9.0,4,Ocupada,13940.0,Sí
3638,Nuevo León,Mujer,39,Urbana,No,14.0,3,No económicamente activa,,Sí
3639,Tabasco,Hombre,19,Rural,No,5.0,4,No económicamente activa,0.0,Sí
3640,Puebla,Hombre,47,Urbana,No,11.0,4,No económicamente activa,0.0,Sí
3641,Chiapas,Hombre,48,Urbana,No,9.0,4,Ocupada,7500.0,Sí
3642,Guanajuato,Mujer,28,Urbana,No,5.0,3,No económicamente activa,0.0,No
3643,Michoacán de Ocampo,Mujer,33,Rural,No,1.0,6,No económicamente activa,0.0,No
3644,Michoacán de Ocampo,Mujer,71,Rural,No,3.0,5,No económicamente activa,0.0,Sí
3645,Jalisco,Mujer,95,Urbana,No,9.0,3,No económicamente activa,0.0,Sí
3646,Chiapas,Mujer,29,Urbana,No,12.0,5,Ocupada,7220.0,Sí
3647,Querétaro,Hombre,36,Rural,No,10.0,6,Ocupada,6300.0,No
3648,México,Mujer,27,Urbana,No,10.0,4,Ocupada,8980.0,Sí
3649,Yucatán,Hombre,33,Urbana,No,9.0,6,Ocupada,7340.0,Sí
3650,Guanajuato,Mujer,27,Urbana,No,15.0,3,Ocupada,20090.0,Sí
3651,Chihuahua,Hombre,37,Urbana,No,12.0,2,Ocupada,9800.0,Sí
3652,Jalisco,Hombre,58,Urbana,No,19.0,6,Ocupada,17220.0,No
3653,Sonora,Hombre,67,Urbana,No,15.0,4,No económicamente activa,0.0,Sí
3654,Michoacán de Ocampo,Mujer,32,Rural,No,16.0,6,No económicamente activa,0.0,Sí
3655,Puebla,Mujer,95,Rural,Sí,3.0,5,Desocupada,0.0,Sí
3656,Oaxaca,Mujer,33,Urbana,Sí,9.0,2,No económicamente activa,0.0,Sí
3657,Jalisco,Mujer,43,Urbana,No,9.0,5,No económicamente activa,0.0,Sí
3658,México,Hombre,21,Urbana,No,17.0,4,Ocupada,38860.0,Sí
3659,Puebla,Hombre,89,Urbana,No,3.0,3,No económicamente activa,0.0,Sí
3660,Durango,Mujer,52,Urbana,No,13.0,3,Ocupada,6490.0,Sí
3661,Michoacán de Ocampo,Hombre,19,Urbana,No,11.0,2,No económicamente activa,0.0,Sí
3662,Puebla,Mujer,81,Rural,No,10.0,5,No económicamente activa,0.0,No
3663,Michoacán de Ocampo,Hombre,44,Rural,No,10.0,2,Ocupada,,Sí
3664,Puebla,Hombre,61,Urbana,No,6.0,3,Ocupada,7510.0,Sí
3665,Baja California,Mujer,32,Urbana,No,13.0,3,No económicamente activa,0.0,Sí
3666,Sinaloa,Mujer,31,Rural,No,9.0,4,No económicamente activa,0.0,Sí
3667,Yucatán,Mujer,48,Urbana,No,13.0,4,Ocupada,19030.0,Sí
3668,Morelos,Hombre,25,Urbana,No,14.0,4,Ocupada,9000.0,Sí
3669,México,Mujer,73,Urbana,No,9.0,4,Ocupada,8940.0,Sí
3670,Nuevo León,Mujer,46,Urbana,No,14.0,4,No económicamente activa,0.0,Sí
3671,Puebla,Hombre,32,Rural,No,7.0,4,No económicamente activa,0.0,No
3672,Tamaulipas,Mujer,47,Urbana,No,16.0,5,No económicamente activa,0.0,Sí
3673,Guanajuato,Hombre,63,Urbana,No,12.0,7,Ocupada,7730.0,Sí
3674,Oaxaca,Hombre,38,Urbana,No,7.0,4,Ocupada,3920.0,Sí
3675,Jalisco,Hombre,43,Urbana,No,12.0,6,Ocupada,18610.0,Sí
3676,Puebla,Mujer,62,Urbana,No,9.0,4,No económicamente activa,0.0,Sí
3677,Nayarit,Hombre,46,Urbana,No,11.0,6,Ocupada,16030.0,Sí
3678,Jalisco,Mujer,19,Urbana,No,13.0,3,No económicamente activa,0.0,Sí
3679,Sonora,Mujer,25,Urbana,No,10.0,3,No económicamente activa,0.0,Sí
3680,Veracruz de Ignacio de la Llave,Mujer,31,Rural,Sí,5.0,3,Ocupada,3030.0,No
3681,Veracruz de Ignacio de la Llave,Mujer,20,Rural,No,7.0,5,Ocupada,7390.0,Sí
3682,Jalisco,Mujer,35,Urbana,No,14.0,3,No económicamente activa,0.0,Sí
3683,Ciudad de México,Mujer,77,Urbana,No,10.0,2,No económicamente activa,0.0,Sí
3684,México,Hombre,55,Rural,No,5.0,6,Ocupada,6570.0,No
3685,Tlaxcala,Hombre,61,Urbana,No,10.0,1,Ocupada,8420.0,Sí
3686,Guerrero,Hombre,34,Urbana,No,5.0,3,Ocupada,6590.0,Sí
3687,Chiapas,Hombre,85,Rural,Sí,1.0,3,No económicamente activa,0.0,Sí
3688,Hidalgo,Hombre,23,Rural,Sí,10.0,4,Ocupada,3900.0,Sí
3689,México,Mujer,46,Urbana,No,11.0,3,No económicamente activa,0.0,Sí
3690,Chihuahua,Hombre,29,Urbana,No,10.0,4,Ocupada,14230.0,Sí
3691,Baja California,Mujer,47,Urbana,No,6.0,4,No económicamente activa,0.0,Sí
3692,Jalisco,Mujer,95,Urbana,No,10.0,2,No económicamente activa,0.0,Sí
3693,Durango,Hombre,70,Urbana,No,8.0,1,No económicamente activa,0.0,Sí
3694,México,Mujer,44,Urbana,No,13.0,3,Ocupada,12020.0,Sí
3695,Nuevo León,Hombre,29,Urbana,No,13.0,4,No económicamente activa,0.0,Sí
3696,Veracruz de Ignacio de la Llave,Hombre,32,Rural,No,10.0,2,No económicamente activa,0.0,No
3697,Nayarit,Hombre,32,Urbana,No,13.0,2,Ocupada,9230.0,Sí
3698,Morelos,Mujer,76,Urbana,No,11.0,4,No económicamente activa,0.0,Sí
3699,Yucatán,Mujer,34,Urbana,No,11.0,3,Ocupada,18510.0,No
3700,Hidalgo,Hombre,21,Rural,No,8.0,4,Ocupada,,No
3701,Jalisco,Hombre,52,Urbana,No,11.0,1,Ocupada,7270.0,Sí
3702,Puebla,Hombre,47,Rural,No,10.0,5,Ocupada,15530.0,Sí
3703,Tamaulipas,Hombre,35,Urbana,No,14.0,1,Ocupada,12980.0,Sí
3704,Jalisco,Hombre,83,Urbana,No,9.0,5,No económicamente activa,0.0,Sí
3705,Querétaro,Mujer,95,Urbana,No,9.0,2,No económicamente activa,0.0,Sí
3706,México,Hombre,47,Urbana,No,15.0,5,Ocupada,10530.0,Sí
3707,Michoacán de Ocampo,Mujer,81,Rural,Sí,0.0,1,Ocupada,2870.0,No
3708,Querétaro,Mujer,22,Urbana,No,16.0,4,No económicamente activa,,Sí
3709,Veracruz de Ignacio de la Llave,Mujer,32,Urbana,No,14.0,4,No económicamente activa,,Sí
3710,Jalisco,Mujer,95,Urbana,No,10.0,4,No económicamente activa,0.0,Sí
3711,Michoacán de Ocampo,Hombre,66,Rural,No,11.0,8,No económicamente activa,0.0,No
3712,Coahuila de Zaragoza,Mujer,40,Urbana,No,11.0,3,No económicamente activa,0.0,Sí
3713,Ciudad de México,Hombre,33,Urbana,No,13.0,2,Ocupada,9240.0,Sí
3714,Hidalgo,Hombre,44,Rural,No,7.0,5,Ocupada,11160.0,Sí
3715,México,Hombre,21,Rural,No,7.0,4,Ocupada,2410.0,Sí
3716,Chiapas,Hombre,41,Urbana,No,5.0,5,Ocupada,3540.0,Sí
3717,Ciudad de México,Mujer,72,Urbana,No,9.0,2,No económicamente activa,0.0,No
3718,México,Mujer,21,Urbana,Sí,12.0,3,No económicamente activa,0.0,No
3719,Ciudad de México,Hombre,95,Urbana,No,16.0,2,Ocupada,33910.0,Sí
3720,Baja California,Hombre,25,Urbana,No,10.0,4,Ocupada,6540.0,No
3721,México,Hombre,53,Urbana,No,11.0,1,Ocupada,5010.0,Sí
3722,Veracruz de Ignacio de la Llave,Hombre,61,Rural,No,4.0,9,No económicamente activa,0.0,Sí
3723,Baja California,Hombre,29,Urbana,No,11.0,2,Ocupada,11100.0,Sí
3724,Sinaloa,Mujer,33,Urbana,No,13.0,6,No económicamente activa,0.0,Sí
3725,Chiapas,Hombre,18,Urbana,No,7.0,3,Desocupada,0.0,No
3726,México,Hombre,54,Urbana,No,8.0,3,Ocupada,3430.0,Sí
3727,Chihuahua,Mujer,24,Urbana,No,11.0,3,Ocupada,7670.0,Sí
3728,Zacatecas,Hombre,55,Rural,No,7.0,7,Ocupada,11200.0,Sí
3729,Guanajuato,Mujer,73,Urbana,No,10.0,5,Ocupada,3700.0,Sí
3730,Jalisco,Mujer,31,Rural,No,5.0,2,No económicamente activa,0.0,Sí
3731,Sinaloa,Hombre,62,Rural,No,12.0,10,Ocupada,6180.0,Sí
3732,Puebla,Mujer,48,Urbana,No,11.0,5,Desocupada,0.0,Sí
3733,Oaxaca,Mujer,62,Urbana,No,8.0,2,No económicamente activa,0.0,Sí
3734,Ciudad de México,Mujer,36,Urbana,No,13.0,2,No económicamente activa,0.0,Sí
3735,Coahuila de Zaragoza,Hombre,36,Urbana,No,15.0,1,Ocupada,15650.0,Sí
3736,San Luis Potosí,Mujer,82,Urbana,No,5.0,3,Ocupada,2990.0,Sí
3737,México,Hombre,55,Urbana,No,7.0,4,Ocupada,3500.0,Sí
3738,Michoacán de Ocampo,Mujer,53,Urbana,No,10.0,2,No económicamente activa,0.0,Sí
3739,Chiapas,Mujer,39,Urbana,No,10.0,2,No económicamente activa,0.0,Sí
3740,Ciudad de México,Mujer,19,Urbana,No,15.0,2,No económicamente activa,0.0,Sí
3741,Ciudad de México,Mujer,37,Urbana,No,22.0,6,Ocupada,25470.0,Sí
3742,Guerrero,Hombre,29,Rural,No,7.0,4,Ocupada,4590.0,Sí
3743,Campeche,Hombre,91,Urbana,Sí,8.0,4,No económicamente activa,0.0,Sí
3744,Chiapas,Hombre,61,Rural,Sí,0.0,2,Ocupada,1270.0,Sí
3745,Tabasco,Hombre,30,Rural,No,8.0,3,Ocupada,3670.0,Sí
3746,México,Mujer,36,Urbana,No,11.0,6,Ocupada,12820.0,Sí
3747,Sinaloa,Mujer,54,Urbana,No,11.0,4,Ocupada,5710.0,Sí
3748,Querétaro,Hombre,25,Urbana,No,11.0,3,Ocupada,10100.0,Sí
3749,Ciudad de México,Hombre,33,Urbana,No,14.0,6,Ocupada,12300.0,Sí
3750,Jalisco,Mujer,40,Urbana,No,12.0,3,No económicamente activa,0.0,Sí
3751,Nuevo León,Hombre,48,Urbana,No,10.0,1,Ocupada,17200.0,Sí
3752,Quintana Roo,Mujer,20,Urbana,No,9.0,2,No económicamente activa,0.0,Sí
3753,Ciudad de México,Hombre,69,Urbana,No,8.0,5,No económicamente activa,0.0,Sí
3754,Puebla,Mujer,26,Urbana,No,6.0,2,No económicamente activa,0.0,Sí
3755,Durango,Hombre,26,Urbana,No,6.0,6,Ocupada,7390.0,No
3756,Hidalgo,Mujer,31,Urbana,No,9.0,2,No económicamente activa,0.0,Sí
3757,Coahuila de Zaragoza,Mujer,70,Urbana,No,10.0,4,No económicamente activa,0.0,Sí
3758,México,Hombre,50,Urbana,No,6.0,6,No económicamente activa,,No
3759,Guerrero,Hombre,71,Rural,No,10.0,7,No económicamente activa,0.0,Sí
3760,Baja California,Mujer,45,Urbana,Sí,8.0,2,No económicamente activa,0.0,Sí
3761,Aguascalientes,Mujer,33,Urbana,No,11.0,5,No económicamente activa,0.0,Sí
3762,México,Mujer,36,Urbana,No,16.0,1,Ocupada,11480.0,Sí
3763,México,Mujer,26,Urbana,No,12.0,3,No económicamente activa,0.0,Sí
3764,Baja California,Hombre,57,Urbana,No,9.0,4,Ocupada,7000.0,No
3765,Aguascalientes,Hombre,47,Rural,No,9.0,5,Ocupada,5580.0,Sí
3766,Guanajuato,Hombre,43,Urbana,No,8.0,4,No económicamente activa,0.0,Sí
3767,Guanajuato,Hombre,44,Urbana,No,13.0,6,No económicamente activa,0.0,Sí
3768,Puebla,Hombre,18,Urbana,No,6.0,4,No económicamente activa,0.0,No
3769,Hidalgo,Hombre,27,Urbana,No,,3,No económicamente activa,0.0,Sí
3770,Morelos,Hombre,19,Urbana,No,13.0,6,Ocupada,13310.0,Sí
3771,Veracruz de Ignacio de la Llave,Mujer,92,Urbana,No,5.0,4,No económicamente activa,0.0,Sí
3772,México,Hombre,56,Rural,No,4.0,6,Ocupada,5830.0,Sí
3773,Yucatán,Hombre,95,Urbana,No,6.0,5,No económicamente activa,0.0,Sí
3774,México,Mujer,35,Urbana,No,18.0,5,Ocupada,40670.0,Sí
3775,Nuevo León,Mujer,41,Urbana,No,13.0,5,No económicamente activa,0.0,Sí
3776,Michoacán de Ocampo,Mujer,36,Rural,No,10.0,3,Ocupada,3820.0,Sí
3777,Durango,Mujer,39,Rural,No,7.0,5,Ocupada,4290.0,Sí
3778,Nuevo León,Mujer,22,Urbana,No,14.0,7,Ocupada,7500.0,Sí
3779,Chihuahua,Hombre,22,Urbana,No,16.0,4,No económicamente activa,0.0,Sí
3780,México,Hombre,64,Urbana,No,14.0,3,No económicamente activa,0.0,Sí
3781,Puebla,Mujer,55,Urbana,Sí,10.0,2,Ocupada,9050.0,Sí
3782,Ciudad de México,Mujer,34,Urbana,No,14.0,4,Ocupada,8270.0,Sí
3783,Hidalgo,Mujer,42,Rural,Sí,3.0,3,Ocupada,2650.0,Sí
3784,México,Hombre,74,Urbana,No,13.0,2,No económicamente activa,0.0,Sí
3785,México,Mujer,32,Urbana,No,8.0,5,No económicamente activa,0.0,Sí
3786,Jalisco,Hombre,27,Urbana,No,13.0,9,Ocupada,4900.0,Sí
3787,Hidalgo,Hombre,72,Rural,No,5.0,5,Ocupada,7010.0,No
3788,Guanajuato,Hombre,33,Urbana,No,7.0,4,Ocupada,3710.0,Sí
3789,Chiapas,Hombre,70,Urbana,Sí,5.0,4,No económicamente activa,0.0,Sí
3790,Chihuahua,Mujer,42,Rural,No,7.0,4,No económicamente activa,0.0,No
3791,Puebla,Mujer,45,Urbana,No,9.0,3,No económicamente activa,0.0,No
3792,Durango,Mujer,32,Urbana,No,9.0,3,Ocupada,9390.0,Sí
3793,Nuevo León,Mujer,21,Urbana,No,20.0,4,No económicamente activa,0.0,Sí
3794,Michoacán de Ocampo,Mujer,81,Rural,No,3.0,5,No económicamente activa,0.0,Sí
3795,Chihuahua,Mujer,26,Urbana,No,9.0,2,No económicamente activa,0.0,Sí
3796,México,Mujer,65,Urbana,No,7.0,2,Ocupada,7460.0,Sí
3797,Ciudad de México,Mujer,44,Urbana,No,12.0,5,No económicamente activa,0.0,Sí
3798,Guanajuato,Hombre,44,Urbana,No,13.0,4,Ocupada,11110.0,Sí
3799,Jalisco,Mujer,69,Urbana,No,9.0,6,Ocupada,7810.0,Sí
3800,Michoacán de Ocampo,Hombre,58,Urbana,No,11.0,4,No económicamente activa,0.0,Sí
3801,Jalisco,Hombre,48,Urbana,No,17.0,4,Ocupada,20110.0,Sí
3802,Michoacán de Ocampo,Hombre,37,Urbana,Sí,6.0,1,Ocupada,8900.0,Sí
3803,Puebla,Mujer,31,Rural,Sí,2.0,2,No económicamente activa,0.0,No
3804,Nuevo León,Mujer,19,Urbana,No,14.0,1,No económicamente activa,0.0,Sí
3805,Nuevo León,Mujer,37,Urbana,No,10.0,5,Ocupada,6920.0,Sí
3806,Guanajuato,Mujer,57,Urbana,No,13.0,7,Ocupada,15500.0,Sí
3807,Sonora,Hombre,33,Urbana,No,12.0,1,Ocupada,6600.0,Sí
3808,Nuevo León,Mujer,63,Urbana,No,11.0,3,No económicamente activa,0.0,Sí
3809,Tlaxcala,Mujer,48,Urbana,No,9.0,2,Ocupada,11880.0,Sí
3810,Chiapas,Mujer,42,Urbana,No,8.0,2,Ocupada,16310.0,Sí
3811,Nayarit,Mujer,26,Urbana,No,11.0,4,Ocupada,10040.0,Sí
3812,Guanajuato,Mujer,50,Urbana,No,6.0,3,Ocupada,11800.0,Sí
3813,México,Mujer,73,Urbana,No,9.0,3,Ocupada,10580.0,No
3814,Sinaloa,Hombre,51,Urbana,No,9.0,3,Ocupada,9360.0,Sí
3815,México,Hombre,44,Urbana,No,11.0,4,Ocupada,11580.0,No
3816,San Luis Potosí,Mujer,55,Urbana,No,10.0,2,Desocupada,,Sí
3817,Durango,Mujer,55,Urbana,Sí,7.0,5,Ocupada,2160.0,Sí
3818,Guerrero,Mujer,52,Urbana,No,9.0,3,Ocupada,11150.0,Sí
3819,México,Mujer,86,Urbana,No,6.0,4,Ocupada,7590.0,Sí
3820,México,Mujer,78,Urbana,No,8.0,4,No económicamente activa,0.0,Sí
3821,Puebla,Mujer,58,Rural,No,5.0,3,No económicamente activa,0.0,Sí
3822,Sonora,Mujer,31,Urbana,No,17.0,3,No económicamente activa,0.0,Sí
3823,Tabasco,Hombre,28,Urbana,No,9.0,4,Ocupada,7310.0,Sí
3824,México,Mujer,43,Urbana,No,12.0,2,Ocupada,8860.0,Sí
3825,Veracruz de Ignacio de la Llave,Hombre,26,Urbana,No,10.0,5,Ocupada,9680.0,Sí
3826,Chihuahua,Mujer,41,Urbana,No,10.0,2,No económicamente activa,0.0,Sí
3827,Chihuahua,Hombre,27,Urbana,No,11.0,2,No económicamente activa,0.0,Sí
3828,Ciudad de México,Hombre,48,Urbana,No,16.0,3,No económicamente activa,0.0,Sí
3829,San Luis Potosí,Mujer,27,Urbana,No,10.0,2,No económicamente activa,0.0,No
3830,Querétaro,Mujer,35,Urbana,No,11.0,6,Ocupada,8070.0,Sí
3831,Sonora,Hombre,24,Rural,No,,5,Ocupada,8420.0,Sí
3832,Nuevo León,Mujer,43,Urbana,No,10.0,4,Ocupada,,Sí
3833,Jalisco,Hombre,71,Urbana,No,11.0,3,Ocupada,9250.0,Sí
3834,Tamaulipas,Hombre,33,Urbana,No,6.0,5,Ocupada,16710.0,No
3835,Tlaxcala,Mujer,34,Urbana,No,15.0,4,Ocupada,10600.0,Sí
3836,Chiapas,Hombre,64,Urbana,Sí,0.0,3,Ocupada,9800.0,Sí
3837,Jalisco,Mujer,56,Urbana,No,16.0,5,Ocupada,50570.0,Sí
3838,Jalisco,Mujer,22,Rural,No,4.0,5,No económicamente activa,0.0,Sí
3839,México,Hombre,59,Urbana,No,11.0,1,Ocupada,11770.0,Sí
3840,Tamaulipas,Mujer,28,Urbana,No,7.0,4,Ocupada,7600.0,Sí
3841,México,Hombre,34,Urbana,No,11.0,4,No económicamente activa,0.0,No
3842,Baja California,Hombre,67,Urbana,No,11.0,5,No económicamente activa,0.0,Sí
3843,Nuevo León,Hombre,41,Urbana,No,13.0,3,Ocupada,7580.0,Sí
3844,Puebla,Hombre,29,Urbana,No,9.0,6,Ocupada,,No
3845,Guanajuato,Mujer,20,Urbana,No,11.0,2,Ocupada,6800.0,Sí
3846,Coahuila de Zaragoza,Mujer,26,Urbana,No,15.0,6,Ocupada,8300.0,No
3847,Puebla,Mujer,29,Urbana,No,12.0,4,No económicamente activa,0.0,Sí
3848,Ciudad de México,Hombre,34,Urbana,No,10.0,2,Ocupada,9000.0,Sí
3849,Morelos,Hombre,49,Rural,No,6.0,6,Ocupada,4540.0,Sí
3850,Morelos,Hombre,54,Rural,No,13.0,4,Ocupada,8570.0,Sí
3851,San Luis Potosí,Mujer,31,Rural,No,8.0,9,Ocupada,4530.0,Sí
3852,San Luis Potosí,Mujer,61,Rural,Sí,8.0,4,Ocupada,7030.0,Sí
3853,Jalisco,Mujer,28,Urbana,No,11.0,3,No económicamente activa,0.0,Sí
3854,Ciudad de México,Hombre,51,Urbana,No,10.0,7,Ocupada,8170.0,Sí
3855,Nuevo León,Mujer,47,Urbana,No,12.0,5,No económicamente activa,0.0,Sí
3856,Tlaxcala,Hombre,34,Urbana,No,11.0,4,Ocupada,6320.0,No
3857,Veracruz de Ignacio de la Llave,Hombre,53,Urbana,No,15.0,4,No económicamente activa,0.0,Sí
3858,Colima,Hombre,35,Rural,No,11.0,4,Ocupada,3300.0,Sí
3859,Sonora,Hombre,46,Urbana,No,8.0,3,Ocupada,4940.0,Sí
3860,México,Hombre,68,Urbana,No,15.0,4,No económicamente activa,0.0,Sí
3861,Tamaulipas,Mujer,62,Urbana,No,9.0,2,Ocupada,12040.0,Sí
3862,Guanajuato,Hombre,33,Rural,No,9.0,4,Ocupada,3960.0,Sí
3863,México,Hombre,95,Urbana,No,8.0,3,Ocupada,3410.0,Sí
3864,Michoacán de Ocampo,Hombre,54,Urbana,Sí,,4,Ocupada,,No
3865,Zacatecas,Hombre,25,Urbana,No,12.0,2,No económicamente activa,,Sí
3866,Tabasco,Mujer,47,Urbana,No,8.0,3,No económicamente activa,0.0,Sí
3867,Jalisco,Hombre,95,Urbana,No,9.0,2,Ocupada,,Sí
3868,México,Hombre,59,Urbana,No,15.0,2,Ocupada,,No
3869,San Luis Potosí,Hombre,35,Urbana,No,14.0,3,Ocupada,6520.0,Sí
3870,Coahuila de Zaragoza,Hombre,68,Urbana,No,9.0,3,Ocupada,,No
3871,Yucatán,Hombre,30,Rural,No,7.0,5,Ocupada,14440.0,No
3872,Querétaro,Mujer,42,Rural,No,14.0,6,No económicamente activa,0.0,Sí
3873,Querétaro,Mujer,46,Urbana,No,8.0,4,No económicamente activa,0.0,Sí
3874,Jalisco,Hombre,33,Urbana,No,16.0,4,Ocupada,8930.0,Sí
3875,Michoacán de Ocampo,Hombre,70,Urbana,No,6.0,6,No económicamente activa,0.0,Sí
3876,Puebla,Mujer,37,Urbana,Sí,11.0,6,Ocupada,17220.0,No
3877,Nuevo León,Mujer,19,Urbana,No,12.0,5,No económicamente activa,0.0,Sí
3878,Tabasco,Mujer,51,Urbana,No,10.0,3,Ocupada,13720.0,Sí
3879,Guanajuato,Mujer,59,Urbana,No,12.0,4,No económicamente activa,0.0,Sí
3880,Tamaulipas,Mujer,68,Urbana,No,9.0,4,No económicamente activa,0.0,Sí
3881,México,Hombre,52,Urbana,No,6.0,3,Ocupada,6080.0,Sí
3882,Sinaloa,Mujer,22,Rural,No,4.0,3,No económicamente activa,0.0,No
3883,Ciudad de México,Hombre,22,Urbana,No,14.0,5,Ocupada,7310.0,Sí
3884,Nuevo León,Hombre,36,Urbana,No,12.0,6,Ocupada,10170.0,Sí
3885,Puebla,Hombre,40,Urbana,No,10.0,3,Ocupada,13540.0,Sí
3886,México,Mujer,29,Urbana,No,14.0,5,Ocupada,10240.0,Sí
3887,Aguascalientes,Hombre,46,Urbana,No,6.0,3,Ocupada,12040.0,Sí
3888,Aguascalientes,Hombre,35,Urbana,No,15.0,1,Ocupada,10210.0,Sí
3889,Nayarit,Mujer,22,Urbana,No,8.0,4,Ocupada,6170.0,Sí
3890,Veracruz de Ignacio de la Llave,Mujer,24,Rural,No,11.0,3,No económicamente activa,0.0,No
3891,Michoacán de Ocampo,Mujer,42,Rural,No,8.0,6,Ocupada,8680.0,Sí
3892,Querétaro,Mujer,39,Rural,No,4.0,7,Desocupada,0.0,Sí
3893,Nuevo León,Mujer,31,Urbana,No,11.0,2,Ocupada,19010.0,Sí
3894,Puebla,Hombre,29,Rural,No,10.0,5,No económicamente activa,0.0,No
3895,Chihuahua,Mujer,34,Urbana,No,16.0,2,No económicamente activa,0.0,Sí
3896,México,Hombre,17,Urbana,No,11.0,6,No económicamente activa,0.0,Sí
3897,Quintana Roo,Mujer,45,Urbana,No,8.0,4,Ocupada,6060.0,Sí
3898,México,Hombre,36,Urbana,No,17.0,3,No económicamente activa,,Sí
3899,Sinaloa,Hombre,22,Urbana,No,8.0,2,Ocupada,5080.0,No
3900,Tlaxcala,Mujer,18,Urbana,No,12.0,6,Ocupada,6960.0,Sí
3901,Querétaro,Hombre,55,Urbana,No,11.0,5,Ocupada,7410.0,Sí
3902,México,Hombre,46,Urbana,No,11.0,2,Ocupada,4400.0,Sí
3903,Querétaro,Mujer,32,Urbana,No,13.0,2,Ocupada,7000.0,Sí
3904,Coahuila de Zaragoza,Hombre,17,Urbana,No,9.0,5,Ocupada,5100.0,Sí
3905,Oaxaca,Mujer,65,Urbana,No,12.0,4,No económicamente activa,0.0,Sí
3906,Tabasco,Mujer,19,Rural,No,10.0,3,Desocupada,0.0,No
3907,Jalisco,Hombre,29,Urbana,No,14.0,3,Ocupada,15750.0,Sí
3908,Guanajuato,Mujer,21,Urbana,No,11.0,4,Ocupada,11620.0,Sí
3909,Querétaro,Mujer,59,Urbana,No,7.0,3,Ocupada,11850.0,Sí
3910,Nuevo León,Mujer,33,Urbana,No,11.0,5,No económicamente activa,0.0,Sí
3911,México,Hombre,24,Urbana,No,11.0,5,Ocupada,7760.0,Sí
3912,Puebla,Hombre,25,Urbana,No,12.0,1,Ocupada,,Sí
3913,México,Hombre,20,Rural,No,15.0,4,Ocupada,9320.0,No
3914,México,Mujer,20,Urbana,No,16.0,6,Ocupada,8680.0,Sí
3915,Aguascalientes,Mujer,34,Urbana,No,14.0,2,No económicamente activa,,Sí
3916,Baja California,Hombre,46,Urbana,No,16.0,4,Ocupada,16950.0,Sí
3917,Nuevo León,Mujer,37,Urbana,No,12.0,3,No económicamente activa,0.0,No
3918,Querétaro,Mujer,28,Urbana,No,11.0,7,Ocupada,5820.0,Sí
3919,Baja California Sur,Mujer,37,Rural,No,10.0,3,Ocupada,2920.0,Sí
3920,Guerrero,Mujer,55,Rural,No,7.0,2,No económicamente activa,0.0,No
3921,Quintana Roo,Mujer,41,Urbana,Sí,13.0,2,Ocupada,5360.0,Sí
3922,Guerrero,Hombre,27,Rural,No,3.0,3,Ocupada,4820.0,No
3923,Ciudad de México,Hombre,76,Urbana,No,5.0,1,No económicamente activa,0.0,Sí
3924,México,Mujer,50,Rural,Sí,1.0,5,Ocupada,1590.0,Sí
3925,México,Mujer,19,Urbana,No,17.0,3,No económicamente activa,0.0,No
3926,Guerrero,Hombre,37,Rural,No,13.0,3,Ocupada,12820.0,Sí
3927,México,Hombre,54,Urbana,No,12.0,4,No económicamente activa,0.0,Sí
3928,Sinaloa,Mujer,36,Urbana,No,13.0,3,No económicamente activa,0.0,No
3929,México,Mujer,61,Urbana,No,6.0,4,Ocupada,10850.0,No
3930,Tamaulipas,Mujer,35,Urbana,No,13.0,5,Ocupada,14890.0,Sí
3931,Jalisco,Hombre,85,Urbana,No,5.0,3,No económicamente activa,0.0,No
3932,Nuevo León,Hombre,62,Urbana,No,9.0,4,Ocupada,9100.0,Sí
3933,México,Hombre,40,Urbana,No,8.0,4,Ocupada,3900.0,Sí
3934,Jalisco,Mujer,20,Urbana,No,7.0,4,No económicamente activa,0.0,Sí
3935,Chihuahua,Hombre,33,Urbana,No,15.0,3,Ocupada,8450.0,Sí
3936,Puebla,Mujer,58,Rural,No,7.0,3,No económicamente activa,0.0,Sí
3937,Chihuahua,Mujer,54,Urbana,No,10.0,5,Ocupada,8770.0,Sí
3938,Sonora,Hombre,66,Urbana,No,5.0,8,No económicamente activa,0.0,Sí
3939,Chihuahua,Mujer,27,Urbana,No,12.0,4,No económicamente activa,0.0,No
3940,México,Hombre,24,Urbana,No,14.0,2,Ocupada,22940.0,No
3941,Jalisco,Mujer,23,Urbana,No,11.0,4,No económicamente activa,0.0,Sí
3942,Yucatán,Mujer,76,Urbana,No,10.0,4,No económicamente activa,0.0,Sí
3943,Chihuahua,Mujer,28,Urbana,No,10.0,4,No económicamente activa,0.0,Sí
3944,Campeche,Mujer,22,Urbana,No,8.0,3,No económicamente activa,0.0,Sí
3945,Coahuila de Zaragoza,Hombre,39,Urbana,No,11.0,4,Ocupada,10190.0,Sí
3946,México,Mujer,42,Urbana,No,12.0,4,No económicamente activa,0.0,Sí
3947,México,Hombre,74,Urbana,No,6.0,1,No económicamente activa,0.0,No
3948,Jalisco,Mujer,57,Urbana,No,9.0,3,Ocupada,8990.0,Sí
3949,México,Hombre,37,Urbana,No,13.0,3,No económicamente activa,0.0,Sí
3950,Baja California,Mujer,49,Urbana,No,13.0,5,No económicamente activa,0.0,Sí
3951,Quintana Roo,Mujer,40,Rural,No,8.0,6,No económicamente activa,0.0,Sí
3952,Jalisco,Hombre,59,Urbana,No,12.0,4,Ocupada,10800.0,Sí
3953,Sinaloa,Mujer,45,Urbana,No,13.0,5,Ocupada,20180.0,Sí
3954,Jalisco,Mujer,29,Urbana,No,6.0,4,No económicamente activa,0.0,Sí
3955,Morelos,Hombre,29,Urbana,No,10.0,5,Ocupada,5880.0,Sí
3956,Puebla,Hombre,55,Urbana,No,9.0,5,Ocupada,11990.0,Sí
3957,Querétaro,Hombre,20,Urbana,No,13.0,5,Ocupada,8800.0,Sí
3958,Jalisco,Mujer,25,Urbana,No,11.0,4,No económicamente activa,0.0,Sí
3959,Guanajuato,Mujer,43,Urbana,No,7.0,2,Ocupada,9060.0,Sí
3960,Tamaulipas,Hombre,50,Urbana,No,8.0,6,Ocupada,6530.0,Sí
3961,Chihuahua,Mujer,41,Urbana,No,6.0,6,No económicamente activa,0.0,Sí
3962,Hidalgo,Hombre,64,Rural,No,6.0,6,Ocupada,5220.0,Sí
3963,Guerrero,Hombre,67,Rural,No,0.0,7,Ocupada,7790.0,Sí
3964,Quintana Roo,Mujer,18,Urbana,No,14.0,2,No económicamente activa,0.0,Sí
3965,Tabasco,Hombre,28,Urbana,No,13.0,2,Ocupada,12760.0,Sí
3966,Yucatán,Hombre,52,Urbana,No,7.0,2,Ocupada,7990.0,Sí
3967,Tamaulipas,Mujer,69,Urbana,No,13.0,3,Ocupada,24400.0,Sí
3968,Chiapas,Mujer,55,Urbana,No,3.0,4,Ocupada,7200.0,Sí
3969,Puebla,Mujer,40,Urbana,No,11.0,3,Ocupada,7370.0,Sí
3970,México,Mujer,45,Urbana,No,9.0,5,Ocupada,4510.0,Sí
3971,Aguascalientes,Hombre,37,Urbana,No,,5,Ocupada,14530.0,Sí
3972,Coahuila de Zaragoza,Mujer,75,Urbana,No,7.0,2,Ocupada,5090.0,Sí
3973,Jalisco,Mujer,36,Urbana,No,8.0,5,No económicamente activa,0.0,Sí
3974,Guanajuato,Mujer,38,Urbana,No,6.0,1,Ocupada,5340.0,No
3975,Coahuila de Zaragoza,Mujer,47,Rural,No,8.0,8,No económicamente activa,0.0,Sí
3976,Sonora,Mujer,29,Urbana,No,13.0,6,Ocupada,8260.0,Sí
3977,Chihuahua,Hombre,22,Urbana,No,17.0,3,No económicamente activa,0.0,Sí
3978,México,Mujer,95,Urbana,No,,1,No económicamente activa,0.0,Sí
3979,Oaxaca,Hombre,32,Rural,Sí,11.0,2,No económicamente activa,0.0,Sí
3980,Guanajuato,Mujer,79,Urbana,No,4.0,2,No económicamente activa,0.0,Sí
3981,Ciudad de México,Hombre,31,Urbana,No,14.0,5,Ocupada,7950.0,Sí
3982,Veracruz de Ignacio de la Llave,Mujer,49,Rural,Sí,5.0,4,Ocupada,6800.0,Sí
3983,Veracruz de Ignacio de la Llave,Mujer,27,Urbana,No,14.0,4,Ocupada,3690.0,Sí
3984,Guanajuato,Mujer,93,Urbana,No,8.0,4,No económicamente activa,0.0,Sí
3985,Coahuila de Zaragoza,Mujer,52,Urbana,No,10.0,3,Ocupada,2140.0,Sí
3986,Jalisco,Mujer,48,Urbana,No,14.0,6,Ocupada,23940.0,Sí
3987,Veracruz de Ignacio de la Llave,Mujer,29,Rural,No,11.0,4,Ocupada,8150.0,Sí
3988,Chiapas,Mujer,36,Urbana,No,7.0,5,No económicamente activa,0.0,Sí
3989,Hidalgo,Mujer,44,Rural,No,2.0,4,No económicamente activa,0.0,No
3990,Zacatecas,Hombre,21,Urbana,No,9.0,2,No económicamente activa,0.0,Sí
3991,México,Hombre,31,Urbana,No,5.0,9,Ocupada,14760.0,Sí
3992,México,Mujer,47,Urbana,No,11.0,2,Ocupada,15810.0,Sí
3993,Chiapas,Hombre,26,Rural,Sí,7.0,3,Ocupada,12970.0,Sí
3994,Tamaulipas,Hombre,32,Urbana,No,12.0,4,Ocupada,45390.0,No
3995,Guerrero,Mujer,50,Urbana,No,8.0,4,Ocupada,12850.0,Sí
3996,Jalisco,Hombre,22,Rural,No,10.0,2,Ocupada,8630.0,Sí
3997,Tamaulipas,Mujer,36,Urbana,No,12.0,3,No económicamente activa,0.0,Sí
3998,Puebla,Hombre,61,Urbana,No,5.0,4,Ocupada,3080.0,Sí
3999,Hidalgo,Hombre,31,Rural,No,4.0,5,No económicamente activa,0.0,Sí
4000,Chiapas,Mujer,28,Rural,Sí,2.0,5,No económicamente activa,0.0,Sí
4001,México,Hombre,22,Urbana,No,8.0,2,No económicamente activa,0.0,No
4002,Jalisco,Mujer,26,Urbana,No,8.0,2,Ocupada,8240.0,Sí
4003,Guanajuato,Hombre,39,Urbana,No,,3,Ocupada,,Sí
4004,Campeche,Mujer,44,Urbana,No,12.0,4,Ocupada,8300.0,Sí
4005,Quintana Roo,Mujer,27,Rural,No,8.0,3,Ocupada,3800.0,Sí
4006,Michoacán de Ocampo,Mujer,60,Urbana,No,12.0,4,No económicamente activa,0.0,No
4007,Michoacán de Ocampo,Mujer,72,Urbana,No,8.0,4,No económicamente activa,0.0,Sí
4008,México,Mujer,22,Urbana,No,12.0,8,No económicamente activa,0.0,Sí
4009,Jalisco,Mujer,18,Urbana,No,12.0,2,No económicamente activa,0.0,Sí
4010,Guerrero,Mujer,56,Rural,No,7.0,6,No económicamente activa,0.0,Sí
4011,Chiapas,Hombre,31,Rural,No,5.0,4,Ocupada,10310.0,Sí
4012,Chiapas,Hombre,40,Rural,No,11.0,6,Ocupada,8560.0,Sí
4013,Chihuahua,Hombre,20,Urbana,No,18.0,6,Ocupada,16720.0,Sí
4014,Campeche,Mujer,20,Urbana,No,11.0,1,Ocupada,4500.0,Sí
4015,Guerrero,Hombre,31,Urbana,No,10.0,5,Ocupada,11910.0,Sí
4016,Hidalgo,Mujer,25,Rural,No,11.0,3,No económicamente activa,0.0,Sí
4017,Sonora,Hombre,38,Urbana,No,9.0,1,Ocupada,3140.0,Sí
4018,Zacatecas,Mujer,34,Rural,No,9.0,5,No económicamente activa,,Sí
4019,Guerrero,Mujer,47,Rural,Sí,8.0,6,Ocupada,6030.0,Sí
4020,Michoacán de Ocampo,Hombre,41,Rural,No,10.0,3,Ocupada,3790.0,Sí
4021,Ciudad de México,Hombre,48,Urbana,No,13.0,5,Ocupada,,Sí
4022,Coahuila de Zaragoza,Mujer,65,Rural,No,7.0,3,Ocupada,3210.0,Sí
4023,San Luis Potosí,Mujer,21,Rural,No,5.0,6,No económicamente activa,0.0,Sí
4024,Michoacán de Ocampo,Mujer,40,Urbana,No,8.0,7,No económicamente activa,0.0,Sí
4025,México,Hombre,52,Urbana,No,7.0,4,Ocupada,10910.0,Sí
4026,Sinaloa,Hombre,41,Urbana,No,14.0,4,Ocupada,15280.0,Sí
4027,Tamaulipas,Hombre,35,Urbana,No,9.0,4,Ocupada,9730.0,Sí
4028,Tlaxcala,Hombre,27,Urbana,No,13.0,2,No económicamente activa,0.0,Sí
4029,Oaxaca,Hombre,50,Urbana,No,8.0,6,Ocupada,7600.0,No
4030,Veracruz de Ignacio de la Llave,Mujer,18,Rural,No,12.0,4,No económicamente activa,0.0,No
4031,México,Hombre,32,Urbana,No,11.0,3,Ocupada,10890.0,Sí
4032,Guanajuato,Mujer,36,Rural,No,10.0,5,No económicamente activa,0.0,Sí
4033,México,Mujer,37,Urbana,No,17.0,6,No económicamente activa,0.0,Sí
4034,Michoacán de Ocampo,Mujer,47,Urbana,No,10.0,2,Ocupada,13350.0,Sí
4035,Hidalgo,Mujer,66,Rural,No,11.0,1,No económicamente activa,0.0,Sí
4036,Coahuila de Zaragoza,Mujer,80,Urbana,No,6.0,4,No económicamente activa,0.0,Sí
4037,Guanajuato,Mujer,29,Urbana,No,8.0,1,No económicamente activa,0.0,Sí
4038,México,Mujer,21,Urbana,No,13.0,6,Ocupada,7570.0,No
4039,Sinaloa,Mujer,41,Urbana,No,15.0,5,Ocupada,11280.0,Sí
4040,Ciudad de México,Mujer,24,Urbana,No,15.0,3,Ocupada,6800.0,No
4041,Guanajuato,Mujer,31,Urbana,No,13.0,3,No económicamente activa,0.0,Sí
4042,Puebla,Mujer,40,Urbana,No,11.0,4,No económicamente activa,0.0,Sí
4043,Hidalgo,Mujer,69,Urbana,No,5.0,3,No económicamente activa,0.0,Sí
4044,Guanajuato,Hombre,32,Rural,No,7.0,5,Ocupada,,Sí
4045,Guanajuato,Hombre,69,Urbana,No,9.0,8,No económicamente activa,,Sí
4046,Guanajuato,Mujer,31,Urbana,No,13.0,4,Ocupada,12290.0,Sí
4047,Puebla,Mujer,31,Urbana,No,11.0,3,Ocupada,4370.0,Sí
4048,Tabasco,Hombre,30,Rural,No,11.0,2,No económicamente activa,0.0,Sí
4049,Jalisco,Mujer,23,Urbana,No,6.0,1,No económicamente activa,0.0,Sí
4050,Ciudad de México,Mujer,34,Urbana,No,12.0,4,No económicamente activa,0.0,Sí
4051,Nayarit,Mujer,39,Urbana,No,14.0,8,No económicamente activa,0.0,Sí
4052,Guanajuato,Mujer,74,Urbana,No,4.0,5,Ocupada,5750.0,Sí
4053,Chiapas,Mujer,56,Rural,Sí,3.0,3,No económicamente activa,0.0,Sí
4054,Colima,Hombre,56,Urbana,No,9.0,2,No económicamente activa,0.0,Sí
4055,México,Mujer,33,Urbana,No,8.0,1,No económicamente activa,0.0,No
4056,Baja California,Mujer,56,Urbana,No,9.0,2,No económicamente activa,0.0,Sí
4057,Chihuahua,Hombre,38,Urbana,No,13.0,3,Ocupada,25240.0,Sí
4058,Sonora,Mujer,33,Urbana,No,12.0,3,Ocupada,15170.0,Sí
4059,Campeche,Hombre,40,Urbana,No,13.0,2,Ocupada,,Sí
4060,México,Mujer,38,Rural,No,9.0,2,Ocupada,8820.0,Sí
4061,México,Mujer,27,Urbana,No,7.0,2,No económicamente activa,0.0,Sí
4062,Yucatán,Mujer,26,Urbana,No,10.0,5,No económicamente activa,0.0,Sí
4063,México,Mujer,25,Urbana,No,8.0,3,Ocupada,12240.0,Sí
4064,México,Hombre,22,Urbana,No,16.0,4,Ocupada,9030.0,No
4065,Sonora,Mujer,40,Urbana,No,11.0,1,No económicamente activa,0.0,Sí
4066,Aguascalientes,Hombre,32,Urbana,No,10.0,4,Ocupada,11170.0,Sí
4067,México,Mujer,52,Urbana,No,15.0,3,No económicamente activa,0.0,Sí
4068,Chiapas,Hombre,69,Rural,No,4.0,4,Ocupada,5250.0,Sí
4069,México,Hombre,43,Urbana,No,13.0,8,Ocupada,14100.0,Sí
4070,Michoacán de Ocampo,Hombre,26,Rural,No,9.0,4,Ocupada,2280.0,Sí
4071,México,Hombre,52,Urbana,No,11.0,3,Ocupada,11990.0,No
4072,Hidalgo,Mujer,40,Rural,No,10.0,2,No económicamente activa,0.0,Sí
4073,Tabasco,Mujer,51,Rural,No,9.0,4,Ocupada,9090.0,Sí
4074,Ciudad de México,Hombre,52,Urbana,No,7.0,2,Ocupada,12930.0,No
4075,Michoacán de Ocampo,Mujer,51,Urbana,No,15.0,3,No económicamente activa,0.0,No
4076,Morelos,Hombre,53,Urbana,No,9.0,3,Desocupada,,Sí
4077,San Luis Potosí,Mujer,27,Urbana,No,7.0,2,Ocupada,4430.0,No
4078,Puebla,Hombre,56,Urbana,No,15.0,2,Ocupada,9600.0,Sí
4079,Veracruz de Ignacio de la Llave,Mujer,34,Urbana,No,10.0,5,Ocupada,11620.0,Sí
4080,Puebla,Hombre,24,Rural,No,7.0,6,Ocupada,5110.0,Sí
4081,Sonora,Hombre,46,Urbana,No,14.0,2,No económicamente activa,0.0,Sí
4082,Sonora,Hombre,28,Urbana,No,15.0,2,No económicamente activa,0.0,Sí
4083,Nayarit,Hombre,40,Urbana,No,8.0,5,Ocupada,2630.0,Sí
4084,Michoacán de Ocampo,Mujer,31,Rural,No,10.0,2,Ocupada,12320.0,Sí
4085,Jalisco,Mujer,40,Urbana,No,15.0,2,No económicamente activa,0.0,Sí
4086,México,Hombre,56,Urbana,No,8.0,6,Ocupada,5510.0,Sí
4087,Tlaxcala,Hombre,34,Urbana,No,15.0,4,No económicamente activa,0.0,Sí
4088,Veracruz de Ignacio de la Llave,Mujer,52,Urbana,No,4.0,5,No económicamente activa,0.0,Sí
4089,México,Mujer,27,Urbana,No,11.0,3,No económicamente activa,0.0,Sí
4090,Tamaulipas,Mujer,42,Urbana,No,13.0,6,Ocupada,7630.0,Sí
4091,Coahuila de Zaragoza,Mujer,19,Urbana,No,10.0,4,No económicamente activa,0.0,Sí
4092,Ciudad de México,Hombre,88,Urbana,No,7.0,5,No económicamente activa,0.0,Sí
4093,Sinaloa,Mujer,51,Rural,No,11.0,5,Ocupada,12140.0,Sí
4094,Veracruz de Ignacio de la Llave,Hombre,24,Rural,No,7.0,6,Ocupada,5300.0,Sí
4095,Baja California,Hombre,44,Urbana,No,12.0,1,No económicamente activa,0.0,Sí
4096,México,Mujer,58,Urbana,No,10.0,4,Ocupada,8570.0,Sí
4097,México,Hombre,40,Urbana,No,18.0,5,Ocupada,19370.0,Sí
4098,Aguascalientes,Hombre,48,Rural,No,12.0,4,Ocupada,10250.0,Sí
4099,Tabasco,Mujer,39,Rural,No,6.0,6,Ocupada,9910.0,No
4100,Durango,Mujer,27,Rural,No,7.0,7,Ocupada,2800.0,Sí
4101,Ciudad de México,Hombre,95,Urbana,No,10.0,4,No económicamente activa,0.0,No
4102,Yucatán,Hombre,30,Urbana,No,6.0,3,No económicamente activa,0.0,No
4103,Tlaxcala,Mujer,41,Urbana,No,9.0,2,Ocupada,13020.0,Sí
4104,Tabasco,Mujer,18,Urbana,Sí,3.0,2,No económicamente activa,0.0,No
4105,Durango,Hombre,18,Urbana,No,12.0,4,Ocupada,8990.0,Sí
4106,Sinaloa,Mujer,41,Rural,No,10.0,2,No económicamente activa,0.0,Sí
4107,Ciudad de México,Hombre,71,Urbana,No,4.0,2,No económicamente activa,0.0,Sí
4108,Chiapas,Mujer,56,Rural,No,6.0,4,Ocupada,5170.0,Sí
4109,Chiapas,Hombre,95,Rural,No,6.0,4,No económicamente activa,0.0,Sí
4110,Sinaloa,Hombre,35,Urbana,No,9.0,3,Ocupada,7560.0,Sí
4111,Jalisco,Hombre,43,Urbana,No,8.0,4,Ocupada,7210.0,Sí
4112,Veracruz de Ignacio de la Llave,Mujer,25,Urbana,No,13.0,4,Ocupada,18750.0,Sí
4113,Chihuahua,Mujer,63,Urbana,No,11.0,6,Ocupada,4380.0,Sí
4114,Guerrero,Mujer,34,Rural,No,10.0,1,Ocupada,12130.0,Sí
4115,Ciudad de México,Mujer,17,Urbana,No,8.0,4,No económicamente activa,0.0,Sí
4116,San Luis Potosí,Hombre,88,Urbana,No,13.0,4,Ocupada,5290.0,Sí
4117,Baja California,Hombre,28,Urbana,No,11.0,1,Ocupada,17380.0,Sí
4118,Guanajuato,Hombre,71,Urbana,No,7.0,4,No económicamente activa,0.0,Sí
4119,Yucatán,Mujer,50,Urbana,No,8.0,4,Ocupada,3050.0,Sí
4120,Hidalgo,Hombre,21,Rural,Sí,5.0,5,Ocupada,6040.0,Sí
4121,Sinaloa,Hombre,38,Urbana,No,11.0,2,Ocupada,6360.0,Sí
4122,Tamaulipas,Mujer,27,Urbana,No,14.0,6,No económicamente activa,0.0,Sí
4123,Chihuahua,Hombre,95,Urbana,No,12.0,5,Ocupada,5910.0,No
4124,Coahuila de Zaragoza,Hombre,50,Urbana,No,12.0,2,No económicamente activa,0.0,Sí
4125,Durango,Hombre,86,Urbana,Sí,7.0,5,Ocupada,5980.0,No
4126,Puebla,Hombre,38,Urbana,No,11.0,2,Ocupada,7560.0,Sí
4127,Guerrero,Hombre,50,Rural,No,6.0,4,Ocupada,4430.0,Sí
4128,Puebla,Hombre,40,Urbana,No,13.0,3,Ocupada,12990.0,No
4129,Puebla,Mujer,46,Urbana,No,6.0,1,No económicamente activa,0.0,Sí
4130,Guerrero,Hombre,57,Urbana,No,3.0,6,Ocupada,2170.0,Sí
4131,Querétaro,Mujer,52,Urbana,No,11.0,2,No económicamente activa,0.0,Sí
4132,Tamaulipas,Hombre,17,Urbana,No,8.0,6,Ocupada,5840.0,Sí
4133,Michoacán de Ocampo,Mujer,33,Rural,No,9.0,4,Ocupada,3600.0,Sí
4134,Michoacán de Ocampo,Mujer,40,Rural,No,7.0,4,No económicamente activa,0.0,Sí
4135,México,Mujer,34,Urbana,No,16.0,4,No económicamente activa,0.0,Sí
4136,Chihuahua,Mujer,26,Urbana,No,11.0,2,Ocupada,6420.0,Sí
4137,Puebla,Mujer,36,Urbana,No,7.0,5,No económicamente activa,0.0,No
4138,Oaxaca,Hombre,28,Rural,No,,4,Ocupada,1820.0,Sí
4139,Ciudad de México,Mujer,30,Urbana,No,14.0,4,Ocupada,15680.0,Sí
4140,Sinaloa,Mujer,72,Urbana,No,9.0,3,No económicamente activa,0.0,Sí
4141,Sonora,Mujer,47,Urbana,No,15.0,3,No económicamente activa,0.0,Sí
4142,Chiapas,Mujer,32,Urbana,No,7.0,6,Ocupada,16230.0,Sí
4143,Jalisco,Hombre,50,Urbana,No,7.0,7,Ocupada,4350.0,Sí
4144,Ciudad de México,Hombre,17,Urbana,No,13.0,2,Ocupada,19350.0,Sí
4145,Querétaro,Hombre,39,Urbana,No,12.0,2,Ocupada,14000.0,Sí
4146,Tabasco,Hombre,64,Rural,No,7.0,2,No económicamente activa,0.0,Sí
4147,Querétaro,Mujer,85,Urbana,No,2.0,2,No económicamente activa,0.0,Sí
4148,Sinaloa,Hombre,54,Urbana,No,12.0,5,Ocupada,17790.0,Sí
4149,Guanajuato,Mujer,19,Rural,No,7.0,6,Ocupada,7870.0,Sí
4150,México,Mujer,71,Urbana,No,12.0,5,No económicamente activa,0.0,Sí
4151,México,Hombre,23,Urbana,No,12.0,6,Ocupada,9180.0,No
4152,México,Hombre,29,Urbana,No,11.0,1,Ocupada,2880.0,Sí
4153,Hidalgo,Mujer,20,Urbana,No,15.0,3,Ocupada,15720.0,Sí
4154,México,Mujer,41,Urbana,No,11.0,5,No económicamente activa,0.0,No
4155,Ciudad de México,Mujer,23,Urbana,No,13.0,5,No económicamente activa,0.0,Sí
4156,Puebla,Mujer,74,Urbana,Sí,2.0,3,No económicamente activa,0.0,Sí
4157,Colima,Hombre,69,Urbana,No,6.0,3,No económicamente activa,0.0,Sí
4158,Hidalgo,Hombre,95,Urbana,No,9.0,4,Ocupada,14170.0,Sí
4159,Chiapas,Hombre,44,Urbana,No,10.0,3,Ocupada,8070.0,Sí
4160,Ciudad de México,Mujer,45,Urbana,No,18.0,3,No económicamente activa,0.0,No
4161,Chiapas,Hombre,44,Rural,Sí,8.0,2,Ocupada,5640.0,No
4162,Guerrero,Hombre,45,Urbana,No,11.0,4,Ocupada,10660.0,Sí
4163,Chihuahua,Mujer,64,Urbana,No,9.0,1,Ocupada,7030.0,Sí
4164,México,Mujer,38,Urbana,No,14.0,1,Desocupada,0.0,Sí
4165,Oaxaca,Mujer,30,Rural,Sí,3.0,4,Ocupada,,No
4166,Veracruz de Ignacio de la Llave,Mujer,39,Urbana,No,9.0,2,Ocupada,12440.0,Sí
4167,Querétaro,Mujer,53,Rural,No,11.0,4,No económicamente activa,0.0,Sí
4168,Baja California Sur,Mujer,38,Urbana,No,6.0,5,Ocupada,6440.0,Sí
4169,Jalisco,Hombre,83,Urbana,No,14.0,2,No económicamente activa,0.0,Sí
4170,Durango,Mujer,66,Urbana,No,5.0,3,No económicamente activa,0.0,No
4171,Nuevo León,Mujer,51,Urbana,No,9.0,3,No económicamente activa,0.0,Sí
4172,Sonora,Hombre,51,Urbana,No,12.0,3,No económicamente activa,0.0,Sí
4173,Tamaulipas,Mujer,21,Urbana,No,12.0,5,No económicamente activa,0.0,Sí
4174,Jalisco,Hombre,64,Urbana,No,12.0,4,Ocupada,10180.0,Sí
4175,Morelos,Hombre,38,Rural,No,8.0,8,No económicamente activa,0.0,No
4176,Jalisco,Mujer,44,Urbana,No,10.0,2,Ocupada,12600.0,Sí
4177,Sinaloa,Hombre,22,Urbana,No,11.0,2,No económicamente activa,0.0,Sí
4178,Oaxaca,Hombre,45,Urbana,Sí,11.0,2,Desocupada,0.0,Sí
4179,San Luis Potosí,Mujer,66,Rural,No,5.0,5,No económicamente activa,0.0,No
4180,Sonora,Mujer,19,Urbana,No,10.0,5,No económicamente activa,0.0,No
4181,Veracruz de Ignacio de la Llave,Hombre,20,Urbana,No,8.0,9,Ocupada,6410.0,Sí
4182,México,Mujer,39,Urbana,No,9.0,3,No económicamente activa,0.0,No
4183,México,Hombre,25,Urbana,No,12.0,4,Ocupada,,Sí
4184,México,Mujer,95,Urbana,No,6.0,3,No económicamente activa,0.0,Sí
4185,Ciudad de México,Hombre,54,Urbana,No,15.0,6,Ocupada,5250.0,Sí
4186,México,Mujer,47,Urbana,No,6.0,4,Ocupada,6960.0,No
4187,Baja California,Mujer,61,Urbana,No,16.0,4,Ocupada,24040.0,Sí
4188,Yucatán,Hombre,55,Urbana,No,9.0,4,Ocupada,12150.0,Sí
4189,Querétaro,Mujer,54,Urbana,Sí,7.0,5,Ocupada,8250.0,Sí
4190,Jalisco,Mujer,22,Urbana,No,6.0,3,No económicamente activa,0.0,No
4191,México,Hombre,38,Urbana,No,7.0,4,Ocupada,6270.0,Sí
4192,Michoacán de Ocampo,Mujer,44,Rural,No,2.0,8,Ocupada,3170.0,Sí
4193,Yucatán,Mujer,20,Rural,No,10.0,5,No económicamente activa,0.0,Sí
4194,México,Mujer,95,Urbana,No,14.0,3,Ocupada,13020.0,Sí
4195,Sinaloa,Hombre,44,Urbana,No,6.0,1,Desocupada,0.0,Sí
4196,México,Hombre,45,Urbana,No,9.0,1,Ocupada,5600.0,No
4197,Oaxaca,Mujer,41,Urbana,No,10.0,2,Ocupada,5640.0,Sí
4198,Querétaro,Hombre,47,Rural,No,11.0,5,Ocupada,7400.0,Sí
4199,México,Hombre,32,Urbana,No,12.0,3,No económicamente activa,0.0,No
4200,Guerrero,Mujer,35,Rural,Sí,6.0,2,Ocupada,5010.0,No
4201,Michoacán de Ocampo,Mujer,20,Urbana,No,12.0,2,No económicamente activa,0.0,Sí
4202,Puebla,Hombre,37,Urbana,No,11.0,1,Ocupada,,Sí
4203,Coahuila de Zaragoza,Hombre,35,Urbana,No,8.0,2,Ocupada,3960.0,Sí
4204,México,Mujer,50,Urbana,No,13.0,3,Ocupada,8640.0,Sí
4205,Morelos,Hombre,43,Urbana,No,12.0,3,Ocupada,4260.0,Sí
4206,Jalisco,Hombre,38,Urbana,No,11.0,2,Ocupada,,Sí
4207,Guanajuato,Mujer,65,Urbana,No,12.0,6,No económicamente activa,0.0,Sí
4208,Coahuila de Zaragoza,Hombre,21,Urbana,No,14.0,6,No económicamente activa,0.0,Sí
4209,Tabasco,Mujer,44,Urbana,No,13.0,2,Ocupada,6490.0,Sí
4210,Puebla,Hombre,30,Rural,No,11.0,7,No económicamente activa,0.0,No
4211,Veracruz de Ignacio de la Llave,Hombre,60,Urbana,Sí,2.0,5,Desocupada,0.0,Sí
4212,Tabasco,Hombre,76,Rural,No,1.0,5,No económicamente activa,,No
4213,Jalisco,Mujer,85,Urbana,No,10.0,3,No económicamente activa,0.0,Sí
4214,Guerrero,Mujer,55,Rural,No,7.0,3,Ocupada,4220.0,Sí
4215,Tamaulipas,Hombre,63,Urbana,No,5.0,4,Ocupada,8150.0,Sí
4216,Veracruz de Ignacio de la Llave,Mujer,34,Urbana,No,11.0,3,Ocupada,12840.0,Sí
4217,Chiapas,Mujer,37,Rural,Sí,5.0,8,No económicamente activa,0.0,Sí
4218,Guerrero,Hombre,51,Rural,No,7.0,1,No económicamente activa,0.0,No
4219,Sonora,Hombre,36,Urbana,No,6.0,5,No económicamente activa,0.0,Sí
4220,Michoacán de Ocampo,Mujer,53,Rural,No,10.0,5,Ocupada,1790.0,Sí
4221,Ciudad de México,Hombre,25,Urbana,No,12.0,4,Ocupada,3790.0,Sí
4222,Oaxaca,Mujer,74,Urbana,No,10.0,6,No económicamente activa,0.0,Sí
4223,México,Hombre,46,Urbana,No,,3,Ocupada,7480.0,Sí
4224,México,Hombre,66,Urbana,Sí,7.0,5,Ocupada,4990.0,Sí
4225,Jalisco,Hombre,68,Urbana,No,14.0,2,Ocupada,17560.0,Sí
4226,Chiapas,Hombre,41,Rural,No,9.0,2,No económicamente activa,0.0,Sí
4227,Puebla,Hombre,32,Rural,No,15.0,6,Ocupada,17410.0,No
4228,Chiapas,Mujer,33,Rural,No,10.0,4,No económicamente activa,0.0,Sí
4229,Veracruz de Ignacio de la Llave,Hombre,60,Rural,No,4.0,2,Ocupada,19240.0,Sí
4230,Veracruz de Ignacio de la Llave,Hombre,29,Rural,No,9.0,5,No económicamente activa,0.0,Sí
4231,Tamaulipas,Mujer,21,Urbana,No,13.0,1,Ocupada,7630.0,Sí
4232,Aguascalientes,Hombre,36,Urbana,No,9.0,2,Desocupada,0.0,Sí
4233,Nuevo León,Mujer,29,Urbana,No,10.0,3,Desocupada,,No
4234,Tlaxcala,Hombre,29,Urbana,No,14.0,2,No económicamente activa,0.0,Sí
4235,Guanajuato,Mujer,76,Urbana,No,12.0,3,Ocupada,12580.0,Sí
4236,Baja California,Mujer,59,Urbana,No,9.0,3,No económicamente activa,0.0,Sí
4237,Oaxaca,Mujer,86,Rural,No,4.0,3,No económicamente activa,0.0,Sí
4238,Sinaloa,Hombre,26,Urbana,No,14.0,1,Ocupada,14840.0,Sí
4239,Tlaxcala,Mujer,34,Urbana,No,12.0,3,Ocupada,4510.0,Sí
4240,Ciudad de México,Mujer,51,Urbana,No,16.0,3,No económicamente activa,0.0,Sí
4241,México,Hombre,47,Rural,No,1.0,2,Ocupada,4080.0,No
4242,Puebla,Hombre,44,Urbana,Sí,5.0,3,Ocupada,5280.0,Sí
4243,Michoacán de Ocampo,Hombre,60,Rural,No,7.0,2,No económicamente activa,0.0,Sí
4244,Guanajuato,Hombre,30,Urbana,No,8.0,2,Ocupada,5480.0,Sí
4245,Sonora,Hombre,36,Urbana,No,12.0,3,Ocupada,5170.0,Sí
4246,Jalisco,Mujer,42,Urbana,No,9.0,3,Ocupada,8800.0,Sí
4247,Durango,Hombre,48,Urbana,Sí,14.0,1,No económicamente activa,0.0,Sí
4248,Tamaulipas,Hombre,64,Urbana,No,8.0,2,Ocupada,8430.0,No
4249,Nuevo León,Hombre,19,Urbana,No,11.0,1,No económicamente activa,0.0,Sí
4250,Ciudad de México,Mujer,31,Urbana,No,14.0,7,Ocupada,12390.0,Sí
4251,Guerrero,Hombre,18,Rural,Sí,5.0,5,Ocupada,2840.0,Sí
4252,Guanajuato,Mujer,38,Rural,No,10.0,2,Ocupada,10650.0,Sí
4253,Guerrero,Hombre,46,Rural,No,2.0,5,No económicamente activa,0.0,Sí
4254,Querétaro,Mujer,68,Urbana,No,8.0,6,Ocupada,3330.0,Sí
4255,Chiapas,Hombre,32,Urbana,No,7.0,1,Ocupada,7050.0,Sí
4256,México,Hombre,43,Rural,No,8.0,5,Ocupada,5480.0,Sí
4257,Oaxaca,Mujer,90,Urbana,No,8.0,4,Ocupada,17340.0,Sí
4258,Chihuahua,Mujer,52,Rural,No,7.0,4,Ocupada,7840.0,Sí
4259,Ciudad de México,Mujer,68,Urbana,No,9.0,4,No económicamente activa,0.0,Sí
4260,Jalisco,Mujer,22,Urbana,No,,2,No económicamente activa,0.0,No
4261,Guerrero,Mujer,48,Urbana,No,8.0,3,No económicamente activa,0.0,Sí
4262,Tamaulipas,Mujer,21,Urbana,No,14.0,6,Ocupada,32330.0,Sí
4263,México,Hombre,39,Urbana,No,14.0,5,Ocupada,14500.0,Sí
4264,México,Hombre,15,Urbana,No,12.0,6,No económicamente activa,0.0,Sí
4265,Coahuila de Zaragoza,Mujer,30,Urbana,No,9.0,4,Ocupada,11450.0,Sí
4266,Colima,Mujer,84,Rural,No,9.0,3,No económicamente activa,0.0,Sí
4267,Tlaxcala,Mujer,95,Urbana,No,10.0,6,No económicamente activa,0.0,Sí
4268,Querétaro,Hombre,95,Rural,No,7.0,2,Desocupada,0.0,Sí
4269,Yucatán,Mujer,38,Urbana,No,16.0,4,No económicamente activa,0.0,No
4270,Colima,Mujer,64,Urbana,No,12.0,4,Ocupada,3790.0,Sí
4271,Tamaulipas,Mujer,31,Urbana,No,,5,Ocupada,16390.0,Sí
4272,México,Mujer,70,Rural,No,14.0,10,No económicamente activa,0.0,Sí
4273,Nayarit,Hombre,33,Urbana,No,14.0,4,Ocupada,21840.0,Sí
4274,Baja California,Mujer,42,Urbana,No,6.0,4,Desocupada,,Sí
4275,Durango,Hombre,18,Urbana,No,14.0,5,Ocupada,10620.0,Sí
4276,Veracruz de Ignacio de la Llave,Mujer,68,Rural,No,5.0,2,No económicamente activa,0.0,Sí
4277,Ciudad de México,Hombre,30,Urbana,No,12.0,7,Ocupada,9490.0,Sí
4278,Jalisco,Hombre,42,Urbana,No,7.0,4,Ocupada,8040.0,Sí
4279,Durango,Mujer,66,Urbana,No,8.0,8,No económicamente activa,0.0,Sí
4280,Guanajuato,Hombre,32,Urbana,No,8.0,3,No económicamente activa,0.0,No
4281,Ciudad de México,Hombre,42,Urbana,No,13.0,1,Ocupada,16250.0,No
4282,México,Hombre,39,Urbana,No,6.0,4,Desocupada,0.0,No
4283,México,Mujer,26,Urbana,No,12.0,4,Ocupada,,Sí
4284,Sonora,Hombre,26,Urbana,No,10.0,5,Ocupada,17800.0,No
4285,Chiapas,Hombre,95,Rural,Sí,,3,No económicamente activa,0.0,Sí
4286,Sonora,Mujer,58,Urbana,No,3.0,1,No económicamente activa,0.0,No
4287,Guanajuato,Hombre,83,Urbana,No,3.0,3,No económicamente activa,0.0,Sí
4288,México,Hombre,55,Urbana,No,11.0,3,Ocupada,9040.0,Sí
4289,Chihuahua,Hombre,70,Urbana,No,8.0,2,No económicamente activa,0.0,Sí
4290,Veracruz de Ignacio de la Llave,Hombre,24,Urbana,No,12.0,2,Ocupada,11630.0,Sí
4291,Baja California,Hombre,32,Urbana,No,14.0,3,Ocupada,21930.0,Sí
4292,Chiapas,Mujer,19,Urbana,No,4.0,3,No económicamente activa,0.0,Sí
4293,Guanajuato,Hombre,39,Urbana,No,15.0,4,Ocupada,22590.0,Sí
4294,Nuevo León,Mujer,41,Urbana,No,10.0,5,Ocupada,11490.0,Sí
4295,Guerrero,Hombre,61,Urbana,No,10.0,2,Ocupada,4540.0,Sí
4296,México,Mujer,34,Urbana,No,,3,No económicamente activa,0.0,Sí
4297,Hidalgo,Hombre,39,Rural,No,9.0,6,Ocupada,6690.0,Sí
4298,Ciudad de México,Mujer,24,Urbana,No,15.0,3,Ocupada,18630.0,Sí
4299,Nuevo León,Mujer,38,Urbana,No,12.0,6,No económicamente activa,0.0,Sí
4300,Nuevo León,Hombre,19,Urbana,No,12.0,2,Ocupada,7810.0,Sí
4301,Puebla,Hombre,21,Rural,Sí,11.0,4,Ocupada,1210.0,Sí
4302,Chiapas,Hombre,41,Rural,No,4.0,5,No económicamente activa,0.0,Sí
4303,Guerrero,Mujer,22,Urbana,No,10.0,7,Ocupada,8060.0,Sí
4304,Durango,Hombre,20,Urbana,No,10.0,3,Ocupada,11100.0,Sí
4305,Querétaro,Hombre,43,Urbana,No,14.0,5,Ocupada,11050.0,Sí
4306,Ciudad de México,Mujer,44,Urbana,No,11.0,4,Desocupada,0.0,Sí
4307,Nuevo León,Mujer,31,Urbana,No,8.0,2,No económicamente activa,0.0,Sí
4308,Campeche,Hombre,22,Urbana,No,13.0,2,Ocupada,12660.0,Sí
4309,Guanajuato,Mujer,34,Urbana,No,10.0,4,Ocupada,4600.0,Sí
4310,Puebla,Mujer,25,Urbana,No,1.0,5,No económicamente activa,0.0,No
4311,Hidalgo,Mujer,29,Rural,No,12.0,4,No económicamente activa,0.0,No
4312,Yucatán,Mujer,46,Urbana,No,11.0,3,No económicamente activa,0.0,Sí
4313,Puebla,Hombre,58,Urbana,No,13.0,2,Ocupada,3890.0,Sí
4314,Veracruz de Ignacio de la Llave,Hombre,42,Urbana,No,10.0,2,Ocupada,18650.0,Sí
4315,Hidalgo,Mujer,47,Urbana,No,6.0,2,No económicamente activa,0.0,Sí
4316,Guanajuato,Mujer,25,Rural,No,,3,Ocupada,1770.0,Sí
4317,Veracruz de Ignacio de la Llave,Mujer,42,Rural,No,8.0,3,Desocupada,0.0,Sí
4318,México,Hombre,19,Urbana,No,5.0,4,Ocupada,14080.0,No
4319,México,Hombre,28,Urbana,No,11.0,4,Ocupada,,Sí
4320,Coahuila de Zaragoza,Mujer,26,Urbana,No,10.0,1,Ocupada,19380.0,Sí
4321,Hidalgo,Hombre,21,Rural,Sí,9.0,3,Ocupada,2080.0,Sí
4322,Ciudad de México,Mujer,74,Urbana,No,8.0,4,Ocupada,6690.0,Sí
4323,Puebla,Mujer,65,Rural,No,5.0,3,No económicamente activa,0.0,No
4324,Hidalgo,Hombre,30,Urbana,No,10.0,2,Ocupada,23900.0,Sí
4325,Puebla,Mujer,95,Rural,No,7.0,6,No económicamente activa,0.0,Sí
4326,Coahuila de Zaragoza,Mujer,26,Urbana,No,15.0,5,Ocupada,8630.0,Sí
4327,Oaxaca,Hombre,50,Rural,No,5.0,7,Ocupada,5640.0,Sí
4328,Yucatán,Mujer,33,Urbana,No,14.0,2,Ocupada,11050.0,Sí
4329,Jalisco,Hombre,23,Urbana,No,10.0,3,Ocupada,5930.0,Sí
4330,México,Mujer,49,Urbana,No,9.0,2,Ocupada,15100.0,Sí
4331,Colima,Mujer,27,Urbana,No,8.0,8,Ocupada,5400.0,Sí
4332,Guanajuato,Hombre,24,Urbana,No,15.0,6,Ocupada,,Sí
4333,Guanajuato,Mujer,16,Urbana,No,11.0,4,No económicamente activa,0.0,No
4334,Hidalgo,Mujer,47,Urbana,No,14.0,7,Ocupada,12330.0,Sí
4335,Chiapas,Hombre,36,Urbana,No,10.0,2,Ocupada,5990.0,Sí
4336,Colima,Mujer,37,Urbana,No,17.0,4,Ocupada,39980.0,Sí
4337,Puebla,Mujer,39,Rural,No,4.0,3,No económicamente activa,0.0,No
4338,Guanajuato,Mujer,65,Urbana,No,6.0,5,Ocupada,7460.0,Sí
4339,México,Hombre,69,Urbana,No,11.0,3,Ocupada,5200.0,Sí
4340,México,Mujer,90,Rural,No,6.0,6,No económicamente activa,0.0,No
4341,Ciudad de México,Hombre,44,Urbana,No,5.0,6,Ocupada,5010.0,Sí
4342,Ciudad de México,Hombre,56,Urbana,No,6.0,3,No económicamente activa,0.0,No
4343,Veracruz de Ignacio de la Llave,Hombre,18,Rural,No,8.0,6,No económicamente activa,0.0,Sí
4344,Veracruz de Ignacio de la Llave,Mujer,95,Urbana,No,6.0,4,No económicamente activa,0.0,No
4345,Chiapas,Mujer,32,Rural,Sí,7.0,3,Ocupada,6910.0,Sí
4346,Chiapas,Hombre,89,Rural,Sí,10.0,3,No económicamente activa,0.0,No
4347,Jalisco,Mujer,38,Urbana,No,11.0,2,Ocupada,8480.0,Sí
4348,Coahuila de Zaragoza,Hombre,28,Urbana,No,10.0,2,Ocupada,5260.0,Sí
4349,México,Hombre,21,Rural,No,6.0,3,Ocupada,16820.0,No
4350,México,Hombre,24,Urbana,No,18.0,3,Ocupada,8890.0,Sí
4351,México,Hombre,43,Urbana,No,12.0,1,Ocupada,7010.0,Sí
4352,Hidalgo,Mujer,39,Urbana,No,10.0,1,No económicamente activa,0.0,Sí
4353,Yucatán,Mujer,45,Urbana,Sí,5.0,4,Ocupada,3830.0,No
4354,Ciudad de México,Mujer,31,Urbana,No,16.0,2,Ocupada,33090.0,Sí
4355,Jalisco,Hombre,85,Urbana,No,8.0,3,No económicamente activa,0.0,Sí
4356,México,Hombre,42,Urbana,No,13.0,2,Ocupada,6890.0,Sí
4357,Tamaulipas,Mujer,35,Urbana,No,10.0,4,No económicamente activa,0.0,Sí
4358,Veracruz de Ignacio de la Llave,Hombre,31,Rural,No,10.0,4,Ocupada,6270.0,Sí
4359,Guanajuato,Hombre,56,Urbana,No,9.0,5,Ocupada,,No
4360,Querétaro,Hombre,44,Urbana,No,14.0,1,Ocupada,,Sí
4361,Durango,Hombre,29,Urbana,No,14.0,3,Ocupada,7120.0,Sí
4362,Veracruz de Ignacio de la Llave,Hombre,48,Urbana,No,12.0,4,Ocupada,5320.0,Sí
4363,San Luis Potosí,Mujer,34,Urbana,No,14.0,4,Ocupada,14390.0,Sí
4364,Baja California,Mujer,49,Rural,No,16.0,3,Ocupada,9130.0,Sí
4365,Baja California Sur,Hombre,91,Urbana,No,3.0,1,Ocupada,,Sí
4366,Puebla,Mujer,38,Urbana,No,8.0,4,Ocupada,5710.0,No
4367,Sinaloa,Mujer,50,Rural,No,8.0,3,No económicamente activa,0.0,Sí
4368,Veracruz de Ignacio de la Llave,Hombre,46,Rural,Sí,8.0,8,Ocupada,3020.0,Sí
4369,Guanajuato,Hombre,73,Urbana,No,10.0,1,No económicamente activa,0.0,Sí
4370,Sonora,Hombre,31,Urbana,No,13.0,2,Ocupada,,Sí
4371,México,Mujer,95,Urbana,No,4.0,2,No económicamente activa,0.0,No
4372,Jalisco,Hombre,82,Urbana,No,8.0,3,Ocupada,7160.0,Sí
4373,Sinaloa,Hombre,24,Urbana,No,11.0,3,No económicamente activa,,Sí
4374,Jalisco,Mujer,43,Rural,No,10.0,3,Desocupada,0.0,Sí
4375,Guanajuato,Mujer,75,Rural,No,6.0,7,No económicamente activa,0.0,Sí
4376,Coahuila de Zaragoza,Mujer,57,Urbana,No,13.0,1,Desocupada,,Sí
4377,Ciudad de México,Mujer,31,Urbana,No,15.0,5,Ocupada,12120.0,Sí
4378,Puebla,Mujer,32,Rural,No,6.0,4,Ocupada,3710.0,Sí
4379,Zacatecas,Mujer,74,Rural,No,3.0,3,Ocupada,3700.0,Sí
4380,México,Mujer,77,Urbana,No,8.0,3,No económicamente activa,0.0,Sí
4381,Nuevo León,Hombre,22,Urbana,No,6.0,2,Ocupada,14860.0,Sí
4382,Jalisco,Hombre,34,Urbana,No,,4,No económicamente activa,0.0,No
4383,Chiapas,Mujer,60,Rural,Sí,2.0,4,No económicamente activa,0.0,No
4384,Puebla,Hombre,31,Urbana,No,14.0,4,Ocupada,14470.0,Sí
4385,Chihuahua,Mujer,42,Urbana,No,12.0,4,No económicamente activa,0.0,Sí
4386,Querétaro,Hombre,45,Rural,No,8.0,5,Ocupada,2840.0,Sí
4387,Yucatán,Hombre,39,Urbana,Sí,10.0,4,Ocupada,4460.0,Sí
4388,Hidalgo,Hombre,21,Urbana,No,10.0,3,Ocupada,7460.0,Sí
4389,Querétaro,Hombre,40,Rural,No,10.0,2,Ocupada,3390.0,Sí
4390,Jalisco,Hombre,47,Urbana,No,15.0,6,Ocupada,,Sí
4391,Nuevo León,Hombre,41,Urbana,No,10.0,3,No económicamente activa,0.0,Sí
4392,Sonora,Mujer,56,Urbana,No,12.0,4,Ocupada,14510.0,Sí
4393,Chihuahua,Mujer,16,Urbana,No,10.0,4,No económicamente activa,0.0,Sí
4394,Yucatán,Mujer,18,Urbana,No,12.0,6,No económicamente activa,,Sí
4395,Sinaloa,Hombre,31,Urbana,No,15.0,5,Ocupada,18950.0,Sí
4396,Ciudad de México,Hombre,37,Urbana,No,13.0,3,Ocupada,4060.0,Sí
4397,Veracruz de Ignacio de la Llave,Mujer,23,Urbana,No,9.0,4,No económicamente activa,0.0,Sí
4398,Ciudad de México,Hombre,66,Urbana,No,14.0,2,No económicamente activa,0.0,Sí
4399,Veracruz de Ignacio de la Llave,Mujer,66,Rural,No,5.0,5,No económicamente activa,0.0,Sí
4400,México,Hombre,84,Urbana,No,5.0,1,No económicamente activa,0.0,Sí
4401,San Luis Potosí,Mujer,33,Urbana,No,14.0,5,No económicamente activa,0.0,Sí
4402,Sonora,Hombre,47,Urbana,No,7.0,3,Ocupada,7600.0,Sí
4403,Morelos,Hombre,22,Urbana,No,9.0,5,Ocupada,16720.0,Sí
4404,Nuevo León,Hombre,69,Rural,No,10.0,2,No económicamente activa,0.0,Sí
4405,Veracruz de Ignacio de la Llave,Hombre,67,Urbana,Sí,10.0,3,No económicamente activa,0.0,Sí
4406,Nuevo León,Hombre,37,Urbana,No,12.0,4,Ocupada,3510.0,Sí
4407,Jalisco,Mujer,40,Urbana,No,16.0,5,No económicamente activa,0.0,No
4408,Ciudad de México,Mujer,80,Urbana,No,18.0,4,No económicamente activa,0.0,Sí
4409,Jalisco,Hombre,47,Urbana,No,11.0,4,Ocupada,7870.0,Sí
4410,Guerrero,Hombre,33,Urbana,No,16.0,4,Ocupada,15470.0,Sí
4411,Nuevo León,Hombre,29,Urbana,No,11.0,4,Ocupada,12990.0,Sí
4412,Quintana Roo,Hombre,30,Urbana,No,9.0,1,Ocupada,12190.0,Sí
4413,Nuevo León,Mujer,37,Urbana,No,19.0,3,Ocupada,36960.0,Sí
4414,Ciudad de México,Mujer,40,Urbana,No,17.0,2,Ocupada,9130.0,Sí
4415,Tamaulipas,Mujer,29,Urbana,No,18.0,5,Ocupada,9190.0,Sí
4416,México,Mujer,28,Urbana,No,12.0,4,Ocupada,11510.0,Sí
4417,Oaxaca,Mujer,31,Urbana,Sí,6.0,4,Ocupada,3890.0,Sí
4418,Puebla,Hombre,29,Rural,No,5.0,3,Ocupada,4230.0,Sí
4419,Sinaloa,Hombre,41,Rural,No,9.0,6,Ocupada,9840.0,Sí
4420,Baja California,Hombre,34,Urbana,No,8.0,2,Ocupada,5910.0,Sí
4421,Ciudad de México,Hombre,47,Urbana,No,13.0,2,No económicamente activa,,Sí
4422,Yucatán,Hombre,44,Urbana,No,12.0,2,Ocupada,17860.0,Sí
4423,Coahuila de Zaragoza,Mujer,35,Urbana,No,13.0,4,No económicamente activa,0.0,Sí
4424,Baja California,Hombre,49,Urbana,No,12.0,2,Ocupada,6220.0,Sí
4425,Nuevo León,Mujer,21,Urbana,No,11.0,6,Ocupada,9790.0,Sí
4426,Hidalgo,Mujer,87,Urbana,No,6.0,3,No económicamente activa,0.0,No
4427,Jalisco,Hombre,62,Urbana,No,8.0,10,No económicamente activa,0.0,No
4428,Sonora,Mujer,21,Urbana,No,10.0,3,Ocupada,4260.0,Sí
4429,Veracruz de Ignacio de la Llave,Mujer,30,Urbana,No,10.0,4,Ocupada,3930.0,Sí
4430,Veracruz de Ignacio de la Llave,Hombre,83,Urbana,No,10.0,3,Ocupada,6040.0,Sí
4431,Durango,Mujer,25,Urbana,No,10.0,4,No económicamente activa,0.0,Sí
4432,Oaxaca,Hombre,95,Urbana,No,3.0,4,Ocupada,14010.0,Sí
4433,México,Mujer,35,Urbana,No,10.0,3,Ocupada,12600.0,Sí
4434,Hidalgo,Mujer,40,Rural,No,11.0,5,Ocupada,4770.0,Sí
4435,Baja California,Mujer,70,Urbana,No,8.0,5,No económicamente activa,0.0,Sí
4436,Aguascalientes,Mujer,23,Urbana,No,9.0,1,Ocupada,3670.0,No
4437,Quintana Roo,Mujer,51,Urbana,No,15.0,5,No económicamente activa,0.0,Sí
4438,Puebla,Mujer,39,Urbana,No,12.0,7,No económicamente activa,0.0,Sí
4439,San Luis Potosí,Mujer,40,Rural,No,5.0,4,Ocupada,2580.0,Sí
4440,Oaxaca,Hombre,24,Rural,Sí,4.0,5,Ocupada,6410.0,No
4441,Puebla,Hombre,34,Urbana,No,11.0,3,Ocupada,7370.0,Sí
4442,Jalisco,Hombre,37,Urbana,No,,4,No económicamente activa,0.0,No
4443,Veracruz de Ignacio de la Llave,Mujer,35,Urbana,Sí,13.0,1,Ocupada,9100.0,Sí
4444,Sinaloa,Hombre,41,Rural,No,11.0,1,Ocupada,12720.0,Sí
4445,Coahuila de Zaragoza,Hombre,42,Urbana,No,9.0,5,Ocupada,45990.0,Sí
4446,México,Hombre,61,Urbana,No,9.0,3,Ocupada,11760.0,No
4447,México,Mujer,34,Urbana,No,10.0,2,No económicamente activa,0.0,Sí
4448,Nuevo León,Hombre,33,Urbana,No,14.0,3,Ocupada,10760.0,Sí
4449,Baja California Sur,Mujer,63,Urbana,No,13.0,6,No económicamente activa,0.0,Sí
4450,Durango,Hombre,24,Rural,No,12.0,4,Ocupada,6040.0,Sí
4451,Zacatecas,Mujer,30,Urbana,No,12.0,3,Ocupada,8160.0,Sí
4452,Querétaro,Mujer,22,Urbana,No,8.0,4,Ocupada,7700.0,No
4453,Puebla,Mujer,43,Rural,No,7.0,5,No económicamente activa,0.0,No
4454,Nuevo León,Mujer,35,Urbana,No,15.0,6,No económicamente activa,0.0,Sí
4455,Veracruz de Ignacio de la Llave,Mujer,34,Rural,No,8.0,4,Ocupada,5040.0,Sí
4456,Veracruz de Ignacio de la Llave,Hombre,27,Urbana,No,16.0,4,Ocupada,23570.0,Sí
4457,Veracruz de Ignacio de la Llave,Mujer,95,Rural,No,10.0,6,No económicamente activa,0.0,Sí
4458,México,Mujer,65,Urbana,No,13.0,2,No económicamente activa,0.0,No
4459,Jalisco,Mujer,20,Urbana,No,18.0,4,Ocupada,17720.0,Sí
4460,Michoacán de Ocampo,Mujer,37,Rural,No,11.0,6,Ocupada,5490.0,Sí
4461,Hidalgo,Mujer,22,Urbana,No,9.0,3,No económicamente activa,0.0,Sí
4462,Guanajuato,Mujer,68,Urbana,No,10.0,1,No económicamente activa,0.0,Sí
4463,Jalisco,Mujer,43,Rural,No,8.0,3,No económicamente activa,0.0,Sí
4464,Oaxaca,Mujer,22,Rural,Sí,6.0,8,No económicamente activa,0.0,Sí
4465,Nuevo León,Mujer,74,Urbana,No,7.0,2,No económicamente activa,0.0,Sí
4466,Guanajuato,Mujer,64,Urbana,No,9.0,6,No económicamente activa,0.0,No
4467,Ciudad de México,Mujer,88,Urbana,No,10.0,4,No económicamente activa,0.0,Sí
4468,Puebla,Hombre,43,Rural,Sí,9.0,5,Ocupada,10420.0,Sí
4469,Veracruz de Ignacio de la Llave,Hombre,72,Urbana,No,4.0,5,No económicamente activa,0.0,Sí
4470,Durango,Mujer,19,Urbana,No,12.0,5,No económicamente activa,0.0,Sí
4471,Jalisco,Mujer,35,Urbana,No,6.0,3,No económicamente activa,0.0,Sí
4472,Guanajuato,Mujer,88,Rural,No,5.0,5,No económicamente activa,0.0,Sí
4473,Chihuahua,Hombre,72,Urbana,No,10.0,7,No económicamente activa,0.0,Sí
4474,México,Mujer,37,Urbana,No,11.0,3,Ocupada,4150.0,Sí
4475,Jalisco,Hombre,95,Urbana,No,6.0,4,Ocupada,5340.0,Sí
4476,México,Hombre,37,Urbana,No,15.0,2,No económicamente activa,0.0,Sí
4477,Ciudad de México,Hombre,52,Urbana,No,13.0,3,Ocupada,10520.0,Sí
4478,Michoacán de Ocampo,Hombre,39,Rural,Sí,5.0,5,Ocupada,2880.0,Sí
4479,Baja California,Hombre,81,Urbana,No,11.0,6,Ocupada,9670.0,Sí
4480,Hidalgo,Mujer,45,Urbana,No,13.0,1,Ocupada,16930.0,Sí
4481,Veracruz de Ignacio de la Llave,Hombre,47,Rural,No,5.0,3,Ocupada,3320.0,Sí
4482,Ciudad de México,Mujer,56,Urbana,No,14.0,6,No económicamente activa,0.0,Sí
4483,Ciudad de México,Hombre,15,Urbana,No,10.0,5,Ocupada,10140.0,Sí
4484,Querétaro,Mujer,52,Urbana,No,12.0,6,Ocupada,9200.0,Sí
4485,Jalisco,Hombre,29,Urbana,No,12.0,1,No económicamente activa,0.0,Sí
4486,México,Hombre,34,Urbana,No,9.0,4,Ocupada,9860.0,Sí
4487,Chiapas,Mujer,87,Rural,Sí,4.0,1,No económicamente activa,0.0,Sí
4488,Guanajuato,Hombre,48,Rural,No,6.0,6,Ocupada,2460.0,Sí
4489,Veracruz de Ignacio de la Llave,Hombre,35,Rural,No,5.0,7,Ocupada,2950.0,Sí
4490,Michoacán de Ocampo,Hombre,54,Urbana,No,4.0,4,Ocupada,8580.0,Sí
4491,Sinaloa,Hombre,41,Urbana,No,13.0,6,No económicamente activa,0.0,Sí
4492,Sonora,Mujer,28,Urbana,No,10.0,5,Ocupada,14470.0,Sí
4493,Chiapas,Hombre,66,Urbana,Sí,6.0,2,Ocupada,1910.0,Sí
4494,Puebla,Mujer,29,Urbana,No,12.0,3,No económicamente activa,0.0,Sí
4495,Querétaro,Hombre,49,Urbana,No,14.0,4,Ocupada,11410.0,Sí
4496,Durango,Hombre,85,Urbana,No,9.0,2,Ocupada,3010.0,Sí
4497,Baja California Sur,Hombre,39,Urbana,No,13.0,1,Ocupada,6780.0,Sí
4498,Nayarit,Hombre,36,Urbana,No,8.0,4,Ocupada,4190.0,Sí
4499,Aguascalientes,Hombre,38,Urbana,No,10.0,6,No económicamente activa,0.0,No
4500,México,Mujer,27,Urbana,No,17.0,2,No económicamente activa,0.0,Sí
4501,Baja California,Hombre,50,Urbana,No,11.0,2,Ocupada,12170.0,Sí
4502,Coahuila de Zaragoza,Hombre,45,Urbana,No,10.0,3,Ocupada,11060.0,Sí
4503,México,Mujer,55,Urbana,No,13.0,5,No económicamente activa,0.0,Sí
4504,Jalisco,Mujer,31,Urbana,No,12.0,2,Ocupada,4780.0,Sí
4505,Jalisco,Hombre,66,Urbana,No,9.0,2,Ocupada,4910.0,Sí
4506,Coahuila de Zaragoza,Mujer,34,Rural,No,9.0,2,No económicamente activa,0.0,Sí
4507,México,Mujer,33,Urbana,No,13.0,3,No económicamente activa,0.0,Sí
4508,Chiapas,Mujer,33,Rural,Sí,4.0,4,No económicamente activa,0.0,Sí
4509,Tlaxcala,Mujer,30,Urbana,No,11.0,2,No económicamente activa,0.0,Sí
4510,San Luis Potosí,Mujer,25,Urbana,No,14.0,3,Ocupada,30640.0,Sí
4511,Tabasco,Mujer,35,Rural,No,8.0,5,No económicamente activa,0.0,Sí
4512,Ciudad de México,Mujer,45,Urbana,No,13.0,6,No económicamente activa,0.0,Sí
4513,Puebla,Mujer,39,Rural,No,5.0,5,No económicamente activa,0.0,Sí
4514,Michoacán de Ocampo,Hombre,48,Urbana,No,9.0,3,Ocupada,7540.0,Sí
4515,Sinaloa,Mujer,33,Rural,No,4.0,4,Ocupada,,No
4516,Oaxaca,Hombre,53,Urbana,No,12.0,4,No económicamente activa,0.0,Sí
4517,Veracruz de Ignacio de la Llave,Hombre,34,Rural,No,8.0,4,Ocupada,8850.0,Sí
4518,Guanajuato,Mujer,40,Rural,No,11.0,5,No económicamente activa,0.0,No
4519,Baja California,Hombre,59,Urbana,No,12.0,2,Ocupada,11290.0,Sí
4520,Jalisco,Hombre,29,Rural,No,9.0,2,Ocupada,1900.0,Sí
4521,Jalisco,Mujer,30,Rural,No,8.0,4,No económicamente activa,0.0,Sí
4522,Michoacán de Ocampo,Hombre,29,Urbana,No,9.0,2,Ocupada,5570.0,Sí
4523,Jalisco,Hombre,29,Urbana,No,10.0,2,Ocupada,12670.0,Sí
4524,Quintana Roo,Hombre,92,Urbana,No,8.0,5,No económicamente activa,0.0,Sí
4525,Tlaxcala,Mujer,46,Urbana,No,11.0,4,Ocupada,5520.0,Sí
4526,Guanajuato,Hombre,43,Urbana,No,5.0,7,Ocupada,7430.0,Sí
4527,Oaxaca,Hombre,41,Urbana,No,15.0,6,Ocupada,9530.0,Sí
4528,México,Mujer,47,Urbana,No,14.0,3,Ocupada,33530.0,Sí
4529,Jalisco,Mujer,56,Urbana,No,12.0,7,No económicamente activa,0.0,Sí
4530,México,Hombre,20,Urbana,No,16.0,4,Ocupada,10070.0,Sí
4531,México,Mujer,26,Urbana,No,9.0,3,No económicamente activa,0.0,Sí
4532,Coahuila de Zaragoza,Hombre,46,Urbana,No,9.0,7,Ocupada,4710.0,Sí
4533,Ciudad de México,Hombre,38,Urbana,No,14.0,2,No económicamente activa,0.0,Sí
4534,Colima,Hombre,71,Urbana,No,9.0,3,No económicamente activa,0.0,Sí
4535,Sonora,Hombre,63,Urbana,Sí,11.0,8,Ocupada,10250.0,Sí
4536,México,Mujer,41,Urbana,No,16.0,4,No económicamente activa,0.0,Sí
4537,Nuevo León,Hombre,27,Urbana,No,10.0,1,No económicamente activa,0.0,Sí
4538,Veracruz de Ignacio de la Llave,Hombre,51,Urbana,No,11.0,2,No económicamente activa,0.0,Sí
4539,Campeche,Hombre,67,Urbana,No,12.0,2,No económicamente activa,0.0,No
4540,Ciudad de México,Mujer,20,Urbana,No,10.0,4,No económicamente activa,0.0,No
4541,Morelos,Mujer,55,Urbana,No,11.0,3,Ocupada,9280.0,Sí
4542,Hidalgo,Mujer,21,Urbana,No,6.0,3,Ocupada,9450.0,Sí
4543,Michoacán de Ocampo,Mujer,24,Urbana,No,12.0,3,No económicamente activa,0.0,Sí
4544,Guanajuato,Mujer,58,Urbana,No,5.0,7,No económicamente activa,0.0,Sí
4545,México,Mujer,44,Urbana,No,11.0,3,Ocupada,4500.0,Sí
4546,Ciudad de México,Mujer,75,Urbana,No,19.0,2,No económicamente activa,0.0,Sí
4547,Morelos,Mujer,47,Urbana,No,12.0,4,No económicamente activa,0.0,Sí
4548,México,Hombre,95,Urbana,No,11.0,7,Desocupada,,Sí
4549,Hidalgo,Hombre,29,Urbana,No,7.0,3,No económicamente activa,0.0,Sí
4550,San Luis Potosí,Hombre,23,Urbana,Sí,5.0,8,Ocupada,5240.0,Sí
4551,Ciudad de México,Hombre,31,Urbana,No,13.0,2,Ocupada,6980.0,Sí
4552,Nuevo León,Mujer,63,Urbana,No,13.0,5,No económicamente activa,0.0,Sí
4553,Veracruz de Ignacio de la Llave,Mujer,60,Urbana,Sí,8.0,1,No económicamente activa,0.0,Sí
4554,Chihuahua,Mujer,39,Urbana,No,13.0,6,Desocupada,0.0,Sí
4555,Querétaro,Mujer,69,Urbana,No,15.0,4,No económicamente activa,0.0,Sí
4556,Querétaro,Mujer,34,Urbana,No,11.0,4,Ocupada,11940.0,Sí
4557,Michoacán de Ocampo,Hombre,84,Urbana,No,9.0,1,Ocupada,6820.0,Sí
4558,Tabasco,Hombre,37,Rural,No,6.0,5,Ocupada,2210.0,Sí
4559,Veracruz de Ignacio de la Llave,Hombre,42,Urbana,No,14.0,1,Ocupada,23920.0,Sí
4560,Michoacán de Ocampo,Hombre,49,Urbana,No,10.0,4,Ocupada,12150.0,Sí
4561,México,Hombre,49,Rural,No,17.0,1,No económicamente activa,0.0,Sí
4562,Hidalgo,Mujer,49,Rural,No,7.0,4,Ocupada,3280.0,Sí
4563,México,Hombre,65,Urbana,No,8.0,5,No económicamente activa,0.0,Sí
4564,Nuevo León,Hombre,53,Urbana,No,12.0,3,No económicamente activa,0.0,Sí
4565,Chiapas,Mujer,19,Urbana,No,12.0,4,Ocupada,8170.0,Sí
4566,Puebla,Mujer,33,Rural,No,10.0,6,Ocupada,9270.0,Sí
4567,Campeche,Hombre,22,Urbana,No,8.0,6,Ocupada,11180.0,Sí
4568,Tamaulipas,Mujer,71,Urbana,No,7.0,2,Ocupada,,Sí
4569,Sonora,Hombre,95,Rural,No,8.0,7,No económicamente activa,0.0,Sí
4570,Veracruz de Ignacio de la Llave,Hombre,32,Rural,Sí,0.0,3,Ocupada,5420.0,Sí
4571,Baja California,Mujer,28,Urbana,No,12.0,3,No económicamente activa,0.0,Sí
4572,Puebla,Hombre,81,Urbana,No,11.0,3,No económicamente activa,0.0,Sí
4573,Chiapas,Mujer,44,Rural,Sí,6.0,5,Ocupada,3140.0,Sí
4574,Veracruz de Ignacio de la Llave,Mujer,26,Rural,No,5.0,5,Ocupada,6320.0,Sí
4575,Ciudad de México,Mujer,80,Urbana,No,11.0,4,Ocupada,8060.0,Sí
4576,México,Hombre,23,Urbana,No,11.0,3,Ocupada,4660.0,Sí
4577,Ciudad de México,Hombre,65,Rural,No,10.0,2,Ocupada,,Sí
4578,Puebla,Hombre,82,Urbana,No,11.0,2,Ocupada,4470.0,Sí
4579,Michoacán de Ocampo,Mujer,32,Rural,No,7.0,5,No económicamente activa,0.0,Sí
4580,México,Mujer,36,Urbana,No,14.0,9,No económicamente activa,0.0,Sí
4581,Sinaloa,Mujer,33,Urbana,No,7.0,3,Ocupada,3650.0,Sí
4582,Quintana Roo,Mujer,54,Urbana,No,12.0,2,No económicamente activa,0.0,Sí
4583,México,Hombre,42,Urbana,No,16.0,4,No económicamente activa,0.0,Sí
4584,Nuevo León,Mujer,27,Urbana,No,9.0,3,Ocupada,4510.0,Sí
4585,Michoacán de Ocampo,Mujer,63,Urbana,No,10.0,1,Ocupada,3770.0,Sí
4586,Michoacán de Ocampo,Hombre,30,Urbana,No,15.0,7,Ocupada,4320.0,Sí
4587,Zacatecas,Mujer,23,Rural,No,9.0,5,No económicamente activa,0.0,Sí
4588,Puebla,Hombre,41,Urbana,No,13.0,3,No económicamente activa,0.0,No
4589,México,Mujer,41,Urbana,No,6.0,1,Ocupada,1980.0,Sí
4590,Puebla,Mujer,26,Urbana,No,8.0,6,Ocupada,13410.0,No
4591,México,Mujer,77,Urbana,No,15.0,2,No económicamente activa,0.0,Sí
4592,Chiapas,Mujer,50,Urbana,No,10.0,4,No económicamente activa,0.0,Sí
4593,Michoacán de Ocampo,Mujer,21,Rural,No,8.0,4,Ocupada,5790.0,No
4594,México,Hombre,45,Urbana,No,5.0,6,No económicamente activa,0.0,Sí
4595,México,Hombre,40,Urbana,No,13.0,4,No económicamente activa,0.0,No
4596,Puebla,Hombre,37,Urbana,No,13.0,3,Ocupada,9260.0,Sí
4597,Hidalgo,Hombre,34,Urbana,No,11.0,4,No económicamente activa,0.0,Sí
4598,Chiapas,Mujer,48,Rural,Sí,1.0,5,Ocupada,,Sí
4599,Tamaulipas,Mujer,31,Urbana,No,7.0,3,Ocupada,9240.0,Sí
4600,Coahuila de Zaragoza,Hombre,78,Urbana,No,5.0,5,No económicamente activa,0.0,Sí
4601,Chiapas,Mujer,20,Urbana,Sí,9.0,3,Ocupada,15430.0,Sí
4602,México,Hombre,42,Urbana,No,8.0,2,No económicamente activa,0.0,Sí
4603,Nuevo León,Mujer,40,Urbana,No,10.0,4,Ocupada,8510.0,Sí
4604,Sinaloa,Mujer,42,Urbana,No,11.0,1,No económicamente activa,0.0,Sí
4605,Oaxaca,Mujer,36,Rural,No,15.0,6,Ocupada,3720.0,Sí
4606,Guanajuato,Hombre,41,Rural,No,8.0,6,Ocupada,6260.0,Sí
4607,Sinaloa,Mujer,65,Rural,Sí,8.0,3,No económicamente activa,0.0,Sí
4608,Coahuila de Zaragoza,Hombre,20,Urbana,No,11.0,1,Ocupada,6500.0,Sí
4609,Tlaxcala,Hombre,51,Urbana,Sí,9.0,8,Ocupada,5800.0,Sí
4610,Veracruz de Ignacio de la Llave,Hombre,29,Rural,No,7.0,3,Ocupada,7470.0,Sí
4611,Sonora,Hombre,28,Urbana,No,14.0,4,Ocupada,15260.0,Sí
4612,México,Hombre,74,Urbana,No,19.0,4,Ocupada,15610.0,Sí
4613,México,Hombre,51,Urbana,No,10.0,2,Ocupada,10130.0,Sí
4614,Puebla,Hombre,40,Rural,No,10.0,5,Ocupada,5070.0,Sí
4615,Quintana Roo,Hombre,24,Urbana,No,13.0,3,Ocupada,5450.0,Sí
4616,México,Mujer,34,Urbana,No,12.0,2,Ocupada,10400.0,Sí
4617,Chihuahua,Mujer,37,Urbana,No,6.0,4,No económicamente activa,0.0,Sí
4618,México,Hombre,54,Urbana,No,13.0,4,Ocupada,13730.0,Sí
4619,Ciudad de México,Hombre,35,Urbana,No,16.0,4,Ocupada,13680.0,Sí
4620,México,Hombre,41,Urbana,No,13.0,2,Ocupada,12300.0,Sí
4621,México,Mujer,32,Urbana,No,11.0,5,Ocupada,8430.0,Sí
4622,Chiapas,Hombre,40,Rural,Sí,9.0,3,Ocupada,7040.0,Sí
4623,Veracruz de Ignacio de la Llave,Mujer,38,Rural,No,3.0,4,Ocupada,11990.0,Sí
4624,Michoacán de Ocampo,Mujer,32,Rural,No,4.0,5,Ocupada,5240.0,No
4625,Puebla,Mujer,36,Urbana,No,9.0,2,Ocupada,12270.0,Sí
4626,Zacatecas,Hombre,95,Urbana,No,12.0,2,Ocupada,10190.0,Sí
4627,México,Hombre,38,Urbana,No,9.0,1,Ocupada,4960.0,Sí
4628,México,Mujer,37,Urbana,No,10.0,2,Ocupada,4260.0,Sí
4629,Guanajuato,Hombre,21,Urbana,No,10.0,6,No económicamente activa,0.0,Sí
4630,Jalisco,Hombre,62,Urbana,No,,2,No económicamente activa,0.0,Sí
4631,Puebla,Hombre,27,Rural,No,9.0,5,Ocupada,6550.0,No
4632,Ciudad de México,Mujer,23,Urbana,No,11.0,3,No económicamente activa,0.0,Sí
4633,Ciudad de México,Mujer,18,Urbana,No,7.0,4,Ocupada,11230.0,Sí
4634,México,Hombre,20,Urbana,No,10.0,3,Ocupada,6040.0,Sí
4635,Hidalgo,Hombre,38,Urbana,No,3.0,5,Ocupada,6080.0,Sí
4636,Guerrero,Hombre,80,Rural,No,3.0,6,No económicamente activa,0.0,No
4637,Guanajuato,Mujer,31,Rural,No,11.0,4,No económicamente activa,0.0,Sí
4638,Guerrero,Hombre,42,Urbana,Sí,11.0,2,Ocupada,10480.0,Sí
4639,México,Mujer,27,Urbana,No,14.0,3,No económicamente activa,0.0,No
4640,Chihuahua,Mujer,20,Urbana,No,8.0,4,Ocupada,9480.0,Sí
4641,Michoacán de Ocampo,Mujer,19,Urbana,No,13.0,3,No económicamente activa,0.0,Sí
4642,Chiapas,Hombre,47,Rural,No,7.0,5,Ocupada,12780.0,Sí
4643,Veracruz de Ignacio de la Llave,Mujer,54,Urbana,No,7.0,4,No económicamente activa,0.0,Sí
4644,Guanajuato,Hombre,46,Rural,No,5.0,2,No económicamente activa,0.0,Sí
4645,Oaxaca,Mujer,77,Rural,Sí,7.0,3,Ocupada,2070.0,Sí
4646,Nuevo León,Hombre,72,Urbana,No,12.0,2,Ocupada,13120.0,Sí
4647,Ciudad de México,Hombre,45,Urbana,No,8.0,4,Ocupada,6730.0,Sí
4648,Morelos,Hombre,65,Urbana,No,13.0,3,Ocupada,14260.0,Sí
4649,Nuevo León,Hombre,62,Urbana,No,14.0,11,Ocupada,13920.0,Sí
4650,Morelos,Hombre,25,Urbana,No,12.0,2,Ocupada,11930.0,No
4651,Durango,Hombre,15,Urbana,No,8.0,4,No económicamente activa,0.0,Sí
4652,Nuevo León,Hombre,67,Urbana,No,13.0,4,No económicamente activa,0.0,Sí
4653,Jalisco,Mujer,30,Urbana,No,13.0,4,No económicamente activa,0.0,Sí
4654,Veracruz de Ignacio de la Llave,Hombre,33,Urbana,No,11.0,3,Ocupada,6470.0,Sí
4655,Querétaro,Mujer,21,Urbana,No,16.0,3,No económicamente activa,0.0,No
4656,Nuevo León,Hombre,57,Urbana,No,12.0,3,Ocupada,8150.0,Sí
4657,Ciudad de México,Mujer,36,Urbana,No,12.0,2,Ocupada,17920.0,Sí
4658,México,Mujer,53,Rural,No,8.0,7,Ocupada,3610.0,Sí
4659,México,Mujer,20,Urbana,No,10.0,4,Ocupada,5960.0,Sí
4660,Jalisco,Hombre,27,Urbana,No,13.0,2,No económicamente activa,0.0,Sí
4661,México,Hombre,22,Urbana,No,15.0,6,Ocupada,13650.0,Sí
4662,Coahuila de Zaragoza,Mujer,20,Urbana,No,14.0,3,No económicamente activa,0.0,Sí
4663,México,Mujer,61,Urbana,No,12.0,3,Ocupada,14550.0,Sí
4664,Ciudad de México,Mujer,16,Urbana,No,11.0,3,No económicamente activa,0.0,Sí
4665,Morelos,Hombre,31,Urbana,No,8.0,2,Ocupada,7680.0,Sí
4666,México,Hombre,23,Urbana,No,7.0,4,Ocupada,7500.0,No
4667,Nuevo León,Hombre,36,Urbana,No,13.0,4,No económicamente activa,0.0,Sí
4668,Chiapas,Mujer,44,Rural,Sí,5.0,5,Ocupada,2170.0,Sí
4669,Ciudad de México,Hombre,31,Urbana,No,12.0,2,Ocupada,8720.0,Sí
4670,Chiapas,Mujer,35,Rural,No,10.0,2,Ocupada,4080.0,Sí
4671,Sinaloa,Hombre,45,Urbana,No,9.0,5,Ocupada,5270.0,No
4672,Baja California,Mujer,40,Urbana,No,11.0,3,No económicamente activa,0.0,Sí
4673,México,Mujer,26,Rural,No,9.0,4,No económicamente activa,0.0,Sí
4674,Chihuahua,Hombre,69,Urbana,No,6.0,2,No económicamente activa,0.0,No
4675,Chiapas,Hombre,68,Urbana,No,4.0,3,Ocupada,,Sí
4676,Jalisco,Hombre,67,Urbana,No,9.0,3,Ocupada,4380.0,Sí
4677,Jalisco,Mujer,45,Urbana,No,11.0,3,No económicamente activa,0.0,Sí
4678,Colima,Mujer,28,Urbana,No,12.0,3,Ocupada,7590.0,Sí
4679,Tlaxcala,Mujer,32,Rural,No,9.0,3,Ocupada,2020.0,Sí
4680,México,Mujer,56,Urbana,No,11.0,8,Ocupada,17430.0,No
4681,Ciudad de México,Hombre,21,Urbana,No,14.0,8,Ocupada,12060.0,Sí
4682,México,Mujer,36,Urbana,No,12.0,6,Ocupada,7660.0,Sí
4683,Puebla,Hombre,48,Urbana,No,12.0,2,No económicamente activa,0.0,Sí
4684,Nuevo León,Hombre,21,Urbana,No,17.0,1,Ocupada,9880.0,Sí
4685,Chihuahua,Hombre,47,Urbana,No,7.0,2,Ocupada,5940.0,Sí
4686,Tabasco,Mujer,18,Rural,No,7.0,3,Ocupada,8580.0,Sí
4687,Hidalgo,Mujer,41,Urbana,No,,7,No económicamente activa,0.0,Sí
4688,Baja California,Mujer,50,Urbana,No,11.0,4,No económicamente activa,0.0,Sí
4689,Ciudad de México,Hombre,64,Urbana,No,8.0,3,Ocupada,7410.0,Sí
4690,México,Mujer,63,Urbana,No,14.0,1,Ocupada,12030.0,Sí
4691,Yucatán,Hombre,37,Urbana,Sí,7.0,3,Ocupada,6390.0,Sí
4692,Chihuahua,Mujer,32,Urbana,No,14.0,2,No económicamente activa,0.0,No
4693,Yucatán,Mujer,20,Urbana,No,12.0,6,No económicamente activa,0.0,Sí
4694,Michoacán de Ocampo,Hombre,31,Urbana,No,13.0,4,No económicamente activa,0.0,No
4695,Ciudad de México,Hombre,95,Urbana,No,14.0,1,Ocupada,16250.0,Sí
4696,México,Mujer,18,Urbana,No,11.0,4,No económicamente activa,0.0,No
4697,Hidalgo,Mujer,62,Urbana,No,2.0,5,No económicamente activa,0.0,Sí
4698,Chiapas,Hombre,47,Urbana,No,7.0,5,No económicamente activa,0.0,Sí
4699,Veracruz de Ignacio de la Llave,Hombre,48,Rural,No,3.0,5,Desocupada,0.0,Sí
4700,Hidalgo,Mujer,30,Urbana,No,8.0,3,No económicamente activa,0.0,Sí
4701,Nuevo León,Mujer,23,Urbana,No,9.0,3,Ocupada,9250.0,Sí
4702,Tabasco,Hombre,34,Urbana,No,11.0,2,No económicamente activa,0.0,Sí
4703,Quintana Roo,Hombre,32,Urbana,No,11.0,2,Ocupada,13640.0,Sí
4704,Veracruz de Ignacio de la Llave,Mujer,18,Urbana,No,12.0,1,Ocupada,17940.0,Sí
4705,Ciudad de México,Mujer,69,Urbana,No,12.0,5,No económicamente activa,0.0,Sí
4706,México,Hombre,29,Urbana,No,14.0,3,No económicamente activa,0.0,Sí
4707,Oaxaca,Mujer,42,Rural,Sí,6.0,4,Ocupada,3380.0,Sí
4708,Michoacán de Ocampo,Mujer,26,Rural,No,11.0,4,No económicamente activa,0.0,Sí
4709,Chiapas,Hombre,37,Urbana,Sí,6.0,6,Ocupada,4240.0,Sí
4710,Michoacán de Ocampo,Mujer,33,Urbana,No,8.0,4,No económicamente activa,0.0,Sí
4711,Nuevo León,Mujer,19,Urbana,No,8.0,4,Ocupada,11530.0,Sí
4712,Veracruz de Ignacio de la Llave,Mujer,85,Urbana,No,6.0,4,No económicamente activa,0.0,Sí
4713,Ciudad de México,Hombre,18,Urbana,No,15.0,5,Ocupada,25090.0,Sí
4714,Quintana Roo,Mujer,75,Urbana,No,6.0,6,Ocupada,10270.0,Sí
4715,Michoacán de Ocampo,Hombre,49,Urbana,No,13.0,5,Ocupada,17070.0,Sí
4716,Nuevo León,Mujer,40,Urbana,No,15.0,5,No económicamente activa,,Sí
4717,Nayarit,Mujer,46,Rural,No,12.0,1,No económicamente activa,0.0,Sí
4718,Nayarit,Hombre,44,Urbana,No,13.0,6,Ocupada,16310.0,Sí
4719,Sonora,Hombre,48,Urbana,No,7.0,4,Ocupada,5570.0,Sí
4720,Ciudad de México,Mujer,44,Urbana,No,13.0,3,Ocupada,9110.0,Sí
4721,Nayarit,Mujer,30,Urbana,No,11.0,5,No económicamente activa,0.0,Sí
4722,Veracruz de Ignacio de la Llave,Mujer,29,Urbana,No,17.0,10,Ocupada,10970.0,Sí
4723,Coahuila de Zaragoza,Hombre,54,Urbana,No,14.0,2,Ocupada,17110.0,Sí
4724,Aguascalientes,Hombre,90,Urbana,No,8.0,3,Ocupada,3830.0,Sí
4725,Jalisco,Mujer,35,Urbana,No,6.0,6,No económicamente activa,0.0,No
4726,Puebla,Hombre,50,Urbana,No,11.0,3,No económicamente activa,0.0,Sí
4727,Tabasco,Hombre,68,Urbana,No,9.0,7,No económicamente activa,0.0,No
4728,Chihuahua,Mujer,25,Urbana,No,14.0,2,Ocupada,12660.0,Sí
4729,Oaxaca,Hombre,74,Urbana,No,,4,Ocupada,9870.0,Sí
4730,México,Mujer,36,Urbana,No,15.0,3,Ocupada,12010.0,Sí
4731,Guanajuato,Hombre,42,Rural,No,7.0,5,Ocupada,6770.0,No
4732,Tabasco,Hombre,36,Rural,No,,6,No económicamente activa,0.0,No
4733,Chihuahua,Hombre,50,Urbana,No,7.0,6,Ocupada,7580.0,Sí
4734,Guerrero,Mujer,56,Urbana,No,3.0,4,Ocupada,5510.0,Sí
4735,México,Mujer,26,Urbana,No,17.0,3,Ocupada,9310.0,Sí
4736,Chihuahua,Mujer,60,Urbana,No,16.0,2,Ocupada,8260.0,Sí
4737,Puebla,Hombre,46,Urbana,No,11.0,7,Ocupada,23710.0,Sí
4738,México,Mujer,18,Urbana,No,5.0,2,No económicamente activa,0.0,No
4739,Yucatán,Mujer,36,Urbana,Sí,9.0,3,Ocupada,8700.0,Sí
4740,Sinaloa,Hombre,54,Rural,No,12.0,3,Ocupada,8530.0,Sí
4741,México,Mujer,89,Rural,No,8.0,6,No económicamente activa,0.0,Sí
4742,Jalisco,Mujer,30,Urbana,No,9.0,3,No económicamente activa,0.0,Sí
4743,Ciudad de México,Mujer,66,Urbana,No,11.0,6,No económicamente activa,0.0,Sí
4744,Morelos,Hombre,33,Urbana,No,12.0,2,Ocupada,6210.0,Sí
4745,Sonora,Mujer,56,Urbana,No,13.0,3,Ocupada,,Sí
4746,Campeche,Mujer,77,Rural,Sí,7.0,2,No económicamente activa,0.0,No
4747,Veracruz de Ignacio de la Llave,Mujer,34,Urbana,No,10.0,2,No económicamente activa,0.0,Sí
4748,Morelos,Hombre,37,Urbana,No,,3,Ocupada,6430.0,Sí
4749,Chiapas,Hombre,65,Rural,Sí,6.0,2,No económicamente activa,0.0,Sí
4750,Veracruz de Ignacio de la Llave,Mujer,37,Rural,No,11.0,3,No económicamente activa,0.0,Sí
4751,Veracruz de Ignacio de la Llave,Hombre,30,Urbana,No,16.0,4,Ocupada,14680.0,Sí
4752,Veracruz de Ignacio de la Llave,Hombre,45,Rural,No,7.0,5,Ocupada,6350.0,Sí
4753,Chiapas,Hombre,69,Urbana,No,3.0,1,No económicamente activa,0.0,No
4754,Oaxaca,Hombre,19,Urbana,No,5.0,3,No económicamente activa,0.0,Sí
4755,San Luis Potosí,Hombre,55,Rural,No,11.0,3,Ocupada,4400.0,Sí
4756,Tamaulipas,Mujer,44,Urbana,No,9.0,6,No económicamente activa,0.0,Sí
4757,México,Mujer,53,Urbana,No,13.0,2,No económicamente activa,0.0,Sí
4758,México,Mujer,52,Urbana,No,9.0,4,Ocupada,4860.0,No
4759,Ciudad de México,Mujer,17,Urbana,No,12.0,5,Ocupada,11750.0,Sí
4760,Ciudad de México,Mujer,35,Urbana,No,12.0,3,No económicamente activa,0.0,No
4761,México,Mujer,28,Urbana,No,11.0,4,Ocupada,10010.0,Sí
4762,Zacatecas,Mujer,43,Rural,No,7.0,3,Ocupada,1740.0,Sí
4763,Puebla,Hombre,91,Urbana,No,6.0,2,No económicamente activa,0.0,Sí
4764,Jalisco,Mujer,34,Urbana,No,10.0,3,No económicamente activa,0.0,No
4765,Jalisco,Mujer,29,Urbana,No,10.0,4,Ocupada,6520.0,Sí
4766,Hidalgo,Mujer,40,Urbana,No,9.0,1,No económicamente activa,0.0,Sí
4767,Yucatán,Hombre,39,Urbana,No,15.0,4,Ocupada,13400.0,Sí
4768,Ciudad de México,Mujer,30,Rural,No,14.0,3,No económicamente activa,,Sí
4769,Veracruz de Ignacio de la Llave,Hombre,37,Rural,No,11.0,6,Ocupada,10930.0,Sí
4770,Baja California,Hombre,32,Urbana,No,17.0,2,Ocupada,9530.0,Sí
4771,Chihuahua,Mujer,39,Urbana,No,12.0,3,Ocupada,12610.0,Sí
4772,Hidalgo,Hombre,18,Rural,No,15.0,4,No económicamente activa,0.0,Sí
4773,San Luis Potosí,Hombre,27,Urbana,No,13.0,5,Ocupada,16720.0,Sí
4774,México,Hombre,42,Urbana,No,11.0,5,Ocupada,6430.0,Sí
4775,Guanajuato,Hombre,30,Urbana,No,12.0,4,Ocupada,6580.0,Sí
4776,Tamaulipas,Mujer,69,Urbana,No,10.0,7,No económicamente activa,0.0,Sí
4777,Tamaulipas,Hombre,41,Urbana,No,7.0,3,Ocupada,5830.0,Sí
4778,México,Hombre,26,Urbana,No,12.0,5,Ocupada,5500.0,Sí
4779,Jalisco,Hombre,70,Urbana,No,8.0,1,Ocupada,6740.0,Sí
4780,Oaxaca,Mujer,44,Urbana,No,11.0,1,No económicamente activa,0.0,Sí
4781,Ciudad de México,Hombre,57,Urbana,No,12.0,5,Ocupada,5460.0,No
4782,Chihuahua,Hombre,67,Urbana,No,7.0,3,No económicamente activa,0.0,Sí
4783,Morelos,Hombre,59,Urbana,No,14.0,6,Ocupada,19470.0,Sí
4784,Puebla,Hombre,23,Urbana,No,4.0,1,Ocupada,6050.0,Sí
4785,Aguascalientes,Mujer,58,Urbana,No,8.0,2,No económicamente activa,0.0,Sí
4786,Chiapas,Mujer,64,Urbana,Sí,5.0,5,Ocupada,4100.0,Sí
4787,Yucatán,Mujer,63,Urbana,No,12.0,2,No económicamente activa,,Sí
4788,Hidalgo,Hombre,52,Urbana,No,11.0,4,Ocupada,7030.0,Sí
4789,México,Hombre,47,Rural,No,10.0,6,No económicamente activa,0.0,Sí
4790,Guanajuato,Mujer,42,Rural,No,10.0,3,No económicamente activa,0.0,Sí
4791,Morelos,Mujer,91,Urbana,No,8.0,5,No económicamente activa,0.0,Sí
4792,Chihuahua,Hombre,36,Urbana,No,7.0,5,No económicamente activa,0.0,Sí
4793,Zacatecas,Mujer,64,Urbana,No,9.0,4,Ocupada,11590.0,Sí
4794,Michoacán de Ocampo,Mujer,26,Urbana,No,11.0,1,No económicamente activa,0.0,Sí
4795,Michoacán de Ocampo,Mujer,24,Rural,Sí,11.0,7,Ocupada,7040.0,Sí
4796,México,Mujer,16,Urbana,No,6.0,7,Ocupada,4830.0,Sí
4797,Nuevo León,Mujer,38,Urbana,No,15.0,5,No económicamente activa,0.0,Sí
4798,Querétaro,Hombre,42,Rural,No,10.0,7,Ocupada,2750.0,Sí
4799,Guanajuato,Mujer,74,Urbana,No,6.0,3,Ocupada,6190.0,No
4800,Tamaulipas,Hombre,32,Urbana,No,10.0,8,Ocupada,7750.0,Sí
4801,México,Mujer,29,Urbana,No,9.0,3,No económicamente activa,0.0,No
4802,Guanajuato,Mujer,42,Rural,No,8.0,7,Ocupada,9040.0,Sí
4803,Veracruz de Ignacio de la Llave,Mujer,41,Urbana,No,10.0,3,No económicamente activa,0.0,No
4804,Nayarit,Hombre,54,Rural,No,10.0,2,No económicamente activa,0.0,Sí
4805,Hidalgo,Hombre,27,Urbana,Sí,9.0,3,Ocupada,18390.0,Sí
4806,Zacatecas,Mujer,28,Urbana,No,10.0,7,No económicamente activa,0.0,No
4807,Coahuila de Zaragoza,Hombre,34,Urbana,No,5.0,3,Ocupada,14470.0,Sí
4808,Aguascalientes,Mujer,42,Urbana,No,16.0,3,No económicamente activa,0.0,Sí
4809,Chihuahua,Hombre,58,Urbana,No,8.0,7,Desocupada,0.0,Sí
4810,Baja California,Hombre,24,Urbana,No,10.0,4,Ocupada,4810.0,No
4811,Ciudad de México,Hombre,29,Urbana,No,12.0,4,Ocupada,11480.0,Sí
4812,Nuevo León,Hombre,59,Urbana,No,13.0,1,Ocupada,14090.0,Sí
4813,Guerrero,Hombre,48,Urbana,No,9.0,3,Ocupada,7240.0,Sí
4814,Michoacán de Ocampo,Hombre,19,Urbana,No,8.0,4,No económicamente activa,0.0,Sí
4815,Ciudad de México,Mujer,34,Urbana,No,14.0,4,No económicamente activa,0.0,Sí
4816,Querétaro,Mujer,37,Urbana,No,14.0,1,No económicamente activa,0.0,Sí
4817,Ciudad de México,Mujer,94,Urbana,No,10.0,4,No económicamente activa,0.0,Sí
4818,Tamaulipas,Mujer,76,Urbana,No,10.0,2,No económicamente activa,0.0,Sí
4819,Puebla,Hombre,32,Rural,No,5.0,5,No económicamente activa,0.0,Sí
4820,Chiapas,Mujer,24,Urbana,No,11.0,3,Ocupada,10300.0,Sí
4821,Aguascalientes,Mujer,23,Urbana,No,15.0,3,No económicamente activa,0.0,Sí
4822,México,Hombre,55,Urbana,No,7.0,2,Desocupada,0.0,No
4823,Chiapas,Hombre,35,Rural,No,9.0,2,Ocupada,11980.0,Sí
4824,Veracruz de Ignacio de la Llave,Hombre,35,Urbana,No,12.0,6,Ocupada,14450.0,Sí
4825,Puebla,Mujer,58,Urbana,No,11.0,4,Ocupada,12160.0,Sí
4826,Baja California,Mujer,23,Urbana,No,12.0,3,No económicamente activa,0.0,Sí
4827,México,Hombre,26,Urbana,No,8.0,4,Ocupada,6440.0,Sí
4828,Chiapas,Hombre,84,Urbana,No,4.0,7,No económicamente activa,0.0,Sí
4829,Ciudad de México,Hombre,45,Urbana,No,11.0,4,Ocupada,8050.0,Sí
4830,Tamaulipas,Mujer,33,Urbana,No,,8,Ocupada,6780.0,No
4831,Sonora,Mujer,55,Urbana,No,16.0,1,Ocupada,14160.0,Sí
4832,Jalisco,Mujer,25,Rural,No,12.0,6,No económicamente activa,0.0,Sí
4833,Hidalgo,Hombre,31,Rural,No,7.0,7,No económicamente activa,0.0,No
4834,Sonora,Mujer,26,Urbana,No,8.0,5,Ocupada,7720.0,Sí
4835,México,Hombre,57,Urbana,No,13.0,4,No económicamente activa,,No
4836,Jalisco,Mujer,47,Urbana,No,11.0,2,Ocupada,13920.0,Sí
4837,Colima,Hombre,39,Urbana,No,5.0,4,Ocupada,9990.0,No
4838,Veracruz de Ignacio de la Llave,Hombre,35,Urbana,No,8.0,5,Ocupada,8850.0,Sí
4839,Morelos,Mujer,20,Urbana,No,17.0,2,Ocupada,7520.0,Sí
4840,Guerrero,Mujer,40,Rural,No,2.0,4,No económicamente activa,0.0,Sí
4841,Durango,Mujer,30,Urbana,No,14.0,3,Ocupada,,Sí
4842,Veracruz de Ignacio de la Llave,Hombre,40,Urbana,No,10.0,4,Ocupada,3250.0,Sí
4843,México,Mujer,47,Urbana,No,14.0,4,Ocupada,7660.0,Sí
4844,Morelos,Hombre,31,Urbana,No,10.0,3,Ocupada,4050.0,Sí
4845,Tlaxcala,Hombre,82,Rural,No,5.0,3,Ocupada,3790.0,Sí
4846,Sonora,Hombre,34,Urbana,No,12.0,2,No económicamente activa,0.0,Sí
4847,Morelos,Hombre,49,Urbana,No,9.0,2,No económicamente activa,0.0,Sí
4848,Veracruz de Ignacio de la Llave,Mujer,34,Urbana,No,10.0,6,No económicamente activa,0.0,Sí
4849,México,Hombre,45,Urbana,No,10.0,6,No económicamente activa,0.0,Sí
4850,México,Mujer,41,Urbana,No,13.0,3,No económicamente activa,0.0,No
4851,Nuevo León,Hombre,32,Urbana,No,9.0,3,No económicamente activa,0.0,Sí
4852,Guanajuato,Mujer,40,Urbana,No,13.0,3,Ocupada,13630.0,No
4853,Chiapas,Mujer,77,Urbana,Sí,7.0,4,No económicamente activa,0.0,Sí
4854,Nuevo León,Hombre,29,Urbana,No,12.0,3,Ocupada,29330.0,Sí
4855,Veracruz de Ignacio de la Llave,Hombre,49,Rural,No,9.0,2,Ocupada,3530.0,Sí
4856,Zacatecas,Mujer,41,Rural,No,9.0,2,Ocupada,3700.0,Sí
4857,Puebla,Hombre,31,Rural,Sí,7.0,3,Ocupada,4180.0,Sí
4858,Hidalgo,Hombre,32,Urbana,No,12.0,3,Ocupada,6680.0,Sí
4859,México,Hombre,65,Urbana,No,4.0,4,Ocupada,3920.0,No
4860,México,Mujer,32,Urbana,No,12.0,4,No económicamente activa,,Sí
4861,Veracruz de Ignacio de la Llave,Hombre,23,Urbana,No,10.0,1,Ocupada,5640.0,Sí
4862,Ciudad de México,Mujer,47,Urbana,No,17.0,2,No económicamente activa,0.0,Sí
4863,Ciudad de México,Mujer,50,Urbana,No,12.0,3,Ocupada,6400.0,Sí
4864,Ciudad de México,Mujer,63,Urbana,No,13.0,5,Ocupada,8090.0,Sí
4865,Sonora,Mujer,45,Urbana,No,14.0,6,No económicamente activa,0.0,Sí
4866,Tamaulipas,Hombre,26,Urbana,No,7.0,2,Ocupada,4640.0,Sí
4867,Sonora,Mujer,69,Urbana,No,6.0,2,No económicamente activa,0.0,Sí
4868,Coahuila de Zaragoza,Hombre,45,Rural,No,13.0,4,Ocupada,6530.0,Sí
4869,Ciudad de México,Mujer,95,Urbana,No,7.0,3,Ocupada,5340.0,Sí
4870,Guanajuato,Hombre,27,Urbana,No,15.0,5,Ocupada,34140.0,Sí
4871,Nayarit,Hombre,21,Urbana,No,10.0,4,Ocupada,2460.0,Sí
4872,Chiapas,Mujer,81,Rural,Sí,0.0,4,No económicamente activa,0.0,No
4873,Colima,Hombre,42,Urbana,No,14.0,2,Ocupada,5460.0,Sí
4874,México,Mujer,24,Urbana,No,9.0,3,No económicamente activa,0.0,No
4875,Guanajuato,Mujer,88,Urbana,No,7.0,4,Desocupada,0.0,Sí
4876,Oaxaca,Hombre,29,Rural,No,4.0,5,Ocupada,3070.0,Sí
4877,Durango,Hombre,21,Rural,Sí,13.0,5,No económicamente activa,0.0,Sí
4878,Jalisco,Mujer,48,Rural,No,9.0,4,No económicamente activa,0.0,Sí
4879,Guanajuato,Mujer,79,Rural,No,5.0,3,No económicamente activa,0.0,Sí
4880,Oaxaca,Hombre,38,Urbana,No,8.0,4,Ocupada,6640.0,Sí
4881,Morelos,Hombre,39,Urbana,No,13.0,4,Ocupada,5120.0,No
4882,Oaxaca,Hombre,52,Rural,Sí,6.0,5,Ocupada,7470.0,No
4883,Hidalgo,Mujer,37,Urbana,No,10.0,5,Ocupada,14200.0,Sí
4884,México,Hombre,32,Urbana,No,12.0,2,Ocupada,7290.0,No
4885,México,Hombre,24,Rural,No,13.0,4,Ocupada,5240.0,Sí
4886,Veracruz de Ignacio de la Llave,Hombre,20,Urbana,No,5.0,5,Ocupada,13000.0,No
4887,México,Hombre,55,Urbana,No,11.0,5,No económicamente activa,,No
4888,Chihuahua,Hombre,71,Rural,No,8.0,2,No económicamente activa,0.0,Sí
4889,Sonora,Hombre,28,Urbana,No,9.0,1,Ocupada,12630.0,Sí
4890,Chihuahua,Hombre,74,Urbana,Sí,12.0,2,No económicamente activa,0.0,Sí
4891,Oaxaca,Mujer,28,Rural,Sí,11.0,9,Ocupada,3850.0,Sí
4892,México,Hombre,42,Rural,No,10.0,5,Ocupada,6740.0,Sí
4893,Nuevo León,Mujer,22,Urbana,No,8.0,5,Ocupada,10860.0,Sí
4894,Tlaxcala,Mujer,95,Urbana,No,10.0,6,No económicamente activa,0.0,Sí
4895,México,Hombre,33,Urbana,No,13.0,2,No económicamente activa,0.0,Sí
4896,San Luis Potosí,Mujer,54,Urbana,No,11.0,3,No económicamente activa,0.0,No
4897,Veracruz de Ignacio de la Llave,Mujer,51,Urbana,No,10.0,3,Ocupada,6560.0,Sí
4898,Chihuahua,Mujer,23,Urbana,No,15.0,2,Ocupada,7040.0,Sí
4899,Coahuila de Zaragoza,Mujer,35,Urbana,No,15.0,2,Ocupada,6930.0,Sí
4900,Guanajuato,Mujer,30,Rural,No,8.0,2,No económicamente activa,0.0,No
4901,Jalisco,Hombre,38,Urbana,No,15.0,2,Ocupada,8330.0,Sí
4902,Chihuahua,Hombre,54,Urbana,Sí,5.0,1,Ocupada,10680.0,Sí
4903,Morelos,Hombre,31,Rural,No,7.0,2,Ocupada,3140.0,No
4904,Oaxaca,Hombre,24,Rural,Sí,5.0,5,Ocupada,9330.0,Sí
4905,Aguascalientes,Hombre,86,Urbana,No,6.0,5,No económicamente activa,0.0,Sí
4906,Tlaxcala,Mujer,20,Urbana,No,9.0,3,Ocupada,6230.0,Sí
4907,Sinaloa,Mujer,40,Rural,No,9.0,3,Ocupada,9320.0,Sí
4908,Tabasco,Mujer,34,Urbana,No,13.0,3,No económicamente activa,0.0,Sí
4909,Ciudad de México,Mujer,34,Urbana,No,15.0,4,No económicamente activa,0.0,Sí
4910,Chihuahua,Hombre,58,Urbana,No,6.0,4,Ocupada,4070.0,Sí
4911,Guanajuato,Hombre,59,Urbana,No,12.0,4,Ocupada,11200.0,Sí
4912,Ciudad de México,Hombre,54,Urbana,No,7.0,1,Ocupada,,Sí
4913,Querétaro,Mujer,17,Urbana,No,12.0,2,No económicamente activa,0.0,Sí
4914,Jalisco,Mujer,83,Urbana,No,8.0,5,Desocupada,0.0,Sí
4915,Chiapas,Hombre,68,Rural,No,9.0,2,Ocupada,4410.0,Sí
4916,Guanajuato,Mujer,30,Urbana,No,13.0,3,No económicamente activa,0.0,Sí
4917,Tamaulipas,Hombre,39,Urbana,No,13.0,6,Ocupada,12330.0,Sí
4918,Jalisco,Mujer,69,Urbana,No,4.0,4,No económicamente activa,0.0,Sí
4919,Puebla,Hombre,25,Rural,Sí,8.0,1,Ocupada,7280.0,No
4920,Veracruz de Ignacio de la Llave,Hombre,50,Urbana,No,10.0,3,Ocupada,5410.0,Sí
4921,Sonora,Mujer,40,Urbana,No,,2,No económicamente activa,,Sí
4922,Sinaloa,Hombre,60,Urbana,No,13.0,3,Ocupada,7380.0,Sí
4923,México,Mujer,18,Urbana,No,10.0,1,No económicamente activa,0.0,Sí
4924,Baja California,Hombre,55,Urbana,No,13.0,4,Ocupada,14650.0,Sí
4925,Nuevo León,Mujer,38,Urbana,No,11.0,5,No económicamente activa,0.0,Sí
4926,Nuevo León,Hombre,24,Urbana,No,13.0,2,Ocupada,14040.0,Sí
4927,Coahuila de Zaragoza,Hombre,17,Urbana,No,7.0,2,No económicamente activa,0.0,Sí
4928,Nuevo León,Mujer,47,Urbana,No,10.0,4,Ocupada,10460.0,Sí
4929,Quintana Roo,Mujer,46,Urbana,Sí,12.0,2,No económicamente activa,0.0,Sí
4930,Jalisco,Hombre,41,Urbana,No,11.0,1,Ocupada,3060.0,Sí
4931,Nuevo León,Hombre,42,Urbana,No,14.0,3,Ocupada,20420.0,Sí
4932,Tamaulipas,Mujer,55,Urbana,No,8.0,4,Ocupada,6330.0,Sí
4933,Nuevo León,Mujer,18,Urbana,No,13.0,3,Ocupada,6780.0,Sí
4934,México,Hombre,26,Urbana,No,10.0,1,Ocupada,6980.0,Sí
4935,Tabasco,Hombre,69,Rural,No,14.0,6,Ocupada,12870.0,Sí
4936,Michoacán de Ocampo,Mujer,29,Urbana,No,9.0,2,No económicamente activa,0.0,Sí
4937,Guanajuato,Mujer,31,Rural,No,13.0,6,Desocupada,0.0,Sí
4938,Puebla,Hombre,59,Rural,No,3.0,5,Desocupada,0.0,Sí
4939,Zacatecas,Hombre,59,Rural,Sí,10.0,6,Ocupada,4100.0,Sí
4940,Hidalgo,Hombre,86,Rural,No,2.0,4,No económicamente activa,0.0,No
4941,Oaxaca,Hombre,23,Rural,Sí,5.0,6,No económicamente activa,0.0,Sí
4942,Zacatecas,Mujer,20,Urbana,No,16.0,4,No económicamente activa,0.0,No
4943,Veracruz de Ignacio de la Llave,Hombre,24,Rural,No,5.0,4,No económicamente activa,0.0,No
4944,Jalisco,Mujer,16,Urbana,No,11.0,3,No económicamente activa,0.0,Sí
4945,Puebla,Mujer,60,Urbana,No,11.0,4,Ocupada,11500.0,Sí
4946,Quintana Roo,Hombre,61,Urbana,No,14.0,5,Ocupada,14660.0,Sí
4947,San Luis Potosí,Hombre,62,Urbana,No,9.0,3,No económicamente activa,0.0,No
4948,México,Mujer,32,Rural,No,8.0,1,No económicamente activa,0.0,Sí
4949,Chiapas,Mujer,46,Rural,Sí,0.0,1,Ocupada,3910.0,Sí
4950,Puebla,Hombre,54,Urbana,No,9.0,2,Ocupada,7640.0,Sí
4951,Guerrero,Mujer,44,Urbana,Sí,9.0,5,No económicamente activa,0.0,No
4952,Coahuila de Zaragoza,Hombre,34,Urbana,No,13.0,1,Ocupada,6780.0,Sí
4953,Nuevo León,Hombre,41,Urbana,No,12.0,2,Ocupada,4550.0,Sí
4954,Hidalgo,Hombre,26,Urbana,No,11.0,2,Ocupada,10600.0,Sí
4955,México,Mujer,44,Urbana,No,11.0,3,Ocupada,7210.0,Sí
4956,Tamaulipas,Hombre,45,Urbana,No,6.0,3,No económicamente activa,0.0,Sí
4957,Jalisco,Hombre,48,Rural,No,9.0,3,Ocupada,3660.0,Sí
4958,Nayarit,Mujer,21,Rural,No,13.0,5,Ocupada,11130.0,No
4959,Quintana Roo,Mujer,33,Urbana,No,6.0,6,No económicamente activa,0.0,Sí
4960,Puebla,Mujer,30,Rural,No,10.0,4,Ocupada,6380.0,Sí
4961,México,Mujer,18,Urbana,No,9.0,3,Ocupada,5600.0,Sí
4962,Baja California Sur,Hombre,24,Urbana,No,10.0,3,No económicamente activa,0.0,Sí
4963,Chiapas,Hombre,29,Urbana,No,12.0,3,No económicamente activa,0.0,Sí
4964,Puebla,Hombre,34,Urbana,No,16.0,2,Ocupada,,No
4965,Hidalgo,Hombre,26,Urbana,No,12.0,4,Ocupada,20140.0,Sí
4966,Ciudad de México,Hombre,32,Urbana,No,16.0,1,Ocupada,8560.0,Sí
4967,Baja California,Mujer,19,Urbana,No,8.0,4,Desocupada,0.0,Sí
4968,Guanajuato,Hombre,62,Urbana,No,11.0,4,Ocupada,10000.0,Sí
4969,Durango,Mujer,54,Urbana,No,11.0,4,Ocupada,16260.0,Sí
4970,Guerrero,Hombre,39,Rural,No,9.0,3,Ocupada,4040.0,Sí
4971,Querétaro,Hombre,65,Urbana,No,12.0,7,Ocupada,10400.0,Sí
4972,Ciudad de México,Hombre,72,Urbana,No,9.0,5,Ocupada,4180.0,Sí
4973,Sonora,Mujer,56,Urbana,No,11.0,5,No económicamente activa,0.0,Sí
4974,Hidalgo,Hombre,54,Urbana,No,9.0,2,Ocupada,16780.0,Sí
4975,Veracruz de Ignacio de la Llave,Mujer,27,Urbana,No,7.0,4,Ocupada,7260.0,Sí
4976,Jalisco,Mujer,62,Urbana,No,6.0,5,Ocupada,6130.0,Sí
4977,Chiapas,Mujer,63,Urbana,No,8.0,4,No económicamente activa,0.0,Sí
4978,Tabasco,Hombre,57,Urbana,No,12.0,2,Ocupada,10150.0,Sí
4979,Tamaulipas,Hombre,17,Urbana,No,10.0,5,Ocupada,12360.0,Sí
4980,México,Mujer,24,Urbana,No,11.0,5,Ocupada,3240.0,Sí
4981,Guanajuato,Mujer,58,Urbana,No,6.0,6,Ocupada,9930.0,Sí
4982,Chiapas,Mujer,37,Urbana,Sí,12.0,6,Ocupada,8920.0,Sí
4983,Nuevo León,Mujer,70,Urbana,No,10.0,4,No económicamente activa,0.0,Sí
4984,Tamaulipas,Hombre,43,Urbana,No,11.0,2,Ocupada,5810.0,No
4985,Guanajuato,Mujer,27,Urbana,No,13.0,4,Ocupada,17920.0,Sí
4986,Tlaxcala,Hombre,22,Rural,No,6.0,5,Ocupada,4580.0,Sí
4987,Zacatecas,Hombre,26,Urbana,No,12.0,2,No económicamente activa,0.0,Sí
4988,México,Mujer,50,Urbana,No,13.0,5,Ocupada,14780.0,Sí
4989,Chiapas,Hombre,51,Rural,Sí,12.0,5,Ocupada,9640.0,Sí
4990,Tamaulipas,Mujer,40,Rural,No,6.0,4,No económicamente activa,0.0,No
4991,Jalisco,Hombre,18,Urbana,No,8.0,3,No económicamente activa,0.0,Sí
4992,Ciudad de México,Mujer,47,Urbana,No,21.0,5,Ocupada,15460.0,Sí
4993,Guanajuato,Mujer,67,Urbana,No,8.0,1,No económicamente activa,0.0,Sí
4994,Sonora,Mujer,31,Urbana,No,13.0,5,No económicamente activa,0.0,Sí
4995,Oaxaca,Hombre,27,Urbana,Sí,5.0,3,Ocupada,6820.0,Sí
4996,Quintana Roo,Mujer,52,Rural,Sí,4.0,10,Ocupada,5950.0,Sí
4997,Nayarit,Mujer,41,Urbana,No,14.0,6,Ocupada,4980.0,Sí
4998,Puebla,Mujer,34,Urbana,No,16.0,6,No económicamente activa,0.0,Sí
4999,México,Mujer,58,Urbana,Sí,10.0,2,Ocupada,20270.0,Sí
5000,Chiapas,Mujer,19,Rural,Sí,1.0,8,Ocupada,8250.0,Sí
